"locus_id","study_unit_id","dataset_family_id","record_id","paper_url","name","chromosome","start_bp","end_bp","trait","method","reported_assembly","original_coordinate","coordinate_uncertainty","hcm_hits","favorable_allele_or_donor","effect_direction","population","population_size","resistant_parent","susceptible_parent","growth_habit","country_region","publication_year","audit_status","primary","exclusion_reason","lifecycle_event_ids"
"LR-2026-JAMESTOWN-1B-352-355","SU-2026-JAMESTOWN-1B-FINEMAP","DF-JAMESTOWN-PJT-1B","PMID:42222011","https://pmc.ncbi.nlm.nih.gov/articles/PMC13219567/","QFHB.vt-1B.1 / Jamestown 1B FHB QTL","1B","352000000","355000000","Type II/severity","published recombinant-defined physical interval","IWGSC RefSeq v1.1","3 Mb region between 352 and 355 Mb on chromosome 1B","Rounded Mb boundaries; exact marker gene spans are 352,389,744–352,393,541 and 355,155,044–355,157,167 bp. Abstract says v1.0, while methods explicitly use v1.1.","","Jamestown via PJT_74","Jamestown allele reduces PSS and DON","PJT_62 × PJT_74 high-resolution population","475","PJT_74 (Jamestown allele)","PJT_62 (Pioneer Brand 25R47 allele)","soft red winter wheat","Eastern United States","2026","coordinate_checked","false","Pending coordinate harmonization and independent second review",""
"LR-2023-CARBERRY-Qfhb-spa-1A","SU-2023-CARBERRY-ACC-775","DF-CARBERRY-ACCADILLAC","PMID:37284725","https://pmc.ncbi.nlm.nih.gov/articles/PMC10241073/","Qfhb.spa-1A","1A","","","composite index","marker-defined; physical interval pending marker alignment","not reported for locus interval","No author-reported QTL physical interval in main locus table","Peak marker(s) only; candidate-gene proximity in Table 8 must not be used as QTL boundaries","","Carberry","resistance allele reduces FHB response","Carberry × AC Cadillac","775","Carberry for several major loci; locus-specific","AC Cadillac, which also contributes resistance at several loci","spring wheat","Western Canada","2023","supplement_extracted","false","Pending coordinate harmonization and independent second review",""
"LR-2023-CARBERRY-Qfhb-spa-1B","SU-2023-CARBERRY-ACC-775","DF-CARBERRY-ACCADILLAC","PMID:37284725","https://pmc.ncbi.nlm.nih.gov/articles/PMC10241073/","Qfhb.spa-1B","1B","","","composite index","marker-defined; physical interval pending marker alignment","not reported for locus interval","No author-reported QTL physical interval in main locus table","Peak marker(s) only; candidate-gene proximity in Table 8 must not be used as QTL boundaries","","AC Cadillac","resistance allele reduces FHB response","Carberry × AC Cadillac","775","Carberry for several major loci; locus-specific","AC Cadillac, which also contributes resistance at several loci","spring wheat","Western Canada","2023","supplement_extracted","false","Pending coordinate harmonization and independent second review",""
"LR-2023-CARBERRY-Qfhb-spa-2A","SU-2023-CARBERRY-ACC-775","DF-CARBERRY-ACCADILLAC","PMID:37284725","https://pmc.ncbi.nlm.nih.gov/articles/PMC10241073/","Qfhb.spa-2A","2A","","","composite index","marker-defined; physical interval pending marker alignment","not reported for locus interval","No author-reported QTL physical interval in main locus table","Peak marker(s) only; candidate-gene proximity in Table 8 must not be used as QTL boundaries","","Carberry","resistance allele reduces FHB response","Carberry × AC Cadillac","775","Carberry for several major loci; locus-specific","AC Cadillac, which also contributes resistance at several loci","spring wheat","Western Canada","2023","supplement_extracted","false","Pending coordinate harmonization and independent second review",""
"LR-2023-CARBERRY-Qfhb-spa-2B","SU-2023-CARBERRY-ACC-775","DF-CARBERRY-ACCADILLAC","PMID:37284725","https://pmc.ncbi.nlm.nih.gov/articles/PMC10241073/","Qfhb.spa-2B","2B","","","composite index","marker-defined; physical interval pending marker alignment","not reported for locus interval","No author-reported QTL physical interval in main locus table","Peak marker(s) only; candidate-gene proximity in Table 8 must not be used as QTL boundaries","","AC Cadillac","resistance allele reduces FHB response","Carberry × AC Cadillac","775","Carberry for several major loci; locus-specific","AC Cadillac, which also contributes resistance at several loci","spring wheat","Western Canada","2023","supplement_extracted","false","Pending coordinate harmonization and independent second review",""
"LR-2023-CARBERRY-Qfhb-spa-3A-1","SU-2023-CARBERRY-ACC-775","DF-CARBERRY-ACCADILLAC","PMID:37284725","https://pmc.ncbi.nlm.nih.gov/articles/PMC10241073/","Qfhb.spa-3A.1","3A","","","composite index","marker-defined; physical interval pending marker alignment","not reported for locus interval","No author-reported QTL physical interval in main locus table","Peak marker(s) only; candidate-gene proximity in Table 8 must not be used as QTL boundaries","","AC Cadillac","resistance allele reduces FHB response","Carberry × AC Cadillac","775","Carberry for several major loci; locus-specific","AC Cadillac, which also contributes resistance at several loci","spring wheat","Western Canada","2023","supplement_extracted","false","Pending coordinate harmonization and independent second review",""
"LR-2023-CARBERRY-Qfhb-spa-3A-2","SU-2023-CARBERRY-ACC-775","DF-CARBERRY-ACCADILLAC","PMID:37284725","https://pmc.ncbi.nlm.nih.gov/articles/PMC10241073/","Qfhb.spa-3A.2","3A","","","Type II/severity","marker-defined; physical interval pending marker alignment","not reported for locus interval","No author-reported QTL physical interval in main locus table","Peak marker(s) only; candidate-gene proximity in Table 8 must not be used as QTL boundaries","","Carberry","resistance allele reduces FHB response","Carberry × AC Cadillac","775","Carberry for several major loci; locus-specific","AC Cadillac, which also contributes resistance at several loci","spring wheat","Western Canada","2023","supplement_extracted","false","Pending coordinate harmonization and independent second review",""
"LR-2023-CARBERRY-Qfhb-spa-3B-1","SU-2023-CARBERRY-ACC-775","DF-CARBERRY-ACCADILLAC","PMID:37284725","https://pmc.ncbi.nlm.nih.gov/articles/PMC10241073/","Qfhb.spa-3B.1","3B","","","composite index","marker-defined; physical interval pending marker alignment","not reported for locus interval","No author-reported QTL physical interval in main locus table","Peak marker(s) only; candidate-gene proximity in Table 8 must not be used as QTL boundaries","","Carberry","resistance allele reduces FHB response","Carberry × AC Cadillac","775","Carberry for several major loci; locus-specific","AC Cadillac, which also contributes resistance at several loci","spring wheat","Western Canada","2023","supplement_extracted","false","Pending coordinate harmonization and independent second review",""
"LR-2023-CARBERRY-Qfhb-spa-4A","SU-2023-CARBERRY-ACC-775","DF-CARBERRY-ACCADILLAC","PMID:37284725","https://pmc.ncbi.nlm.nih.gov/articles/PMC10241073/","Qfhb.spa-4A","4A","","","composite index","marker-defined; physical interval pending marker alignment","not reported for locus interval","No author-reported QTL physical interval in main locus table","Peak marker(s) only; candidate-gene proximity in Table 8 must not be used as QTL boundaries","","AC Cadillac","resistance allele reduces FHB response","Carberry × AC Cadillac","775","Carberry for several major loci; locus-specific","AC Cadillac, which also contributes resistance at several loci","spring wheat","Western Canada","2023","supplement_extracted","false","Pending coordinate harmonization and independent second review",""
"LR-2023-CARBERRY-Qfhb-spa-4B","SU-2023-CARBERRY-ACC-775","DF-CARBERRY-ACCADILLAC","PMID:37284725","https://pmc.ncbi.nlm.nih.gov/articles/PMC10241073/","Qfhb.spa-4B","4B","","","composite index","marker-defined; physical interval pending marker alignment","not reported for locus interval","No author-reported QTL physical interval in main locus table","Peak marker(s) only; candidate-gene proximity in Table 8 must not be used as QTL boundaries","","AC Cadillac","resistance allele reduces FHB response","Carberry × AC Cadillac","775","Carberry for several major loci; locus-specific","AC Cadillac, which also contributes resistance at several loci","spring wheat","Western Canada","2023","supplement_extracted","false","Pending coordinate harmonization and independent second review",""
"LR-2023-CARBERRY-Qfhb-spa-5A-1","SU-2023-CARBERRY-ACC-775","DF-CARBERRY-ACCADILLAC","PMID:37284725","https://pmc.ncbi.nlm.nih.gov/articles/PMC10241073/","Qfhb.spa-5A.1","5A","","","composite index","marker-defined; physical interval pending marker alignment","not reported for locus interval","No author-reported QTL physical interval in main locus table","Peak marker(s) only; candidate-gene proximity in Table 8 must not be used as QTL boundaries","","Carberry","resistance allele reduces FHB response","Carberry × AC Cadillac","775","Carberry for several major loci; locus-specific","AC Cadillac, which also contributes resistance at several loci","spring wheat","Western Canada","2023","supplement_extracted","false","Pending coordinate harmonization and independent second review",""
"LR-2023-CARBERRY-Qfhb-spa-5A-2","SU-2023-CARBERRY-ACC-775","DF-CARBERRY-ACCADILLAC","PMID:37284725","https://pmc.ncbi.nlm.nih.gov/articles/PMC10241073/","Qfhb.spa-5A.2","5A","","","composite index","marker-defined; physical interval pending marker alignment","not reported for locus interval","No author-reported QTL physical interval in main locus table","Peak marker(s) only; candidate-gene proximity in Table 8 must not be used as QTL boundaries","","AC Cadillac","resistance allele reduces FHB response","Carberry × AC Cadillac","775","Carberry for several major loci; locus-specific","AC Cadillac, which also contributes resistance at several loci","spring wheat","Western Canada","2023","supplement_extracted","false","Pending coordinate harmonization and independent second review",""
"LR-2023-CARBERRY-Qfhb-spa-5A-3","SU-2023-CARBERRY-ACC-775","DF-CARBERRY-ACCADILLAC","PMID:37284725","https://pmc.ncbi.nlm.nih.gov/articles/PMC10241073/","Qfhb.spa-5A.3","5A","","","composite index","marker-defined; physical interval pending marker alignment","not reported for locus interval","No author-reported QTL physical interval in main locus table","Peak marker(s) only; candidate-gene proximity in Table 8 must not be used as QTL boundaries","","AC Cadillac","resistance allele reduces FHB response","Carberry × AC Cadillac","775","Carberry for several major loci; locus-specific","AC Cadillac, which also contributes resistance at several loci","spring wheat","Western Canada","2023","supplement_extracted","false","Pending coordinate harmonization and independent second review",""
"LR-2023-CARBERRY-Qfhb-spa-6A","SU-2023-CARBERRY-ACC-775","DF-CARBERRY-ACCADILLAC","PMID:37284725","https://pmc.ncbi.nlm.nih.gov/articles/PMC10241073/","Qfhb.spa-6A","6A","","","Type II/severity","marker-defined; physical interval pending marker alignment","not reported for locus interval","No author-reported QTL physical interval in main locus table","Peak marker(s) only; candidate-gene proximity in Table 8 must not be used as QTL boundaries","","AC Cadillac","resistance allele reduces FHB response","Carberry × AC Cadillac","775","Carberry for several major loci; locus-specific","AC Cadillac, which also contributes resistance at several loci","spring wheat","Western Canada","2023","supplement_extracted","false","Pending coordinate harmonization and independent second review",""
"LR-2023-CARBERRY-Qfhb-spa-6B","SU-2023-CARBERRY-ACC-775","DF-CARBERRY-ACCADILLAC","PMID:37284725","https://pmc.ncbi.nlm.nih.gov/articles/PMC10241073/","Qfhb.spa-6B","6B","","","Type I/incidence","marker-defined; physical interval pending marker alignment","not reported for locus interval","No author-reported QTL physical interval in main locus table","Peak marker(s) only; candidate-gene proximity in Table 8 must not be used as QTL boundaries","","AC Cadillac","resistance allele reduces FHB response","Carberry × AC Cadillac","775","Carberry for several major loci; locus-specific","AC Cadillac, which also contributes resistance at several loci","spring wheat","Western Canada","2023","supplement_extracted","false","Pending coordinate harmonization and independent second review",""
"LR-2023-CARBERRY-Qfhb-spa-7A","SU-2023-CARBERRY-ACC-775","DF-CARBERRY-ACCADILLAC","PMID:37284725","https://pmc.ncbi.nlm.nih.gov/articles/PMC10241073/","Qfhb.spa-7A","7A","","","composite index","marker-defined; physical interval pending marker alignment","not reported for locus interval","No author-reported QTL physical interval in main locus table","Peak marker(s) only; candidate-gene proximity in Table 8 must not be used as QTL boundaries","","AC Cadillac","resistance allele reduces FHB response","Carberry × AC Cadillac","775","Carberry for several major loci; locus-specific","AC Cadillac, which also contributes resistance at several loci","spring wheat","Western Canada","2023","supplement_extracted","false","Pending coordinate harmonization and independent second review",""
"LR-2023-CARBERRY-Qfhb-spa-7B","SU-2023-CARBERRY-ACC-775","DF-CARBERRY-ACCADILLAC","PMID:37284725","https://pmc.ncbi.nlm.nih.gov/articles/PMC10241073/","Qfhb.spa-7B","7B","","","Type I/incidence","marker-defined; physical interval pending marker alignment","not reported for locus interval","No author-reported QTL physical interval in main locus table","Peak marker(s) only; candidate-gene proximity in Table 8 must not be used as QTL boundaries","","AC Cadillac","resistance allele reduces FHB response","Carberry × AC Cadillac","775","Carberry for several major loci; locus-specific","AC Cadillac, which also contributes resistance at several loci","spring wheat","Western Canada","2023","supplement_extracted","false","Pending coordinate harmonization and independent second review",""
"LR-2023-CARBERRY-Qfhb-spa-7D","SU-2023-CARBERRY-ACC-775","DF-CARBERRY-ACCADILLAC","PMID:37284725","https://pmc.ncbi.nlm.nih.gov/articles/PMC10241073/","Qfhb.spa-7D","7D","","","composite index","marker-defined; physical interval pending marker alignment","not reported for locus interval","No author-reported QTL physical interval in main locus table","Peak marker(s) only; candidate-gene proximity in Table 8 must not be used as QTL boundaries","","Carberry","resistance allele reduces FHB response","Carberry × AC Cadillac","775","Carberry for several major loci; locus-specific","AC Cadillac, which also contributes resistance at several loci","spring wheat","Western Canada","2023","supplement_extracted","false","Pending coordinate harmonization and independent second review",""
"LR-2022-NMBU-Qfhb-nmbu-1A-1","SU-2022-NMBU-NORDIC-GWAS","DF-NMBU-NORDIC-SPRING-300","PMID:35597885","https://pmc.ncbi.nlm.nih.gov/articles/PMC9271104/","Qfhb.nmbu.1A.1","1A","9000000","46000000","visual FHB + DON/Type III","author-defined physical QTL region from linked significant MTAs","IWGSC RefSeq v1.0","1A:9–46 Mb (author-defined region)","Region bounds are outer significant-marker positions/LD-defined display bounds, not a biparental recombination confidence interval","hcmQTL-1","Complete and European panels","favorable haplotypes reduce corrected FHB and/or DON; locus-specific allele details remain in supplement","NMBU spring wheat panel","300","not applicable","not applicable","spring wheat","Norway with trials in Canada and Austria; broad international germplasm","2022","analysis_ready","true","",""
"LR-2022-NMBU-Qfhb-nmbu-1A-2","SU-2022-NMBU-NORDIC-GWAS","DF-NMBU-NORDIC-SPRING-300","PMID:35597885","https://pmc.ncbi.nlm.nih.gov/articles/PMC9271104/","Qfhb.nmbu.1A.2","1A","520000000","590000000","visual FHB + DON/Type III","author-defined physical QTL region from linked significant MTAs","IWGSC RefSeq v1.0","1A:520–590 Mb (author-defined region)","Region bounds are outer significant-marker positions/LD-defined display bounds, not a biparental recombination confidence interval","hcmQTL-3|hcmQTL-4","Complete panel","favorable haplotypes reduce corrected FHB and/or DON; locus-specific allele details remain in supplement","NMBU spring wheat panel","300","not applicable","not applicable","spring wheat","Norway with trials in Canada and Austria; broad international germplasm","2022","analysis_ready","true","",""
"LR-2022-NMBU-Qfhb-nmbu-3A-1","SU-2022-NMBU-NORDIC-GWAS","DF-NMBU-NORDIC-SPRING-300","PMID:35597885","https://pmc.ncbi.nlm.nih.gov/articles/PMC9271104/","Qfhb.nmbu.3A.1","3A","683000000","738000000","visual FHB + DON/Type III","author-defined physical QTL region from linked significant MTAs","IWGSC RefSeq v1.0","3A:683–738 Mb (author-defined region)","Region bounds are outer significant-marker positions/LD-defined display bounds, not a biparental recombination confidence interval","","Complete and European panels","favorable haplotypes reduce corrected FHB and/or DON; locus-specific allele details remain in supplement","NMBU spring wheat panel","300","not applicable","not applicable","spring wheat","Norway with trials in Canada and Austria; broad international germplasm","2022","analysis_ready","true","",""
"LR-2022-NMBU-Qfhb-nmbu-3B-1","SU-2022-NMBU-NORDIC-GWAS","DF-NMBU-NORDIC-SPRING-300","PMID:35597885","https://pmc.ncbi.nlm.nih.gov/articles/PMC9271104/","Qfhb.nmbu.3B.1","3B","7000000","9000000","visual FHB + DON/Type III","author-defined physical QTL region from linked significant MTAs","IWGSC RefSeq v1.0","3B:7–9 Mb (author-defined region)","Region bounds are outer significant-marker positions/LD-defined display bounds, not a biparental recombination confidence interval","hcmQTL-29|hcmQTL-30","Complete panel","favorable haplotypes reduce corrected FHB and/or DON; locus-specific allele details remain in supplement","NMBU spring wheat panel","300","not applicable","not applicable","spring wheat","Norway with trials in Canada and Austria; broad international germplasm","2022","analysis_ready","true","",""
"LR-2022-NMBU-Qfhb-nmbu-4A-1","SU-2022-NMBU-NORDIC-GWAS","DF-NMBU-NORDIC-SPRING-300","PMID:35597885","https://pmc.ncbi.nlm.nih.gov/articles/PMC9271104/","Qfhb.nmbu.4A.1","4A","537000000","607000000","visual FHB + DON/Type III","author-defined physical QTL region from linked significant MTAs","IWGSC RefSeq v1.0","4A:537–607 Mb (author-defined region)","Region bounds are outer significant-marker positions/LD-defined display bounds, not a biparental recombination confidence interval","hcmQTL-33|hcmQTL-34","Complete panel","favorable haplotypes reduce corrected FHB and/or DON; locus-specific allele details remain in supplement","NMBU spring wheat panel","300","not applicable","not applicable","spring wheat","Norway with trials in Canada and Austria; broad international germplasm","2022","analysis_ready","true","",""
"LR-2022-NMBU-Qfhb-nmbu-4A-2","SU-2022-NMBU-NORDIC-GWAS","DF-NMBU-NORDIC-SPRING-300","PMID:35597885","https://pmc.ncbi.nlm.nih.gov/articles/PMC9271104/","Qfhb.nmbu.4A.2","4A","721000000","743000000","visual FHB + DON/Type III","author-defined physical QTL region from linked significant MTAs","IWGSC RefSeq v1.0","4A:721–743 Mb (author-defined region)","Region bounds are outer significant-marker positions/LD-defined display bounds, not a biparental recombination confidence interval","hcmQTL-37","Complete and European panels","favorable haplotypes reduce corrected FHB and/or DON; locus-specific allele details remain in supplement","NMBU spring wheat panel","300","not applicable","not applicable","spring wheat","Norway with trials in Canada and Austria; broad international germplasm","2022","analysis_ready","true","",""
"LR-2022-NMBU-Qfhb-nmbu-4B-1","SU-2022-NMBU-NORDIC-GWAS","DF-NMBU-NORDIC-SPRING-300","PMID:35597885","https://pmc.ncbi.nlm.nih.gov/articles/PMC9271104/","Qfhb.nmbu.4B.1","4B","527000000","609000000","visual FHB + DON/Type III","author-defined physical QTL region from linked significant MTAs","IWGSC RefSeq v1.0","4B:527–609 Mb (author-defined region)","Region bounds are outer significant-marker positions/LD-defined display bounds, not a biparental recombination confidence interval","","European panel","favorable haplotypes reduce corrected FHB and/or DON; locus-specific allele details remain in supplement","NMBU spring wheat panel","300","not applicable","not applicable","spring wheat","Norway with trials in Canada and Austria; broad international germplasm","2022","analysis_ready","true","",""
"LR-2022-NMBU-Qfhb-nmbu-5A-1","SU-2022-NMBU-NORDIC-GWAS","DF-NMBU-NORDIC-SPRING-300","PMID:35597885","https://pmc.ncbi.nlm.nih.gov/articles/PMC9271104/","Qfhb.nmbu.5A.1","5A","480000000","552000000","visual FHB + DON/Type III","author-defined physical QTL region from linked significant MTAs","IWGSC RefSeq v1.0","5A:480–552 Mb (author-defined region)","Region bounds are outer significant-marker positions/LD-defined display bounds, not a biparental recombination confidence interval","","Complete and European panels","favorable haplotypes reduce corrected FHB and/or DON; locus-specific allele details remain in supplement","NMBU spring wheat panel","300","not applicable","not applicable","spring wheat","Norway with trials in Canada and Austria; broad international germplasm","2022","analysis_ready","true","",""
"LR-2022-NMBU-Qfhb-nmbu-6A-1","SU-2022-NMBU-NORDIC-GWAS","DF-NMBU-NORDIC-SPRING-300","PMID:35597885","https://pmc.ncbi.nlm.nih.gov/articles/PMC9271104/","Qfhb.nmbu.6A.1","6A","450000000","531000000","visual FHB + DON/Type III","author-defined physical QTL region from linked significant MTAs","IWGSC RefSeq v1.0","6A:450–531 Mb (author-defined region)","Region bounds are outer significant-marker positions/LD-defined display bounds, not a biparental recombination confidence interval Table–prose locus-number mismatch is retained as an audit flag.","","Complete and European panels","favorable haplotypes reduce corrected FHB and/or DON; locus-specific allele details remain in supplement","NMBU spring wheat panel","300","not applicable","not applicable","spring wheat","Norway with trials in Canada and Austria; broad international germplasm","2022","second_reviewed_excluded_primary","false","Main Table 3 and Results text assign the 6A locus number inconsistently; retained for display but excluded from primary overlap analysis",""
"LR-2022-NMBU-Qfhb-nmbu-6A-2","SU-2022-NMBU-NORDIC-GWAS","DF-NMBU-NORDIC-SPRING-300","PMID:35597885","https://pmc.ncbi.nlm.nih.gov/articles/PMC9271104/","Qfhb.nmbu.6A.2","6A","608000000","609000000","visual FHB + DON/Type III","author-defined physical QTL region from linked significant MTAs","IWGSC RefSeq v1.0","6A:608–609 Mb (author-defined region)","Region bounds are outer significant-marker positions/LD-defined display bounds, not a biparental recombination confidence interval Table–prose locus-number mismatch is retained as an audit flag.","","Complete and European panels","favorable haplotypes reduce corrected FHB and/or DON; locus-specific allele details remain in supplement","NMBU spring wheat panel","300","not applicable","not applicable","spring wheat","Norway with trials in Canada and Austria; broad international germplasm","2022","analysis_ready","true","",""
"LR-2022-NMBU-Qfhb-nmbu-6B-1","SU-2022-NMBU-NORDIC-GWAS","DF-NMBU-NORDIC-SPRING-300","PMID:35597885","https://pmc.ncbi.nlm.nih.gov/articles/PMC9271104/","Qfhb.nmbu.6B.1","6B","630000000","688000000","visual FHB + DON/Type III","author-defined physical QTL region from linked significant MTAs","IWGSC RefSeq v1.0","6B:630–688 Mb (author-defined region)","Region bounds are outer significant-marker positions/LD-defined display bounds, not a biparental recombination confidence interval","hcmQTL-65","Complete and European panels","favorable haplotypes reduce corrected FHB and/or DON; locus-specific allele details remain in supplement","NMBU spring wheat panel","300","not applicable","not applicable","spring wheat","Norway with trials in Canada and Austria; broad international germplasm","2022","analysis_ready","true","",""
"LR-2022-NMBU-Qfhb-nmbu-7A-1","SU-2022-NMBU-NORDIC-GWAS","DF-NMBU-NORDIC-SPRING-300","PMID:35597885","https://pmc.ncbi.nlm.nih.gov/articles/PMC9271104/","Qfhb.nmbu.7A.1","7A","120000000","129000000","visual FHB + DON/Type III","author-defined physical QTL region from linked significant MTAs","IWGSC RefSeq v1.0","7A:120–129 Mb (author-defined region)","Region bounds are outer significant-marker positions/LD-defined display bounds, not a biparental recombination confidence interval","hcmQTL-67","Complete and European panels","favorable haplotypes reduce corrected FHB and/or DON; locus-specific allele details remain in supplement","NMBU spring wheat panel","300","not applicable","not applicable","spring wheat","Norway with trials in Canada and Austria; broad international germplasm","2022","analysis_ready","true","",""
"LR-2022-NMBU-Qfhb-nmbu-7A-2","SU-2022-NMBU-NORDIC-GWAS","DF-NMBU-NORDIC-SPRING-300","PMID:35597885","https://pmc.ncbi.nlm.nih.gov/articles/PMC9271104/","Qfhb.nmbu.7A.2","7A","670000000","710000000","visual FHB + DON/Type III","author-defined physical QTL region from linked significant MTAs","IWGSC RefSeq v1.0","7A:670–710 Mb (author-defined region)","Region bounds are outer significant-marker positions/LD-defined display bounds, not a biparental recombination confidence interval","hcmQTL-69|hcmQTL-70","Complete and European panels","favorable haplotypes reduce corrected FHB and/or DON; locus-specific allele details remain in supplement","NMBU spring wheat panel","300","not applicable","not applicable","spring wheat","Norway with trials in Canada and Austria; broad international germplasm","2022","analysis_ready","true","",""
"LR-2023-SHDW-7A-116113239-DON-Type-III-1","SU-2023-CIMMYT-SHDW-GWAS","DF-CIMMYT-SHDW-194","PMID:37259061","https://pmc.ncbi.nlm.nih.gov/articles/PMC10230752/","wsnp_Ex_c40247_47349166","7A","116113239","116113239","DON/Type III","author-reported peak-SNP physical position","IWGSC RefSeq v1.0","7A:116,113,239 bp peak SNP","Point marker only. The paper's ±100-kb candidate-gene window is not treated as a QTL or LD confidence interval.","","SHDW panel allele; donor accession not resolved in main table","reported allele effect; direction requires allele table","194 SHDW accessions plus six checks","194","not applicable","not applicable","spring wheat","CIMMYT-derived germplasm evaluated at Elora, Ontario, Canada","2023","main_table_subset_only","false","Paper reports 52 MTAs; main Table 2 is a selected subset. Excluded until the complete MTA list is reconstructed and second-reviewed.",""
"LR-2023-SHDW-2B-65114016-DON-Type-III-1","SU-2023-CIMMYT-SHDW-GWAS","DF-CIMMYT-SHDW-194","PMID:37259061","https://pmc.ncbi.nlm.nih.gov/articles/PMC10230752/","Excalibur_rep_c105343_349","2B","65114016","65114016","DON/Type III","author-reported peak-SNP physical position","IWGSC RefSeq v1.0","2B:65,114,016 bp peak SNP","Point marker only. The paper's ±100-kb candidate-gene window is not treated as a QTL or LD confidence interval.","","SHDW panel allele; donor accession not resolved in main table","reported allele effect; direction requires allele table","194 SHDW accessions plus six checks","194","not applicable","not applicable","spring wheat","CIMMYT-derived germplasm evaluated at Elora, Ontario, Canada","2023","main_table_subset_only","false","Paper reports 52 MTAs; main Table 2 is a selected subset. Excluded until the complete MTA list is reconstructed and second-reviewed.",""
"LR-2023-SHDW-3B-7066858-DON-Type-III-1","SU-2023-CIMMYT-SHDW-GWAS","DF-CIMMYT-SHDW-194","PMID:37259061","https://pmc.ncbi.nlm.nih.gov/articles/PMC10230752/","wsnp_Ex_c22683_31887799","3B","7066858","7066858","DON/Type III","author-reported peak-SNP physical position","IWGSC RefSeq v1.0","3B:7,066,858 bp peak SNP","Point marker only. The paper's ±100-kb candidate-gene window is not treated as a QTL or LD confidence interval.","","SHDW panel allele; donor accession not resolved in main table","reported allele effect; direction requires allele table","194 SHDW accessions plus six checks","194","not applicable","not applicable","spring wheat","CIMMYT-derived germplasm evaluated at Elora, Ontario, Canada","2023","main_table_subset_only","false","Paper reports 52 MTAs; main Table 2 is a selected subset. Excluded until the complete MTA list is reconstructed and second-reviewed.",""
"LR-2023-SHDW-4B-488676151-DON-Type-III-1","SU-2023-CIMMYT-SHDW-GWAS","DF-CIMMYT-SHDW-194","PMID:37259061","https://pmc.ncbi.nlm.nih.gov/articles/PMC10230752/","Tdurum_contig54548_1924","4B","488676151","488676151","DON/Type III","author-reported peak-SNP physical position","IWGSC RefSeq v1.0","4B:488,676,151 bp peak SNP","Point marker only. The paper's ±100-kb candidate-gene window is not treated as a QTL or LD confidence interval.","","SHDW panel allele; donor accession not resolved in main table","reported allele effect; direction requires allele table","194 SHDW accessions plus six checks","194","not applicable","not applicable","spring wheat","CIMMYT-derived germplasm evaluated at Elora, Ontario, Canada","2023","main_table_subset_only","false","Paper reports 52 MTAs; main Table 2 is a selected subset. Excluded until the complete MTA list is reconstructed and second-reviewed.",""
"LR-2023-SHDW-6B-715704861-DON-Type-III-1","SU-2023-CIMMYT-SHDW-GWAS","DF-CIMMYT-SHDW-194","PMID:37259061","https://pmc.ncbi.nlm.nih.gov/articles/PMC10230752/","CAP12_c731_102","6B","715704861","715704861","DON/Type III","author-reported peak-SNP physical position","IWGSC RefSeq v1.0","6B:715,704,861 bp peak SNP","Point marker only. The paper's ±100-kb candidate-gene window is not treated as a QTL or LD confidence interval.","","SHDW panel allele; donor accession not resolved in main table","reported allele effect; direction requires allele table","194 SHDW accessions plus six checks","194","not applicable","not applicable","spring wheat","CIMMYT-derived germplasm evaluated at Elora, Ontario, Canada","2023","main_table_subset_only","false","Paper reports 52 MTAs; main Table 2 is a selected subset. Excluded until the complete MTA list is reconstructed and second-reviewed.",""
"LR-2023-SHDW-2B-666650024-FDK-Type-IV-1","SU-2023-CIMMYT-SHDW-GWAS","DF-CIMMYT-SHDW-194","PMID:37259061","https://pmc.ncbi.nlm.nih.gov/articles/PMC10230752/","BobWhite_rep_c64679_73","2B","666650024","666650024","FDK/Type IV","author-reported peak-SNP physical position","IWGSC RefSeq v1.0","2B:666,650,024 bp peak SNP","Point marker only. The paper's ±100-kb candidate-gene window is not treated as a QTL or LD confidence interval.","","SHDW panel allele; donor accession not resolved in main table","reported allele effect; direction requires allele table","194 SHDW accessions plus six checks","194","not applicable","not applicable","spring wheat","CIMMYT-derived germplasm evaluated at Elora, Ontario, Canada","2023","main_table_subset_only","false","Paper reports 52 MTAs; main Table 2 is a selected subset. Excluded until the complete MTA list is reconstructed and second-reviewed.",""
"LR-2023-SHDW-3B-750138040-FDK-Type-IV-1","SU-2023-CIMMYT-SHDW-GWAS","DF-CIMMYT-SHDW-194","PMID:37259061","https://pmc.ncbi.nlm.nih.gov/articles/PMC10230752/","Tdurum_contig51386_128","3B","750138040","750138040","FDK/Type IV","author-reported peak-SNP physical position","IWGSC RefSeq v1.0","3B:750,138,040 bp peak SNP","Point marker only. The paper's ±100-kb candidate-gene window is not treated as a QTL or LD confidence interval.","","SHDW panel allele; donor accession not resolved in main table","reported allele effect; direction requires allele table","194 SHDW accessions plus six checks","194","not applicable","not applicable","spring wheat","CIMMYT-derived germplasm evaluated at Elora, Ontario, Canada","2023","main_table_subset_only","false","Paper reports 52 MTAs; main Table 2 is a selected subset. Excluded until the complete MTA list is reconstructed and second-reviewed.",""
"LR-2023-SHDW-1A-514137547-FDK-Type-IV-1","SU-2023-CIMMYT-SHDW-GWAS","DF-CIMMYT-SHDW-194","PMID:37259061","https://pmc.ncbi.nlm.nih.gov/articles/PMC10230752/","wsnp_Ex_c1997_3756118","1A","514137547","514137547","FDK/Type IV","author-reported peak-SNP physical position","IWGSC RefSeq v1.0","1A:514,137,547 bp peak SNP","Point marker only. The paper's ±100-kb candidate-gene window is not treated as a QTL or LD confidence interval.","","SHDW panel allele; donor accession not resolved in main table","reported allele effect; direction requires allele table","194 SHDW accessions plus six checks","194","not applicable","not applicable","spring wheat","CIMMYT-derived germplasm evaluated at Elora, Ontario, Canada","2023","main_table_subset_only","false","Paper reports 52 MTAs; main Table 2 is a selected subset. Excluded until the complete MTA list is reconstructed and second-reviewed.",""
"LR-2023-SHDW-4A-713522996-FDK-Type-IV-1","SU-2023-CIMMYT-SHDW-GWAS","DF-CIMMYT-SHDW-194","PMID:37259061","https://pmc.ncbi.nlm.nih.gov/articles/PMC10230752/","Tdurum_contig10482_110","4A","713522996","713522996","FDK/Type IV","author-reported peak-SNP physical position","IWGSC RefSeq v1.0","4A:713,522,996 bp peak SNP","Point marker only. The paper's ±100-kb candidate-gene window is not treated as a QTL or LD confidence interval.","","SHDW panel allele; donor accession not resolved in main table","reported allele effect; direction requires allele table","194 SHDW accessions plus six checks","194","not applicable","not applicable","spring wheat","CIMMYT-derived germplasm evaluated at Elora, Ontario, Canada","2023","main_table_subset_only","false","Paper reports 52 MTAs; main Table 2 is a selected subset. Excluded until the complete MTA list is reconstructed and second-reviewed.",""
"LR-2023-SHDW-3B-4150864-FDK-Type-IV-1","SU-2023-CIMMYT-SHDW-GWAS","DF-CIMMYT-SHDW-194","PMID:37259061","https://pmc.ncbi.nlm.nih.gov/articles/PMC10230752/","Tdurum_contig49804_392","3B","4150864","4150864","FDK/Type IV","author-reported peak-SNP physical position","IWGSC RefSeq v1.0","3B:4,150,864 bp peak SNP","Point marker only. The paper's ±100-kb candidate-gene window is not treated as a QTL or LD confidence interval.","","SHDW panel allele; donor accession not resolved in main table","reported allele effect; direction requires allele table","194 SHDW accessions plus six checks","194","not applicable","not applicable","spring wheat","CIMMYT-derived germplasm evaluated at Elora, Ontario, Canada","2023","main_table_subset_only","false","Paper reports 52 MTAs; main Table 2 is a selected subset. Excluded until the complete MTA list is reconstructed and second-reviewed.",""
"LR-2023-SHDW-5B-669897740-FDK-Type-IV-1","SU-2023-CIMMYT-SHDW-GWAS","DF-CIMMYT-SHDW-194","PMID:37259061","https://pmc.ncbi.nlm.nih.gov/articles/PMC10230752/","RAC875_c62400_639","5B","669897740","669897740","FDK/Type IV","author-reported peak-SNP physical position","IWGSC RefSeq v1.0","5B:669,897,740 bp peak SNP","Point marker only. The paper's ±100-kb candidate-gene window is not treated as a QTL or LD confidence interval.","","SHDW panel allele; donor accession not resolved in main table","reported allele effect; direction requires allele table","194 SHDW accessions plus six checks","194","not applicable","not applicable","spring wheat","CIMMYT-derived germplasm evaluated at Elora, Ontario, Canada","2023","main_table_subset_only","false","Paper reports 52 MTAs; main Table 2 is a selected subset. Excluded until the complete MTA list is reconstructed and second-reviewed.",""
"LR-2023-SHDW-3D-477639282-FDK-Type-IV-1","SU-2023-CIMMYT-SHDW-GWAS","DF-CIMMYT-SHDW-194","PMID:37259061","https://pmc.ncbi.nlm.nih.gov/articles/PMC10230752/","BobWhite_c36455_205","3D","477639282","477639282","FDK/Type IV","author-reported peak-SNP physical position","IWGSC RefSeq v1.0","3D:477,639,282 bp peak SNP","Point marker only. The paper's ±100-kb candidate-gene window is not treated as a QTL or LD confidence interval.","","SHDW panel allele; donor accession not resolved in main table","reported allele effect; direction requires allele table","194 SHDW accessions plus six checks","194","not applicable","not applicable","spring wheat","CIMMYT-derived germplasm evaluated at Elora, Ontario, Canada","2023","main_table_subset_only","false","Paper reports 52 MTAs; main Table 2 is a selected subset. Excluded until the complete MTA list is reconstructed and second-reviewed.",""
"LR-2023-SHDW-1A-544054450-Type-I-incidence-1","SU-2023-CIMMYT-SHDW-GWAS","DF-CIMMYT-SHDW-194","PMID:37259061","https://pmc.ncbi.nlm.nih.gov/articles/PMC10230752/","wsnp_CAP11_c1815_982483","1A","544054450","544054450","Type I/incidence","author-reported peak-SNP physical position","IWGSC RefSeq v1.0","1A:544,054,450 bp peak SNP","Point marker only. The paper's ±100-kb candidate-gene window is not treated as a QTL or LD confidence interval.","","SHDW panel allele; donor accession not resolved in main table","reported allele effect; direction requires allele table","194 SHDW accessions plus six checks","194","not applicable","not applicable","spring wheat","CIMMYT-derived germplasm evaluated at Elora, Ontario, Canada","2023","main_table_subset_only","false","Paper reports 52 MTAs; main Table 2 is a selected subset. Excluded until the complete MTA list is reconstructed and second-reviewed.",""
"LR-2023-SHDW-5A-86661890-composite-index-1","SU-2023-CIMMYT-SHDW-GWAS","DF-CIMMYT-SHDW-194","PMID:37259061","https://pmc.ncbi.nlm.nih.gov/articles/PMC10230752/","RAC875_c52338_1019","5A","86661890","86661890","composite index","author-reported peak-SNP physical position","IWGSC RefSeq v1.0","5A:86,661,890 bp peak SNP","Point marker only. The paper's ±100-kb candidate-gene window is not treated as a QTL or LD confidence interval.","","SHDW panel allele; donor accession not resolved in main table","reported allele effect; direction requires allele table","194 SHDW accessions plus six checks","194","not applicable","not applicable","spring wheat","CIMMYT-derived germplasm evaluated at Elora, Ontario, Canada","2023","main_table_subset_only","false","Paper reports 52 MTAs; main Table 2 is a selected subset. Excluded until the complete MTA list is reconstructed and second-reviewed.",""
"LR-2023-SHDW-5A-390366984-composite-index-1","SU-2023-CIMMYT-SHDW-GWAS","DF-CIMMYT-SHDW-194","PMID:37259061","https://pmc.ncbi.nlm.nih.gov/articles/PMC10230752/","Excalibur_rep_c103629_346","5A","390366984","390366984","composite index","author-reported peak-SNP physical position","IWGSC RefSeq v1.0","5A:390,366,984 bp peak SNP","Point marker only. The paper's ±100-kb candidate-gene window is not treated as a QTL or LD confidence interval.","","SHDW panel allele; donor accession not resolved in main table","reported allele effect; direction requires allele table","194 SHDW accessions plus six checks","194","not applicable","not applicable","spring wheat","CIMMYT-derived germplasm evaluated at Elora, Ontario, Canada","2023","main_table_subset_only","false","Paper reports 52 MTAs; main Table 2 is a selected subset. Excluded until the complete MTA list is reconstructed and second-reviewed.",""
"LR-2023-SHDW-6A-615589117-composite-index-1","SU-2023-CIMMYT-SHDW-GWAS","DF-CIMMYT-SHDW-194","PMID:37259061","https://pmc.ncbi.nlm.nih.gov/articles/PMC10230752/","BS00082460_51","6A","615589117","615589117","composite index","author-reported peak-SNP physical position","IWGSC RefSeq v1.0","6A:615,589,117 bp peak SNP","Point marker only. The paper's ±100-kb candidate-gene window is not treated as a QTL or LD confidence interval.","","SHDW panel allele; donor accession not resolved in main table","reported allele effect; direction requires allele table","194 SHDW accessions plus six checks","194","not applicable","not applicable","spring wheat","CIMMYT-derived germplasm evaluated at Elora, Ontario, Canada","2023","main_table_subset_only","false","Paper reports 52 MTAs; main Table 2 is a selected subset. Excluded until the complete MTA list is reconstructed and second-reviewed.",""
"LR-2023-SHDW-6B-653221775-composite-index-1","SU-2023-CIMMYT-SHDW-GWAS","DF-CIMMYT-SHDW-194","PMID:37259061","https://pmc.ncbi.nlm.nih.gov/articles/PMC10230752/","Kukri_c9150_1181","6B","653221775","653221775","composite index","author-reported peak-SNP physical position","IWGSC RefSeq v1.0","6B:653,221,775 bp peak SNP","Point marker only. The paper's ±100-kb candidate-gene window is not treated as a QTL or LD confidence interval.","","SHDW panel allele; donor accession not resolved in main table","reported allele effect; direction requires allele table","194 SHDW accessions plus six checks","194","not applicable","not applicable","spring wheat","CIMMYT-derived germplasm evaluated at Elora, Ontario, Canada","2023","main_table_subset_only","false","Paper reports 52 MTAs; main Table 2 is a selected subset. Excluded until the complete MTA list is reconstructed and second-reviewed.",""
"LR-2023-SHDW-2A-598941707-composite-index-1","SU-2023-CIMMYT-SHDW-GWAS","DF-CIMMYT-SHDW-194","PMID:37259061","https://pmc.ncbi.nlm.nih.gov/articles/PMC10230752/","TA002539-0532","2A","598941707","598941707","composite index","author-reported peak-SNP physical position","IWGSC RefSeq v1.0","2A:598,941,707 bp peak SNP","Point marker only. The paper's ±100-kb candidate-gene window is not treated as a QTL or LD confidence interval.","","SHDW panel allele; donor accession not resolved in main table","reported allele effect; direction requires allele table","194 SHDW accessions plus six checks","194","not applicable","not applicable","spring wheat","CIMMYT-derived germplasm evaluated at Elora, Ontario, Canada","2023","main_table_subset_only","false","Paper reports 52 MTAs; main Table 2 is a selected subset. Excluded until the complete MTA list is reconstructed and second-reviewed.",""
"LR-2023-SHDW-6A-581484720-composite-index-1","SU-2023-CIMMYT-SHDW-GWAS","DF-CIMMYT-SHDW-194","PMID:37259061","https://pmc.ncbi.nlm.nih.gov/articles/PMC10230752/","Excalibur_c17050_570","6A","581484720","581484720","composite index","author-reported peak-SNP physical position","IWGSC RefSeq v1.0","6A:581,484,720 bp peak SNP","Point marker only. The paper's ±100-kb candidate-gene window is not treated as a QTL or LD confidence interval.","","SHDW panel allele; donor accession not resolved in main table","reported allele effect; direction requires allele table","194 SHDW accessions plus six checks","194","not applicable","not applicable","spring wheat","CIMMYT-derived germplasm evaluated at Elora, Ontario, Canada","2023","main_table_subset_only","false","Paper reports 52 MTAs; main Table 2 is a selected subset. Excluded until the complete MTA list is reconstructed and second-reviewed.",""
"LR-2023-SHDW-2B-383373141-composite-index-1","SU-2023-CIMMYT-SHDW-GWAS","DF-CIMMYT-SHDW-194","PMID:37259061","https://pmc.ncbi.nlm.nih.gov/articles/PMC10230752/","wsnp_Ra_c28444_37905400","2B","383373141","383373141","composite index","author-reported peak-SNP physical position","IWGSC RefSeq v1.0","2B:383,373,141 bp peak SNP","Point marker only. The paper's ±100-kb candidate-gene window is not treated as a QTL or LD confidence interval.","","SHDW panel allele; donor accession not resolved in main table","reported allele effect; direction requires allele table","194 SHDW accessions plus six checks","194","not applicable","not applicable","spring wheat","CIMMYT-derived germplasm evaluated at Elora, Ontario, Canada","2023","main_table_subset_only","false","Paper reports 52 MTAs; main Table 2 is a selected subset. Excluded until the complete MTA list is reconstructed and second-reviewed.",""
"LR-2023-SHDW-3A-525201271-Type-II-severity-1","SU-2023-CIMMYT-SHDW-GWAS","DF-CIMMYT-SHDW-194","PMID:37259061","https://pmc.ncbi.nlm.nih.gov/articles/PMC10230752/","wsnp_Ku_c25809_35776454","3A","525201271","525201271","Type II/severity","author-reported peak-SNP physical position","IWGSC RefSeq v1.0","3A:525,201,271 bp peak SNP","Point marker only. The paper's ±100-kb candidate-gene window is not treated as a QTL or LD confidence interval.","","SHDW panel allele; donor accession not resolved in main table","reported allele effect; direction requires allele table","194 SHDW accessions plus six checks","194","not applicable","not applicable","spring wheat","CIMMYT-derived germplasm evaluated at Elora, Ontario, Canada","2023","main_table_subset_only","false","Paper reports 52 MTAs; main Table 2 is a selected subset. Excluded until the complete MTA list is reconstructed and second-reviewed.",""
"LR-2023-SHDW-7A-4897280-Type-II-severity-1","SU-2023-CIMMYT-SHDW-GWAS","DF-CIMMYT-SHDW-194","PMID:37259061","https://pmc.ncbi.nlm.nih.gov/articles/PMC10230752/","Excalibur_c8522_1894","7A","4897280","4897280","Type II/severity","author-reported peak-SNP physical position","IWGSC RefSeq v1.0","7A:4,897,280 bp peak SNP","Point marker only. The paper's ±100-kb candidate-gene window is not treated as a QTL or LD confidence interval.","","SHDW panel allele; donor accession not resolved in main table","reported allele effect; direction requires allele table","194 SHDW accessions plus six checks","194","not applicable","not applicable","spring wheat","CIMMYT-derived germplasm evaluated at Elora, Ontario, Canada","2023","main_table_subset_only","false","Paper reports 52 MTAs; main Table 2 is a selected subset. Excluded until the complete MTA list is reconstructed and second-reviewed.",""
"LR-2023-SHDW-7A-14734369-Type-II-severity-1","SU-2023-CIMMYT-SHDW-GWAS","DF-CIMMYT-SHDW-194","PMID:37259061","https://pmc.ncbi.nlm.nih.gov/articles/PMC10230752/","GENE-4440_719","7A","14734369","14734369","Type II/severity","author-reported peak-SNP physical position","IWGSC RefSeq v1.0","7A:14,734,369 bp peak SNP","Point marker only. The paper's ±100-kb candidate-gene window is not treated as a QTL or LD confidence interval.","","SHDW panel allele; donor accession not resolved in main table","reported allele effect; direction requires allele table","194 SHDW accessions plus six checks","194","not applicable","not applicable","spring wheat","CIMMYT-derived germplasm evaluated at Elora, Ontario, Canada","2023","main_table_subset_only","false","Paper reports 52 MTAs; main Table 2 is a selected subset. Excluded until the complete MTA list is reconstructed and second-reviewed.",""
"LR-2023-SHDW-1B-646167728-Type-II-severity-1","SU-2023-CIMMYT-SHDW-GWAS","DF-CIMMYT-SHDW-194","PMID:37259061","https://pmc.ncbi.nlm.nih.gov/articles/PMC10230752/","wsnp_RFL_Contig3951_4390396","1B","646167728","646167728","Type II/severity","author-reported peak-SNP physical position","IWGSC RefSeq v1.0","1B:646,167,728 bp peak SNP","Point marker only. The paper's ±100-kb candidate-gene window is not treated as a QTL or LD confidence interval.","","SHDW panel allele; donor accession not resolved in main table","reported allele effect; direction requires allele table","194 SHDW accessions plus six checks","194","not applicable","not applicable","spring wheat","CIMMYT-derived germplasm evaluated at Elora, Ontario, Canada","2023","main_table_subset_only","false","Paper reports 52 MTAs; main Table 2 is a selected subset. Excluded until the complete MTA list is reconstructed and second-reviewed.",""
"LR-2023-SHDW-5B-65243608-Type-II-severity-1","SU-2023-CIMMYT-SHDW-GWAS","DF-CIMMYT-SHDW-194","PMID:37259061","https://pmc.ncbi.nlm.nih.gov/articles/PMC10230752/","IAAV4252","5B","65243608","65243608","Type II/severity","author-reported peak-SNP physical position","IWGSC RefSeq v1.0","5B:65,243,608 bp peak SNP","Point marker only. The paper's ±100-kb candidate-gene window is not treated as a QTL or LD confidence interval.","","SHDW panel allele; donor accession not resolved in main table","reported allele effect; direction requires allele table","194 SHDW accessions plus six checks","194","not applicable","not applicable","spring wheat","CIMMYT-derived germplasm evaluated at Elora, Ontario, Canada","2023","main_table_subset_only","false","Paper reports 52 MTAs; main Table 2 is a selected subset. Excluded until the complete MTA list is reconstructed and second-reviewed.",""
"LR-2023-SHDW-5B-21006-Type-II-severity-1","SU-2023-CIMMYT-SHDW-GWAS","DF-CIMMYT-SHDW-194","PMID:37259061","https://pmc.ncbi.nlm.nih.gov/articles/PMC10230752/","BS00034658_51","5B","21006","21006","Type II/severity","author-reported peak-SNP physical position","IWGSC RefSeq v1.0","5B:21,006 bp peak SNP","Point marker only. The paper's ±100-kb candidate-gene window is not treated as a QTL or LD confidence interval.","","SHDW panel allele; donor accession not resolved in main table","reported allele effect; direction requires allele table","194 SHDW accessions plus six checks","194","not applicable","not applicable","spring wheat","CIMMYT-derived germplasm evaluated at Elora, Ontario, Canada","2023","main_table_subset_only","false","Paper reports 52 MTAs; main Table 2 is a selected subset. Excluded until the complete MTA list is reconstructed and second-reviewed.",""
"LR-2023-SHDW-3A-700564359-Type-II-severity-1","SU-2023-CIMMYT-SHDW-GWAS","DF-CIMMYT-SHDW-194","PMID:37259061","https://pmc.ncbi.nlm.nih.gov/articles/PMC10230752/","BS00024548_51","3A","700564359","700564359","Type II/severity","author-reported peak-SNP physical position","IWGSC RefSeq v1.0","3A:700,564,359 bp peak SNP","Point marker only. The paper's ±100-kb candidate-gene window is not treated as a QTL or LD confidence interval.","","SHDW panel allele; donor accession not resolved in main table","reported allele effect; direction requires allele table","194 SHDW accessions plus six checks","194","not applicable","not applicable","spring wheat","CIMMYT-derived germplasm evaluated at Elora, Ontario, Canada","2023","main_table_subset_only","false","Paper reports 52 MTAs; main Table 2 is a selected subset. Excluded until the complete MTA list is reconstructed and second-reviewed.",""
"LR-2023-SHDW-7A-67985152-Type-II-severity-1","SU-2023-CIMMYT-SHDW-GWAS","DF-CIMMYT-SHDW-194","PMID:37259061","https://pmc.ncbi.nlm.nih.gov/articles/PMC10230752/","wsnp_Ku_c2376_4562448","7A","67985152","67985152","Type II/severity","author-reported peak-SNP physical position","IWGSC RefSeq v1.0","7A:67,985,152 bp peak SNP","Point marker only. The paper's ±100-kb candidate-gene window is not treated as a QTL or LD confidence interval.","","SHDW panel allele; donor accession not resolved in main table","reported allele effect; direction requires allele table","194 SHDW accessions plus six checks","194","not applicable","not applicable","spring wheat","CIMMYT-derived germplasm evaluated at Elora, Ontario, Canada","2023","main_table_subset_only","false","Paper reports 52 MTAs; main Table 2 is a selected subset. Excluded until the complete MTA list is reconstructed and second-reviewed.",""
"LR-2023-SHDW-2B-383373141-Type-II-severity-1","SU-2023-CIMMYT-SHDW-GWAS","DF-CIMMYT-SHDW-194","PMID:37259061","https://pmc.ncbi.nlm.nih.gov/articles/PMC10230752/","wsnp_Ra_c28444_37905400","2B","383373141","383373141","Type II/severity","author-reported peak-SNP physical position","IWGSC RefSeq v1.0","2B:383,373,141 bp peak SNP","Point marker only. The paper's ±100-kb candidate-gene window is not treated as a QTL or LD confidence interval.","","SHDW panel allele; donor accession not resolved in main table","reported allele effect; direction requires allele table","194 SHDW accessions plus six checks","194","not applicable","not applicable","spring wheat","CIMMYT-derived germplasm evaluated at Elora, Ontario, Canada","2023","main_table_subset_only","false","Paper reports 52 MTAs; main Table 2 is a selected subset. Excluded until the complete MTA list is reconstructed and second-reviewed.",""
"LR-2023-SHDW-3B-769345579-Type-II-severity-1","SU-2023-CIMMYT-SHDW-GWAS","DF-CIMMYT-SHDW-194","PMID:37259061","https://pmc.ncbi.nlm.nih.gov/articles/PMC10230752/","GENE-0293_346","3B","769345579","769345579","Type II/severity","author-reported peak-SNP physical position","IWGSC RefSeq v1.0","3B:769,345,579 bp peak SNP","Point marker only. The paper's ±100-kb candidate-gene window is not treated as a QTL or LD confidence interval.","","SHDW panel allele; donor accession not resolved in main table","reported allele effect; direction requires allele table","194 SHDW accessions plus six checks","194","not applicable","not applicable","spring wheat","CIMMYT-derived germplasm evaluated at Elora, Ontario, Canada","2023","main_table_subset_only","false","Paper reports 52 MTAs; main Table 2 is a selected subset. Excluded until the complete MTA list is reconstructed and second-reviewed.",""
"LR-2021-BRAZIL-ANAHUAC-BR18-QME-Fhb-jic-5B","SU-2021-BRAZIL-ANAHUAC-BR18","DF-BRAZIL-BR18-TWOPOP","PMID:33684152","https://pmc.ncbi.nlm.nih.gov/articles/PMC7939358/","QME.Fhb.jic-5B","5B","580686304","580686304","visual FHB severity/AUDPC","author-reported peak-marker physical position","IWGSC RefSeq v1.1","5B:580,686,304 bp peak marker; no author-reported physical flanking bounds for the FHB interval","Genetic CI is 187.8–218.2 cM. Nearby flowering-time physical interval must not be substituted for the FHB QTL interval.","","BR 18-Terena","BR 18 allele reduces FHB symptoms","Anahuac 75 × BR 18-Terena","188","Anahuac 75 (moderate-high visual resistance)","BR 18-Terena for visual FHB; trait-dependent donor direction","spring wheat","United Kingdom field trials; Brazilian parental germplasm","2021","analysis_ready","true","",""
"LR-2021-BRAZIL-BRS179-BR18-QME-Fhb-jic-7A","SU-2021-BRAZIL-BRS179-BR18","DF-BRAZIL-BR18-TWOPOP","PMID:33684152","https://pmc.ncbi.nlm.nih.gov/articles/PMC7939358/","QME.Fhb.jic-7A","7A","7586807","7586807","visual FHB severity/AUDPC","author-reported peak-marker physical position","IWGSC RefSeq v1.1","7A:7,586,807 bp peak marker; no author-reported physical flanking bounds","Genetic CI is 0.0–40.1 cM; displayed as a point until marker-sequence alignment supplies physical flanks.","","BRS 179","BRS 179 allele reduces FHB symptoms","BRS 179 × BR 18-Terena","188","BRS 179 (moderate-high visual resistance)","BR 18-Terena for visual FHB; BR 18 contributes favorable DON allele at 4B","spring wheat","United Kingdom and Brazil","2021","analysis_ready","true","",""
"LR-2021-BRAZIL-BRS179-BR18-QME-Don-jic-4B","SU-2021-BRAZIL-BRS179-BR18","DF-BRAZIL-BR18-TWOPOP","PMID:33684152","https://pmc.ncbi.nlm.nih.gov/articles/PMC7939358/","QME.Don.jic-4B","4B","527900000","583330000","DON/Type III","author-reported physical region and peak marker","IWGSC RefSeq v1.1","4B:527.90–583.33 Mb; peak 539,505,292 bp","Physical bounds are rounded in discussion; exact flanking-marker positions require Supplementary Table/Figure recovery.","","BR 18-Terena","BR 18 allele reduces DON accumulation","BRS 179 × BR 18-Terena","188","BRS 179 (moderate-high visual resistance)","BR 18-Terena for visual FHB; BR 18 contributes favorable DON allele at 4B","spring wheat","United Kingdom and Brazil","2021","analysis_ready","true","",""
"LR-2020-FL62R1-2AS-UNALLOCATED","SU-2020-FL62R1-TWOPOP-UNALLOCATED","DF-FL62R1-STETTLER-MUCHMORE","PMID:33193525","https://pmc.ncbi.nlm.nih.gov/articles/PMC7649146/","FL62R1 2AS author-summary region","2A","37000000","55000000","multiple FHB components","author-level approximate physical projection of markers summarized across two DH populations","IWGSC RefSeq v1.0","2A:37–55 Mb author-level region","Wide regional envelope; not a physical confidence interval. Population-specific loci and environments cannot be reconstructed from main Table 2 alone.","","FL62R1, pending locus-level supplement","mostly FL62R1 favorable; exceptions are locus/environment dependent","FL62R1 × Stettler (182) and FL62R1 × Muchmore (202)","384","FL62R1, with locus- and environment-specific exceptions","Stettler and Muchmore, trait-dependent","spring wheat","Ottawa, Ontario and Carman, Manitoba, Canada","2020","fulltext_supported_supplement_pending","false","Population-specific Supplementary Table 1 not recovered; excluded from independent-study counts and interval enrichment.",""
"LR-2020-FL62R1-2BS-UNALLOCATED","SU-2020-FL62R1-TWOPOP-UNALLOCATED","DF-FL62R1-STETTLER-MUCHMORE","PMID:33193525","https://pmc.ncbi.nlm.nih.gov/articles/PMC7649146/","FL62R1 2BS author-summary region","2B","42000000","364000000","multiple FHB components","author-level approximate physical projection of markers summarized across two DH populations","IWGSC RefSeq v1.0","2B:42–364 Mb author-level region","Wide regional envelope; not a physical confidence interval. Population-specific loci and environments cannot be reconstructed from main Table 2 alone.","","FL62R1, pending locus-level supplement","mostly FL62R1 favorable; exceptions are locus/environment dependent","FL62R1 × Stettler (182) and FL62R1 × Muchmore (202)","384","FL62R1, with locus- and environment-specific exceptions","Stettler and Muchmore, trait-dependent","spring wheat","Ottawa, Ontario and Carman, Manitoba, Canada","2020","fulltext_supported_supplement_pending","false","Population-specific Supplementary Table 1 not recovered; excluded from independent-study counts and interval enrichment.",""
"LR-2020-FL62R1-3BS-UNALLOCATED","SU-2020-FL62R1-TWOPOP-UNALLOCATED","DF-FL62R1-STETTLER-MUCHMORE","PMID:33193525","https://pmc.ncbi.nlm.nih.gov/articles/PMC7649146/","FL62R1 3BS author-summary region","3B","8800000","16000000","multiple FHB components","author-level approximate physical projection of markers summarized across two DH populations","IWGSC RefSeq v1.0","3B:8.8–16 Mb author-level region","Wide regional envelope; not a physical confidence interval. Population-specific loci and environments cannot be reconstructed from main Table 2 alone.","","FL62R1, pending locus-level supplement","mostly FL62R1 favorable; exceptions are locus/environment dependent","FL62R1 × Stettler (182) and FL62R1 × Muchmore (202)","384","FL62R1, with locus- and environment-specific exceptions","Stettler and Muchmore, trait-dependent","spring wheat","Ottawa, Ontario and Carman, Manitoba, Canada","2020","fulltext_supported_supplement_pending","false","Population-specific Supplementary Table 1 not recovered; excluded from independent-study counts and interval enrichment.",""
"LR-2020-FL62R1-4AS-UNALLOCATED","SU-2020-FL62R1-TWOPOP-UNALLOCATED","DF-FL62R1-STETTLER-MUCHMORE","PMID:33193525","https://pmc.ncbi.nlm.nih.gov/articles/PMC7649146/","FL62R1 4AS author-summary region","4A","6900000","39000000","multiple FHB components","author-level approximate physical projection of markers summarized across two DH populations","IWGSC RefSeq v1.0","4A:6.9–39 Mb author-level region","Wide regional envelope; not a physical confidence interval. Population-specific loci and environments cannot be reconstructed from main Table 2 alone.","","FL62R1, pending locus-level supplement","mostly FL62R1 favorable; exceptions are locus/environment dependent","FL62R1 × Stettler (182) and FL62R1 × Muchmore (202)","384","FL62R1, with locus- and environment-specific exceptions","Stettler and Muchmore, trait-dependent","spring wheat","Ottawa, Ontario and Carman, Manitoba, Canada","2020","fulltext_supported_supplement_pending","false","Population-specific Supplementary Table 1 not recovered; excluded from independent-study counts and interval enrichment.",""
"LR-2020-FL62R1-4AL-UNALLOCATED","SU-2020-FL62R1-TWOPOP-UNALLOCATED","DF-FL62R1-STETTLER-MUCHMORE","PMID:33193525","https://pmc.ncbi.nlm.nih.gov/articles/PMC7649146/","FL62R1 4AL author-summary region","4A","641000000","742000000","multiple FHB components","author-level approximate physical projection of markers summarized across two DH populations","IWGSC RefSeq v1.0","4A:641–742 Mb author-level region","Wide regional envelope; not a physical confidence interval. Population-specific loci and environments cannot be reconstructed from main Table 2 alone.","","FL62R1, pending locus-level supplement","mostly FL62R1 favorable; exceptions are locus/environment dependent","FL62R1 × Stettler (182) and FL62R1 × Muchmore (202)","384","FL62R1, with locus- and environment-specific exceptions","Stettler and Muchmore, trait-dependent","spring wheat","Ottawa, Ontario and Carman, Manitoba, Canada","2020","fulltext_supported_supplement_pending","false","Population-specific Supplementary Table 1 not recovered; excluded from independent-study counts and interval enrichment.",""
"LR-2020-FL62R1-4BS-UNALLOCATED","SU-2020-FL62R1-TWOPOP-UNALLOCATED","DF-FL62R1-STETTLER-MUCHMORE","PMID:33193525","https://pmc.ncbi.nlm.nih.gov/articles/PMC7649146/","FL62R1 4BS author-summary region","4B","8400000","223000000","multiple FHB components","author-level approximate physical projection of markers summarized across two DH populations","IWGSC RefSeq v1.0","4B:8.4–223 Mb author-level region","Wide regional envelope; not a physical confidence interval. Population-specific loci and environments cannot be reconstructed from main Table 2 alone.","","FL62R1, pending locus-level supplement","mostly FL62R1 favorable; exceptions are locus/environment dependent","FL62R1 × Stettler (182) and FL62R1 × Muchmore (202)","384","FL62R1, with locus- and environment-specific exceptions","Stettler and Muchmore, trait-dependent","spring wheat","Ottawa, Ontario and Carman, Manitoba, Canada","2020","fulltext_supported_supplement_pending","false","Population-specific Supplementary Table 1 not recovered; excluded from independent-study counts and interval enrichment.",""
"LR-2020-FL62R1-5AS-UNALLOCATED","SU-2020-FL62R1-TWOPOP-UNALLOCATED","DF-FL62R1-STETTLER-MUCHMORE","PMID:33193525","https://pmc.ncbi.nlm.nih.gov/articles/PMC7649146/","FL62R1 5AS author-summary region","5A","416000000","657000000","multiple FHB components","author-level approximate physical projection of markers summarized across two DH populations","IWGSC RefSeq v1.0","5A:416–657 Mb author-level region","Wide regional envelope; not a physical confidence interval. Population-specific loci and environments cannot be reconstructed from main Table 2 alone. Reported arm label–physical-position concordance pending marker-sequence audit.","","FL62R1, pending locus-level supplement","mostly FL62R1 favorable; exceptions are locus/environment dependent","FL62R1 × Stettler (182) and FL62R1 × Muchmore (202)","384","FL62R1, with locus- and environment-specific exceptions","Stettler and Muchmore, trait-dependent","spring wheat","Ottawa, Ontario and Carman, Manitoba, Canada","2020","fulltext_supported_supplement_pending","false","Population-specific Supplementary Table 1 not recovered; excluded from independent-study counts and interval enrichment.",""
"LR-2020-FL62R1-5AL-UNALLOCATED","SU-2020-FL62R1-TWOPOP-UNALLOCATED","DF-FL62R1-STETTLER-MUCHMORE","PMID:33193525","https://pmc.ncbi.nlm.nih.gov/articles/PMC7649146/","FL62R1 5AL author-summary region","5A","33000000","86000000","multiple FHB components","author-level approximate physical projection of markers summarized across two DH populations","IWGSC RefSeq v1.0","5A:33–86 Mb author-level region","Wide regional envelope; not a physical confidence interval. Population-specific loci and environments cannot be reconstructed from main Table 2 alone. Reported arm label–physical-position concordance pending marker-sequence audit.","","FL62R1, pending locus-level supplement","mostly FL62R1 favorable; exceptions are locus/environment dependent","FL62R1 × Stettler (182) and FL62R1 × Muchmore (202)","384","FL62R1, with locus- and environment-specific exceptions","Stettler and Muchmore, trait-dependent","spring wheat","Ottawa, Ontario and Carman, Manitoba, Canada","2020","fulltext_supported_supplement_pending","false","Population-specific Supplementary Table 1 not recovered; excluded from independent-study counts and interval enrichment.",""
"LR-2020-FL62R1-5BL-UNALLOCATED","SU-2020-FL62R1-TWOPOP-UNALLOCATED","DF-FL62R1-STETTLER-MUCHMORE","PMID:33193525","https://pmc.ncbi.nlm.nih.gov/articles/PMC7649146/","FL62R1 5BL author-summary region","5B","448000000","583000000","multiple FHB components","author-level approximate physical projection of markers summarized across two DH populations","IWGSC RefSeq v1.0","5B:448–583 Mb author-level region","Wide regional envelope; not a physical confidence interval. Population-specific loci and environments cannot be reconstructed from main Table 2 alone.","","FL62R1, pending locus-level supplement","mostly FL62R1 favorable; exceptions are locus/environment dependent","FL62R1 × Stettler (182) and FL62R1 × Muchmore (202)","384","FL62R1, with locus- and environment-specific exceptions","Stettler and Muchmore, trait-dependent","spring wheat","Ottawa, Ontario and Carman, Manitoba, Canada","2020","fulltext_supported_supplement_pending","false","Population-specific Supplementary Table 1 not recovered; excluded from independent-study counts and interval enrichment.",""
"LR-2020-JZ66-QFhb-hbaas-2DS","SU-2020-JZ66-AK58-DH","DF-JZ66-AK58-DH-209","PMID:32806760","https://pmc.ncbi.nlm.nih.gov/articles/PMC7465298/","QFhb.hbaas-2DS","2D","23400000","26300000","visual FHB index (Type I+II field composite)","author-reported flanking-marker physical intervals, consolidated by QTL name","IWGSC Chinese Spring RefSeq v1.0","2D:23.4-26.3 Mb (envelope of author-grouped environment rows)","Environment-specific intervals were enveloped within one author-defined QTL; this is not a fine-mapping interval","hcmQTL-19","Jingzhou 66","positive additive values increase FHB index; source footnote assigns these effects to AK58, so JZ66 carries the resistance-reducing allele","Jingzhou 66 × Aikang 58","209","Jingzhou 66","Aikang 58","Chinese bread wheat cultivars","Wuhan, Ezhou and Jingzhou, Hubei, China","2020","analysis_ready","true","",""
"LR-2020-JZ66-QFhb-hbaas-3AS","SU-2020-JZ66-AK58-DH","DF-JZ66-AK58-DH-209","PMID:32806760","https://pmc.ncbi.nlm.nih.gov/articles/PMC7465298/","QFhb.hbaas-3AS","3A","54800000","67600000","visual FHB index (Type I+II field composite)","author-reported flanking-marker physical intervals, consolidated by QTL name","IWGSC Chinese Spring RefSeq v1.0","3A:54.8-67.6 Mb (envelope of author-grouped environment rows)","Environment-specific intervals were enveloped within one author-defined QTL; this is not a fine-mapping interval","hcmQTL-26|hcmQTL-27","Jingzhou 66","positive additive values increase FHB index; source footnote assigns these effects to AK58, so JZ66 carries the resistance-reducing allele","Jingzhou 66 × Aikang 58","209","Jingzhou 66","Aikang 58","Chinese bread wheat cultivars","Wuhan, Ezhou and Jingzhou, Hubei, China","2020","analysis_ready","true","",""
"LR-2020-JZ66-QFhb-hbaas-3AL","SU-2020-JZ66-AK58-DH","DF-JZ66-AK58-DH-209","PMID:32806760","https://pmc.ncbi.nlm.nih.gov/articles/PMC7465298/","QFhb.hbaas-3AL","3A","530900000","617600000","visual FHB index (Type I+II field composite)","author-reported flanking-marker physical intervals, consolidated by QTL name","IWGSC Chinese Spring RefSeq v1.0","3A:530.9-617.6 Mb (envelope of author-grouped environment rows)","Environment-specific intervals were enveloped within one author-defined QTL; this is not a fine-mapping interval","","Jingzhou 66","positive additive values increase FHB index; source footnote assigns these effects to AK58, so JZ66 carries the resistance-reducing allele","Jingzhou 66 × Aikang 58","209","Jingzhou 66","Aikang 58","Chinese bread wheat cultivars","Wuhan, Ezhou and Jingzhou, Hubei, China","2020","analysis_ready","true","",""
"LR-2020-JZ66-QFhb-hbaas-3DL","SU-2020-JZ66-AK58-DH","DF-JZ66-AK58-DH-209","PMID:32806760","https://pmc.ncbi.nlm.nih.gov/articles/PMC7465298/","QFhb.hbaas-3DL","3D","536000000","566100000","visual FHB index (Type I+II field composite)","author-reported flanking-marker physical intervals, consolidated by QTL name","IWGSC Chinese Spring RefSeq v1.0","3D:536-566.1 Mb (envelope of author-grouped environment rows)","Environment-specific intervals were enveloped within one author-defined QTL; this is not a fine-mapping interval","","Jingzhou 66","positive additive values increase FHB index; source footnote assigns these effects to AK58, so JZ66 carries the resistance-reducing allele","Jingzhou 66 × Aikang 58","209","Jingzhou 66","Aikang 58","Chinese bread wheat cultivars","Wuhan, Ezhou and Jingzhou, Hubei, China","2020","analysis_ready","true","",""
"LR-2020-JZ66-QFhb-hbaas-4DS","SU-2020-JZ66-AK58-DH","DF-JZ66-AK58-DH-209","PMID:32806760","https://pmc.ncbi.nlm.nih.gov/articles/PMC7465298/","QFhb.hbaas-4DS","4D","15200000","31300000","visual FHB index (Type I+II field composite)","author-reported flanking-marker physical intervals, consolidated by QTL name","IWGSC Chinese Spring RefSeq v1.0","4D:15.2-31.3 Mb (envelope of author-grouped environment rows)","Environment-specific intervals were enveloped within one author-defined QTL; this is not a fine-mapping interval","","Jingzhou 66","positive additive values increase FHB index; source footnote assigns these effects to AK58, so JZ66 carries the resistance-reducing allele","Jingzhou 66 × Aikang 58","209","Jingzhou 66","Aikang 58","Chinese bread wheat cultivars","Wuhan, Ezhou and Jingzhou, Hubei, China","2020","analysis_ready","true","",""
"LR-2020-JZ66-QFhb-hbaas-5DL","SU-2020-JZ66-AK58-DH","DF-JZ66-AK58-DH-209","PMID:32806760","https://pmc.ncbi.nlm.nih.gov/articles/PMC7465298/","QFhb.hbaas-5DL","5D","447900000","495200000","visual FHB index (Type I+II field composite)","author-reported flanking-marker physical intervals, consolidated by QTL name","IWGSC Chinese Spring RefSeq v1.0","5D:447.9-495.2 Mb (envelope of author-grouped environment rows)","Environment-specific intervals were enveloped within one author-defined QTL; this is not a fine-mapping interval","hcmQTL-55|hcmQTL-56","Jingzhou 66","positive additive values increase FHB index; source footnote assigns these effects to AK58, so JZ66 carries the resistance-reducing allele","Jingzhou 66 × Aikang 58","209","Jingzhou 66","Aikang 58","Chinese bread wheat cultivars","Wuhan, Ezhou and Jingzhou, Hubei, China","2020","analysis_ready","true","",""
"LR-2025-PS5V975-QFhb-haas-2DL","SU-2025-PS5V975-SUMAI3-RIL","DF-PS5V975-SUMAI3-RIL-215","PMID:41293465","https://pmc.ncbi.nlm.nih.gov/articles/PMC12640948/","QFhb.haas-2DL","2D","475000000","487600000","Type II spread resistance","author-reported physical interval between flanking SNPs","IWGSC Chinese Spring RefSeq v1.0","2D:475.0-487.6 Mb","linkage-QTL interval; candidate-gene ±3 Mb window is not used as the QTL boundary","","PS5/V975","6.4-6.9","PS5/V975 // Sumai 3","215","Sumai 3 overall; locus-specific favorable alleles also from PS5/V975","PS5/V975 was moderately susceptible overall","common wheat","Harbin and Gongzhuling, China","2025","analysis_ready","true","",""
"LR-2025-PS5V975-QFhb-haas-3BS","SU-2025-PS5V975-SUMAI3-RIL","DF-PS5V975-SUMAI3-RIL-215","PMID:41293465","https://pmc.ncbi.nlm.nih.gov/articles/PMC12640948/","QFhb.haas-3BS","3B","8000000","13900000","Type II spread resistance","author-reported physical interval between flanking SNPs","IWGSC Chinese Spring RefSeq v1.0","3B:8.0-13.9 Mb","linkage-QTL interval; candidate-gene ±3 Mb window is not used as the QTL boundary","hcmQTL-29|hcmQTL-30","Sumai 3","-8.9-10.9","PS5/V975 // Sumai 3","215","Sumai 3 overall; locus-specific favorable alleles also from PS5/V975","PS5/V975 was moderately susceptible overall","common wheat","Harbin and Gongzhuling, China","2025","analysis_ready","true","",""
"LR-2025-PS5V975-QFhb-haas-3BL","SU-2025-PS5V975-SUMAI3-RIL","DF-PS5V975-SUMAI3-RIL-215","PMID:41293465","https://pmc.ncbi.nlm.nih.gov/articles/PMC12640948/","QFhb.haas-3BL","3B","571100000","575100000","Type II spread resistance","author-reported physical interval between flanking SNPs","IWGSC Chinese Spring RefSeq v1.0","3B:571.1-575.1 Mb","linkage-QTL interval; candidate-gene ±3 Mb window is not used as the QTL boundary","hcmQTL-32","PS5/V975","7.2-17.2","PS5/V975 // Sumai 3","215","Sumai 3 overall; locus-specific favorable alleles also from PS5/V975","PS5/V975 was moderately susceptible overall","common wheat","Harbin and Gongzhuling, China","2025","analysis_ready","true","",""
"LR-2025-GUIXIE3-Qfhb-gaas-1D-1","SU-2025-GUIXIE3-AVOCETS-RIL","DF-GUIXIE3-AVOCETS-RIL-228","PMID:40372629","https://pmc.ncbi.nlm.nih.gov/articles/PMC12605375/","Qfhb.gaas.1D-1","1D","","","Type II spread resistance","author-reported v2.0 flanking-marker physical interval","IWGSC Chinese Spring RefSeq v2.0","1D:335.59-372.86 Mb","not harmonized to v1.0; no proportional/linear conversion permitted","","trait- and sign-dependent; Guixie 3 is the resistant parent overall","- 0.03","Avocet S × Guixie 3","228","Guixie 3","Avocet S","common wheat","Guiyang and Ezhou, China","2025","second_reviewed_excluded_primary","false","Source coordinates are not directly harmonized to RefSeq v1.0",""
"LR-2025-GUIXIE3-Qfhb-gaas-1D-2","SU-2025-GUIXIE3-AVOCETS-RIL","DF-GUIXIE3-AVOCETS-RIL-228","PMID:40372629","https://pmc.ncbi.nlm.nih.gov/articles/PMC12605375/","Qfhb.gaas.1D-2","1D","","","Type II spread resistance","author-reported v2.0 flanking-marker physical interval","IWGSC Chinese Spring RefSeq v2.0","1D:7.92-10.55 Mb","not harmonized to v1.0; no proportional/linear conversion permitted","","trait- and sign-dependent; Guixie 3 is the resistant parent overall","- 0.03","Avocet S × Guixie 3","228","Guixie 3","Avocet S","common wheat","Guiyang and Ezhou, China","2025","second_reviewed_excluded_primary","false","Source coordinates are not directly harmonized to RefSeq v1.0",""
"LR-2025-GUIXIE3-Qfhb-gaas-2A-1","SU-2025-GUIXIE3-AVOCETS-RIL","DF-GUIXIE3-AVOCETS-RIL-228","PMID:40372629","https://pmc.ncbi.nlm.nih.gov/articles/PMC12605375/","Qfhb.gaas.2A-1","2A","","","Type II spread resistance","author-reported v2.0 flanking-marker physical interval","IWGSC Chinese Spring RefSeq v2.0","2A:637.67-657.9 Mb","not harmonized to v1.0; no proportional/linear conversion permitted","","trait- and sign-dependent; Guixie 3 is the resistant parent overall","0.04","Avocet S × Guixie 3","228","Guixie 3","Avocet S","common wheat","Guiyang and Ezhou, China","2025","second_reviewed_excluded_primary","false","Source coordinates are not directly harmonized to RefSeq v1.0",""
"LR-2025-GUIXIE3-Qfhb-gaas-2A-2","SU-2025-GUIXIE3-AVOCETS-RIL","DF-GUIXIE3-AVOCETS-RIL-228","PMID:40372629","https://pmc.ncbi.nlm.nih.gov/articles/PMC12605375/","Qfhb.gaas.2A-2","2A","","","Type II spread resistance","author-reported v2.0 flanking-marker physical interval","IWGSC Chinese Spring RefSeq v2.0","2A:70.27-71.1 Mb","not harmonized to v1.0; no proportional/linear conversion permitted","","trait- and sign-dependent; Guixie 3 is the resistant parent overall","0.03","Avocet S × Guixie 3","228","Guixie 3","Avocet S","common wheat","Guiyang and Ezhou, China","2025","second_reviewed_excluded_primary","false","Source coordinates are not directly harmonized to RefSeq v1.0",""
"LR-2025-GUIXIE3-Qfhb-gaas-2B-1","SU-2025-GUIXIE3-AVOCETS-RIL","DF-GUIXIE3-AVOCETS-RIL-228","PMID:40372629","https://pmc.ncbi.nlm.nih.gov/articles/PMC12605375/","Qfhb.gaas.2B-1","2B","","","Type II spread resistance","author-reported v2.0 flanking-marker physical interval","IWGSC Chinese Spring RefSeq v2.0","2B:642.71-643.29 Mb","not harmonized to v1.0; no proportional/linear conversion permitted","","trait- and sign-dependent; Guixie 3 is the resistant parent overall","0.04","Avocet S × Guixie 3","228","Guixie 3","Avocet S","common wheat","Guiyang and Ezhou, China","2025","second_reviewed_excluded_primary","false","Source coordinates are not directly harmonized to RefSeq v1.0",""
"LR-2025-GUIXIE3-Qfhb-gaas-2B-2","SU-2025-GUIXIE3-AVOCETS-RIL","DF-GUIXIE3-AVOCETS-RIL-228","PMID:40372629","https://pmc.ncbi.nlm.nih.gov/articles/PMC12605375/","Qfhb.gaas.2B-2","2B","","","Type II spread resistance","author-reported v2.0 flanking-marker physical interval","IWGSC Chinese Spring RefSeq v2.0","2B:643.29-647.29 Mb","not harmonized to v1.0; no proportional/linear conversion permitted","","trait- and sign-dependent; Guixie 3 is the resistant parent overall","0.02","Avocet S × Guixie 3","228","Guixie 3","Avocet S","common wheat","Guiyang and Ezhou, China","2025","second_reviewed_excluded_primary","false","Source coordinates are not directly harmonized to RefSeq v1.0",""
"LR-2025-GUIXIE3-Qfhb-gaas-2B-3","SU-2025-GUIXIE3-AVOCETS-RIL","DF-GUIXIE3-AVOCETS-RIL-228","PMID:40372629","https://pmc.ncbi.nlm.nih.gov/articles/PMC12605375/","Qfhb.gaas.2B-3","2B","","","Type II spread resistance","author-reported v2.0 flanking-marker physical interval","IWGSC Chinese Spring RefSeq v2.0","2B:697.45-712.79 Mb","not harmonized to v1.0; no proportional/linear conversion permitted","","trait- and sign-dependent; Guixie 3 is the resistant parent overall","0.04","Avocet S × Guixie 3","228","Guixie 3","Avocet S","common wheat","Guiyang and Ezhou, China","2025","second_reviewed_excluded_primary","false","Source coordinates are not directly harmonized to RefSeq v1.0",""
"LR-2025-GUIXIE3-Qfhb-gaas-2D-1-1","SU-2025-GUIXIE3-AVOCETS-RIL","DF-GUIXIE3-AVOCETS-RIL-228","PMID:40372629","https://pmc.ncbi.nlm.nih.gov/articles/PMC12605375/","Qfhb.gaas.2D.1-1","2D","","","Type II spread resistance","author-reported v2.0 flanking-marker physical interval","IWGSC Chinese Spring RefSeq v2.0","2D:35.68-37.04 Mb","not harmonized to v1.0; no proportional/linear conversion permitted","","trait- and sign-dependent; Guixie 3 is the resistant parent overall","- 0.06; - 0.10","Avocet S × Guixie 3","228","Guixie 3","Avocet S","common wheat","Guiyang and Ezhou, China","2025","second_reviewed_excluded_primary","false","Source coordinates are not directly harmonized to RefSeq v1.0",""
"LR-2025-GUIXIE3-Qfhb-gaas-2D-1-2","SU-2025-GUIXIE3-AVOCETS-RIL","DF-GUIXIE3-AVOCETS-RIL-228","PMID:40372629","https://pmc.ncbi.nlm.nih.gov/articles/PMC12605375/","Qfhb.gaas.2D.1-2","2D","","","Type II spread resistance","author-reported v2.0 flanking-marker physical interval","IWGSC Chinese Spring RefSeq v2.0","2D:32.8-34.23 Mb","not harmonized to v1.0; no proportional/linear conversion permitted","","trait- and sign-dependent; Guixie 3 is the resistant parent overall","- 0.03","Avocet S × Guixie 3","228","Guixie 3","Avocet S","common wheat","Guiyang and Ezhou, China","2025","second_reviewed_excluded_primary","false","Source coordinates are not directly harmonized to RefSeq v1.0",""
"LR-2025-GUIXIE3-Qfhb-gaas-3B","SU-2025-GUIXIE3-AVOCETS-RIL","DF-GUIXIE3-AVOCETS-RIL-228","PMID:40372629","https://pmc.ncbi.nlm.nih.gov/articles/PMC12605375/","Qfhb.gaas.3B","3B","","","Type II spread resistance","author-reported v2.0 flanking-marker physical interval","IWGSC Chinese Spring RefSeq v2.0","3B:584.53-584.95 Mb","not harmonized to v1.0; no proportional/linear conversion permitted","","trait- and sign-dependent; Guixie 3 is the resistant parent overall","0.04","Avocet S × Guixie 3","228","Guixie 3","Avocet S","common wheat","Guiyang and Ezhou, China","2025","second_reviewed_excluded_primary","false","Source coordinates are not directly harmonized to RefSeq v1.0",""
"LR-2025-GUIXIE3-Qfhb-gaas-4A","SU-2025-GUIXIE3-AVOCETS-RIL","DF-GUIXIE3-AVOCETS-RIL-228","PMID:40372629","https://pmc.ncbi.nlm.nih.gov/articles/PMC12605375/","Qfhb.gaas.4A","4A","","","Type II spread resistance","author-reported v2.0 flanking-marker physical interval","IWGSC Chinese Spring RefSeq v2.0","4A:567.82-571.72 Mb","not harmonized to v1.0; no proportional/linear conversion permitted","","trait- and sign-dependent; Guixie 3 is the resistant parent overall","- 0.04","Avocet S × Guixie 3","228","Guixie 3","Avocet S","common wheat","Guiyang and Ezhou, China","2025","second_reviewed_excluded_primary","false","Source coordinates are not directly harmonized to RefSeq v1.0",""
"LR-2025-GUIXIE3-Qfhb-gaas-4B","SU-2025-GUIXIE3-AVOCETS-RIL","DF-GUIXIE3-AVOCETS-RIL-228","PMID:40372629","https://pmc.ncbi.nlm.nih.gov/articles/PMC12605375/","Qfhb.gaas.4B","4B","","","Type II spread resistance","author-reported v2.0 flanking-marker physical interval","IWGSC Chinese Spring RefSeq v2.0","4B:19.74-20.61 Mb","not harmonized to v1.0; no proportional/linear conversion permitted","","trait- and sign-dependent; Guixie 3 is the resistant parent overall","- 0.03","Avocet S × Guixie 3","228","Guixie 3","Avocet S","common wheat","Guiyang and Ezhou, China","2025","second_reviewed_excluded_primary","false","Source coordinates are not directly harmonized to RefSeq v1.0",""
"LR-2025-GUIXIE3-Qfhb-gaas-4D","SU-2025-GUIXIE3-AVOCETS-RIL","DF-GUIXIE3-AVOCETS-RIL-228","PMID:40372629","https://pmc.ncbi.nlm.nih.gov/articles/PMC12605375/","Qfhb.gaas.4D","4D","","","Type II spread resistance","author-reported v2.0 flanking-marker physical interval","IWGSC Chinese Spring RefSeq v2.0","4D:426.52-432.77 Mb","not harmonized to v1.0; no proportional/linear conversion permitted","","trait- and sign-dependent; Guixie 3 is the resistant parent overall","0.02","Avocet S × Guixie 3","228","Guixie 3","Avocet S","common wheat","Guiyang and Ezhou, China","2025","second_reviewed_excluded_primary","false","Source coordinates are not directly harmonized to RefSeq v1.0",""
"LR-2025-GUIXIE3-Qfhb-gaas-5A","SU-2025-GUIXIE3-AVOCETS-RIL","DF-GUIXIE3-AVOCETS-RIL-228","PMID:40372629","https://pmc.ncbi.nlm.nih.gov/articles/PMC12605375/","Qfhb.gaas.5A","5A","","","Type II spread resistance","author-reported v2.0 flanking-marker physical interval","IWGSC Chinese Spring RefSeq v2.0","5A:591.46-592.42 Mb","not harmonized to v1.0; no proportional/linear conversion permitted","","trait- and sign-dependent; Guixie 3 is the resistant parent overall","- 0.05","Avocet S × Guixie 3","228","Guixie 3","Avocet S","common wheat","Guiyang and Ezhou, China","2025","second_reviewed_excluded_primary","false","Source coordinates are not directly harmonized to RefSeq v1.0",""
"LR-2025-GUIXIE3-Qfhb-gaas-5B-2","SU-2025-GUIXIE3-AVOCETS-RIL","DF-GUIXIE3-AVOCETS-RIL-228","PMID:40372629","https://pmc.ncbi.nlm.nih.gov/articles/PMC12605375/","Qfhb.gaas.5B.2","5B","","","Type II spread resistance","author-reported v2.0 flanking-marker physical interval","IWGSC Chinese Spring RefSeq v2.0","5B:566.26-571.98 Mb","not harmonized to v1.0; no proportional/linear conversion permitted","","trait- and sign-dependent; Guixie 3 is the resistant parent overall","- 0.04","Avocet S × Guixie 3","228","Guixie 3","Avocet S","common wheat","Guiyang and Ezhou, China","2025","second_reviewed_excluded_primary","false","Source coordinates are not directly harmonized to RefSeq v1.0",""
"LR-2020-WAPS-IWB75039","SU-2020-WAPS-CHINA-GWAS","DF-WAPS-CHINESE-ELITE-240","PMID:32174947","https://pmc.ncbi.nlm.nih.gov/articles/PMC7056811/","QFhb.hbaas-1AS","1A","10000000","10000000","visual FHB index (field composite)","author-reported representative marker point","IWGSC Chinese Spring RefSeq v1.0","1A:10.0 Mb representative marker","peak point only; no source LD block or physical QTL boundary is claimed","","favorable allele reported in source","A/ G","Wheat Association Panel for Scab Research (WAPS)","240","not applicable","not applicable","Chinese elite wheat lines","Wuhan, Hubei, China","2020","analysis_ready","true","",""
"LR-2020-WAPS-Xgwm539","SU-2020-WAPS-CHINA-GWAS","DF-WAPS-CHINESE-ELITE-240","PMID:32174947","https://pmc.ncbi.nlm.nih.gov/articles/PMC7056811/","QFhb.hbaas-2DL","2D","513100000","513100000","visual FHB index (field composite)","author-reported representative marker point","IWGSC Chinese Spring RefSeq v1.0","2D:513.1 Mb representative marker","peak point only; no source LD block or physical QTL boundary is claimed","","favorable allele reported in source","Wuhan 1 allele / others","Wheat Association Panel for Scab Research (WAPS)","240","not applicable","not applicable","Chinese elite wheat lines","Wuhan, Hubei, China","2020","analysis_ready","true","",""
"LR-2020-WAPS-IWB21456","SU-2020-WAPS-CHINA-GWAS","DF-WAPS-CHINESE-ELITE-240","PMID:32174947","https://pmc.ncbi.nlm.nih.gov/articles/PMC7056811/","QFhb.hbaas-5AS","5A","9600000","9600000","visual FHB index (field composite)","author-reported representative marker point","IWGSC Chinese Spring RefSeq v1.0","5A:9.6 Mb representative marker","peak point only; no source LD block or physical QTL boundary is claimed","","favorable allele reported in source","A /G","Wheat Association Panel for Scab Research (WAPS)","240","not applicable","not applicable","Chinese elite wheat lines","Wuhan, Hubei, China","2020","analysis_ready","true","",""
"LR-2020-WAPS-IWB42293","SU-2020-WAPS-CHINA-GWAS","DF-WAPS-CHINESE-ELITE-240","PMID:32174947","https://pmc.ncbi.nlm.nih.gov/articles/PMC7056811/","QFhb.hbaas-5AL","5A","540600000","540600000","visual FHB index (field composite)","author-reported representative marker point","IWGSC Chinese Spring RefSeq v1.0","5A:540.6 Mb representative marker","peak point only; no source LD block or physical QTL boundary is claimed","","favorable allele reported in source","A/ G","Wheat Association Panel for Scab Research (WAPS)","240","not applicable","not applicable","Chinese elite wheat lines","Wuhan, Hubei, China","2020","analysis_ready","true","",""
"LR-2020-WAPS-IWB15569","SU-2020-WAPS-CHINA-GWAS","DF-WAPS-CHINESE-ELITE-240","PMID:32174947","https://pmc.ncbi.nlm.nih.gov/articles/PMC7056811/","QFhb.hbaas-7DS","7D","23500000","23500000","visual FHB index (field composite)","author-reported representative marker point","IWGSC Chinese Spring RefSeq v1.0","7D:23.5 Mb representative marker","peak point only; no source LD block or physical QTL boundary is claimed","","favorable allele reported in source","C/ T","Wheat Association Panel for Scab Research (WAPS)","240","not applicable","not applicable","Chinese elite wheat lines","Wuhan, Hubei, China","2020","analysis_ready","true","",""
"LR-2023-CANAMP-1-QTN2D-7-31-162-184-280","SU-2023-CANADIAN-AMP-MRMLM","DF-CANADIAN-AMP-192-2015-2017","PMID:37457352","https://pmc.ncbi.nlm.nih.gov/articles/PMC10346453/","QTN2D_7-31-162-184-280","2D","62957090","62957090","multi-environment visual FHB traits","Table 4 representative QTN point detected in at least two environments","IWGSC Chinese Spring RefSeq v1.0","2D:62957090 bp representative QTN","peak point only; corresponding RefSeq v2.1 gene coordinates are not substituted for the QTN position","","reported genotype/effect in Table 4","-9.4 to 24.6","Canadian spring wheat AMP","192","not applicable","not applicable","spring wheat","Morden, Brandon and Ottawa, Canada","2023","analysis_ready","true","",""
"LR-2023-CANAMP-2-QTN3B-9-16-32-77-89-96-164-185","SU-2023-CANADIAN-AMP-MRMLM","DF-CANADIAN-AMP-192-2015-2017","PMID:37457352","https://pmc.ncbi.nlm.nih.gov/articles/PMC10346453/","QTN3B_9-16-32-77-89-96-164-185","3B","10708086","10708086","multi-environment visual FHB traits","Table 4 representative QTN point detected in at least two environments","IWGSC Chinese Spring RefSeq v1.0","3B:10708086 bp representative QTN","peak point only; corresponding RefSeq v2.1 gene coordinates are not substituted for the QTN position","","reported genotype/effect in Table 4","11-13.2","Canadian spring wheat AMP","192","not applicable","not applicable","spring wheat","Morden, Brandon and Ottawa, Canada","2023","analysis_ready","true","",""
"LR-2023-CANAMP-3-QTN5A-80-102-130-260","SU-2023-CANADIAN-AMP-MRMLM","DF-CANADIAN-AMP-192-2015-2017","PMID:37457352","https://pmc.ncbi.nlm.nih.gov/articles/PMC10346453/","QTN5A_80-102-130-260","5A","706240306","706240306","multi-environment visual FHB traits","Table 4 representative QTN point detected in at least two environments","IWGSC Chinese Spring RefSeq v1.0","5A:706240306 bp representative QTN","peak point only; corresponding RefSeq v2.1 gene coordinates are not substituted for the QTN position","","reported genotype/effect in Table 4","5.1","Canadian spring wheat AMP","192","not applicable","not applicable","spring wheat","Morden, Brandon and Ottawa, Canada","2023","analysis_ready","true","",""
"LR-2023-CANAMP-4-QTN6B-92-106-272","SU-2023-CANADIAN-AMP-MRMLM","DF-CANADIAN-AMP-192-2015-2017","PMID:37457352","https://pmc.ncbi.nlm.nih.gov/articles/PMC10346453/","QTN6B_92-106-272","6B","234560063","234560063","multi-environment visual FHB traits","Table 4 representative QTN point detected in at least two environments","IWGSC Chinese Spring RefSeq v1.0","6B:234560063 bp representative QTN","peak point only; corresponding RefSeq v2.1 gene coordinates are not substituted for the QTN position","","reported genotype/effect in Table 4","-4.8","Canadian spring wheat AMP","192","not applicable","not applicable","spring wheat","Morden, Brandon and Ottawa, Canada","2023","analysis_ready","true","",""
"LR-2023-CANAMP-5-QTN7A-40-274-288-173-197","SU-2023-CANADIAN-AMP-MRMLM","DF-CANADIAN-AMP-192-2015-2017","PMID:37457352","https://pmc.ncbi.nlm.nih.gov/articles/PMC10346453/","QTN7A_40-274-288-173-197","7A","23328723","23328723","multi-environment visual FHB traits","Table 4 representative QTN point detected in at least two environments","IWGSC Chinese Spring RefSeq v1.0","7A:23328723 bp representative QTN","peak point only; corresponding RefSeq v2.1 gene coordinates are not substituted for the QTN position","","reported genotype/effect in Table 4","6.6","Canadian spring wheat AMP","192","not applicable","not applicable","spring wheat","Morden, Brandon and Ottawa, Canada","2023","analysis_ready","true","",""
"LR-2023-CANAMP-6-QTN7A-200-266-273-287","SU-2023-CANADIAN-AMP-MRMLM","DF-CANADIAN-AMP-192-2015-2017","PMID:37457352","https://pmc.ncbi.nlm.nih.gov/articles/PMC10346453/","QTN7A_200-266-273-287","7A","712056803","712056803","multi-environment visual FHB traits","Table 4 representative QTN point detected in at least two environments","IWGSC Chinese Spring RefSeq v1.0","7A:712056803 bp representative QTN","peak point only; corresponding RefSeq v2.1 gene coordinates are not substituted for the QTN position","","reported genotype/effect in Table 4","-5.39","Canadian spring wheat AMP","192","not applicable","not applicable","spring wheat","Morden, Brandon and Ottawa, Canada","2023","analysis_ready","true","",""
"LR-2023-CANAMP-7-QTN7B-26-267","SU-2023-CANADIAN-AMP-MRMLM","DF-CANADIAN-AMP-192-2015-2017","PMID:37457352","https://pmc.ncbi.nlm.nih.gov/articles/PMC10346453/","QTN7B_26-267","7B","742464077","742464077","multi-environment visual FHB traits","Table 4 representative QTN point detected in at least two environments","IWGSC Chinese Spring RefSeq v1.0","7B:742464077 bp representative QTN","peak point only; corresponding RefSeq v2.1 gene coordinates are not substituted for the QTN position","","reported genotype/effect in Table 4","-3.8","Canadian spring wheat AMP","192","not applicable","not applicable","spring wheat","Morden, Brandon and Ottawa, Canada","2023","analysis_ready","true","",""
"LR-2023-CANAMP-8-QTN1A-46-252","SU-2023-CANADIAN-AMP-MRMLM","DF-CANADIAN-AMP-192-2015-2017","PMID:37457352","https://pmc.ncbi.nlm.nih.gov/articles/PMC10346453/","QTN1A_46-252","1A","508555158","508555158","multi-environment visual FHB traits","Table 4 representative QTN point detected in at least two environments","IWGSC Chinese Spring RefSeq v1.0","1A:508555158 bp representative QTN","peak point only; corresponding RefSeq v2.1 gene coordinates are not substituted for the QTN position","","reported genotype/effect in Table 4","-1.0","Canadian spring wheat AMP","192","not applicable","not applicable","spring wheat","Morden, Brandon and Ottawa, Canada","2023","analysis_ready","true","",""
"LR-2023-CANAMP-9-QTN1D-49-255","SU-2023-CANADIAN-AMP-MRMLM","DF-CANADIAN-AMP-192-2015-2017","PMID:37457352","https://pmc.ncbi.nlm.nih.gov/articles/PMC10346453/","QTN1D_49-255","1D","238060333","238060333","multi-environment visual FHB traits","Table 4 representative QTN point detected in at least two environments","IWGSC Chinese Spring RefSeq v1.0","1D:238060333 bp representative QTN","peak point only; corresponding RefSeq v2.1 gene coordinates are not substituted for the QTN position","","reported genotype/effect in Table 4","1.2-1.3","Canadian spring wheat AMP","192","not applicable","not applicable","spring wheat","Morden, Brandon and Ottawa, Canada","2023","analysis_ready","true","",""
"LR-2023-CANAMP-10-QTN6B-59-262","SU-2023-CANADIAN-AMP-MRMLM","DF-CANADIAN-AMP-192-2015-2017","PMID:37457352","https://pmc.ncbi.nlm.nih.gov/articles/PMC10346453/","QTN6B_59-262","6B","558926756","558926756","multi-environment visual FHB traits","Table 4 representative QTN point detected in at least two environments","IWGSC Chinese Spring RefSeq v1.0","6B:558926756 bp representative QTN","peak point only; corresponding RefSeq v2.1 gene coordinates are not substituted for the QTN position","","reported genotype/effect in Table 4","-1.6","Canadian spring wheat AMP","192","not applicable","not applicable","spring wheat","Morden, Brandon and Ottawa, Canada","2023","analysis_ready","true","",""
"LR-2023-CANAMP-11-QTN6B-70-169-194","SU-2023-CANADIAN-AMP-MRMLM","DF-CANADIAN-AMP-192-2015-2017","PMID:37457352","https://pmc.ncbi.nlm.nih.gov/articles/PMC10346453/","QTN6B_70-169-194","6B","645659866","645659866","multi-environment visual FHB traits","Table 4 representative QTN point detected in at least two environments","IWGSC Chinese Spring RefSeq v1.0","6B:645659866 bp representative QTN","peak point only; corresponding RefSeq v2.1 gene coordinates are not substituted for the QTN position","","reported genotype/effect in Table 4","4.04","Canadian spring wheat AMP","192","not applicable","not applicable","spring wheat","Morden, Brandon and Ottawa, Canada","2023","analysis_ready","true","",""
"LR-2023-CANAMP-12-QTN7B-13-45-83-94-108-154-176-201-276-291","SU-2023-CANADIAN-AMP-MRMLM","DF-CANADIAN-AMP-192-2015-2017","PMID:37457352","https://pmc.ncbi.nlm.nih.gov/articles/PMC10346453/","QTN7B_13-45-83-94-108-154-176-201-276-291","7B","670278986","670278986","multi-environment visual FHB traits","Table 4 representative QTN point detected in at least two environments","IWGSC Chinese Spring RefSeq v1.0","7B:670278986 bp representative QTN","peak point only; corresponding RefSeq v2.1 gene coordinates are not substituted for the QTN position","","reported genotype/effect in Table 4","7.0","Canadian spring wheat AMP","192","not applicable","not applicable","spring wheat","Morden, Brandon and Ottawa, Canada","2023","analysis_ready","true","",""
"LR-2022-CIMCHINA-4910975","SU-2022-CIMMYT-CHINA-GWAS","DF-CIMMYT-CHINA-PANEL-265","PMID:36246592","https://pmc.ncbi.nlm.nih.gov/articles/PMC9561102/","MTA-4910975","1A","31918043","31918043","FHB resistance across field assessment categories","author-defined locus representative SNP after within-LD grouping","IWGSC Chinese Spring RefSeq v1.0","1A:31918043 bp representative marker","peak point only; other SNPs grouped under markers 1099971 and 1157139 are not counted as independent evidence","hcmQTL-1","resistance-allele frequency 15.66%","A/G","CIMMYT–China panel","265","not applicable","not applicable","mostly spring wheat","Mexico and China; worldwide-origin panel","2022","analysis_ready","true","",""
"LR-2022-CIMCHINA-1099971","SU-2022-CIMMYT-CHINA-GWAS","DF-CIMMYT-CHINA-PANEL-265","PMID:36246592","https://pmc.ncbi.nlm.nih.gov/articles/PMC9561102/","MTA-1099971","1A","480934139","480934139","FHB resistance across field assessment categories","author-defined locus representative SNP after within-LD grouping","IWGSC Chinese Spring RefSeq v1.0","1A:480934139 bp representative marker","peak point only; other SNPs grouped under markers 1099971 and 1157139 are not counted as independent evidence","","resistance-allele frequency 21.26%","C/T","CIMMYT–China panel","265","not applicable","not applicable","mostly spring wheat","Mexico and China; worldwide-origin panel","2022","analysis_ready","true","",""
"LR-2022-CIMCHINA-1081753","SU-2022-CIMMYT-CHINA-GWAS","DF-CIMMYT-CHINA-PANEL-265","PMID:36246592","https://pmc.ncbi.nlm.nih.gov/articles/PMC9561102/","MTA-1081753","1B","258837217","258837217","FHB resistance across field assessment categories","author-defined locus representative SNP after within-LD grouping","IWGSC Chinese Spring RefSeq v1.0","1B:258837217 bp representative marker","peak point only; other SNPs grouped under markers 1099971 and 1157139 are not counted as independent evidence","","resistance-allele frequency 5.63%","T/C","CIMMYT–China panel","265","not applicable","not applicable","mostly spring wheat","Mexico and China; worldwide-origin panel","2022","analysis_ready","true","",""
"LR-2022-CIMCHINA-1055088","SU-2022-CIMMYT-CHINA-GWAS","DF-CIMMYT-CHINA-PANEL-265","PMID:36246592","https://pmc.ncbi.nlm.nih.gov/articles/PMC9561102/","MTA-1055088","2B","73002236","73002236","FHB resistance across field assessment categories","author-defined locus representative SNP after within-LD grouping","IWGSC Chinese Spring RefSeq v1.0","2B:73002236 bp representative marker","peak point only; other SNPs grouped under markers 1099971 and 1157139 are not counted as independent evidence","","resistance-allele frequency 48.58%","T/G","CIMMYT–China panel","265","not applicable","not applicable","mostly spring wheat","Mexico and China; worldwide-origin panel","2022","analysis_ready","true","",""
"LR-2022-CIMCHINA-1044062","SU-2022-CIMMYT-CHINA-GWAS","DF-CIMMYT-CHINA-PANEL-265","PMID:36246592","https://pmc.ncbi.nlm.nih.gov/articles/PMC9561102/","MTA-1044062","4B","572558191","572558191","FHB resistance across field assessment categories","author-defined locus representative SNP after within-LD grouping","IWGSC Chinese Spring RefSeq v1.0","4B:572558191 bp representative marker","peak point only; other SNPs grouped under markers 1099971 and 1157139 are not counted as independent evidence","","resistance-allele frequency 8.12%","A/G","CIMMYT–China panel","265","not applicable","not applicable","mostly spring wheat","Mexico and China; worldwide-origin panel","2022","analysis_ready","true","",""
"LR-2022-CIMCHINA-3026949","SU-2022-CIMMYT-CHINA-GWAS","DF-CIMMYT-CHINA-PANEL-265","PMID:36246592","https://pmc.ncbi.nlm.nih.gov/articles/PMC9561102/","MTA-3026949","4D","35405745","35405745","FHB resistance across field assessment categories","author-defined locus representative SNP after within-LD grouping","IWGSC Chinese Spring RefSeq v1.0","4D:35405745 bp representative marker","peak point only; other SNPs grouped under markers 1099971 and 1157139 are not counted as independent evidence","","resistance-allele frequency 4.31%","A/G","CIMMYT–China panel","265","not applicable","not applicable","mostly spring wheat","Mexico and China; worldwide-origin panel","2022","analysis_ready","true","",""
"LR-2022-CIMCHINA-979146","SU-2022-CIMMYT-CHINA-GWAS","DF-CIMMYT-CHINA-PANEL-265","PMID:36246592","https://pmc.ncbi.nlm.nih.gov/articles/PMC9561102/","MTA-979146","5A","466024980","466024980","FHB resistance across field assessment categories","author-defined locus representative SNP after within-LD grouping","IWGSC Chinese Spring RefSeq v1.0","5A:466024980 bp representative marker","peak point only; other SNPs grouped under markers 1099971 and 1157139 are not counted as independent evidence","hcmQTL-46","resistance-allele frequency 94.62%","G/A","CIMMYT–China panel","265","not applicable","not applicable","mostly spring wheat","Mexico and China; worldwide-origin panel","2022","analysis_ready","true","",""
"LR-2022-CIMCHINA-1157139","SU-2022-CIMMYT-CHINA-GWAS","DF-CIMMYT-CHINA-PANEL-265","PMID:36246592","https://pmc.ncbi.nlm.nih.gov/articles/PMC9561102/","MTA-1157139","5A","697068377","697068377","FHB resistance across field assessment categories","author-defined locus representative SNP after within-LD grouping","IWGSC Chinese Spring RefSeq v1.0","5A:697068377 bp representative marker","peak point only; other SNPs grouped under markers 1099971 and 1157139 are not counted as independent evidence","","resistance-allele frequency 6.05%","T/C","CIMMYT–China panel","265","not applicable","not applicable","mostly spring wheat","Mexico and China; worldwide-origin panel","2022","analysis_ready","true","",""
"LR-2022-CIMCHINA-1229379","SU-2022-CIMMYT-CHINA-GWAS","DF-CIMMYT-CHINA-PANEL-265","PMID:36246592","https://pmc.ncbi.nlm.nih.gov/articles/PMC9561102/","MTA-1229379","7A","706764943","706764943","FHB resistance across field assessment categories","author-defined locus representative SNP after within-LD grouping","IWGSC Chinese Spring RefSeq v1.0","7A:706764943 bp representative marker","peak point only; other SNPs grouped under markers 1099971 and 1157139 are not counted as independent evidence","","resistance-allele frequency 18.11%","G/C","CIMMYT–China panel","265","not applicable","not applicable","mostly spring wheat","Mexico and China; worldwide-origin panel","2022","analysis_ready","true","",""
"LR-2022-CIMCHINA-1034520","SU-2022-CIMMYT-CHINA-GWAS","DF-CIMMYT-CHINA-PANEL-265","PMID:36246592","https://pmc.ncbi.nlm.nih.gov/articles/PMC9561102/","MTA-1034520","7B","701319079","701319079","FHB resistance across field assessment categories","author-defined locus representative SNP after within-LD grouping","IWGSC Chinese Spring RefSeq v1.0","7B:701319079 bp representative marker","peak point only; other SNPs grouped under markers 1099971 and 1157139 are not counted as independent evidence","","resistance-allele frequency 19.60%","C/A","CIMMYT–China panel","265","not applicable","not applicable","mostly spring wheat","Mexico and China; worldwide-origin panel","2022","analysis_ready","true","",""
"LR-2022-CIMCHINA-3956613","SU-2022-CIMMYT-CHINA-GWAS","DF-CIMMYT-CHINA-PANEL-265","PMID:36246592","https://pmc.ncbi.nlm.nih.gov/articles/PMC9561102/","MTA-3956613","2B","753628598","753628598","DON/Type III-associated","author-defined locus representative SNP after within-LD grouping","IWGSC Chinese Spring RefSeq v1.0","2B:753628598 bp representative marker","peak point only; other SNPs grouped under markers 1099971 and 1157139 are not counted as independent evidence","","resistance-allele frequency 21.20%","G/A","CIMMYT–China panel","265","not applicable","not applicable","mostly spring wheat","Mexico and China; worldwide-origin panel","2022","analysis_ready","true","",""
"LR-2022-CIMCHINA-1285715","SU-2022-CIMMYT-CHINA-GWAS","DF-CIMMYT-CHINA-PANEL-265","PMID:36246592","https://pmc.ncbi.nlm.nih.gov/articles/PMC9561102/","MTA-1285715","3A","705290933","705290933","DON/Type III-associated","author-defined locus representative SNP after within-LD grouping","IWGSC Chinese Spring RefSeq v1.0","3A:705290933 bp representative marker","peak point only; other SNPs grouped under markers 1099971 and 1157139 are not counted as independent evidence","","resistance-allele frequency 67.57%","T/C","CIMMYT–China panel","265","not applicable","not applicable","mostly spring wheat","Mexico and China; worldwide-origin panel","2022","analysis_ready","true","",""
"LR-2022-CIMCHINA-1218288","SU-2022-CIMMYT-CHINA-GWAS","DF-CIMMYT-CHINA-PANEL-265","PMID:36246592","https://pmc.ncbi.nlm.nih.gov/articles/PMC9561102/","MTA-1218288","3D","571054888","571054888","DON/Type III-associated","author-defined locus representative SNP after within-LD grouping","IWGSC Chinese Spring RefSeq v1.0","3D:571054888 bp representative marker","peak point only; other SNPs grouped under markers 1099971 and 1157139 are not counted as independent evidence","","resistance-allele frequency 68.25%","A/G","CIMMYT–China panel","265","not applicable","not applicable","mostly spring wheat","Mexico and China; worldwide-origin panel","2022","analysis_ready","true","",""
"LR-2022-CIMCHINA-1091396","SU-2022-CIMMYT-CHINA-GWAS","DF-CIMMYT-CHINA-PANEL-265","PMID:36246592","https://pmc.ncbi.nlm.nih.gov/articles/PMC9561102/","MTA-1091396","4D","502708990","502708990","DON/Type III-associated","author-defined locus representative SNP after within-LD grouping","IWGSC Chinese Spring RefSeq v1.0","4D:502708990 bp representative marker","peak point only; other SNPs grouped under markers 1099971 and 1157139 are not counted as independent evidence","","resistance-allele frequency 6.92%","T/C","CIMMYT–China panel","265","not applicable","not applicable","mostly spring wheat","Mexico and China; worldwide-origin panel","2022","analysis_ready","true","",""
"LR-2022-CIMCHINA-989900","SU-2022-CIMMYT-CHINA-GWAS","DF-CIMMYT-CHINA-PANEL-265","PMID:36246592","https://pmc.ncbi.nlm.nih.gov/articles/PMC9561102/","MTA-989900","5A","666683794","666683794","DON/Type III-associated","author-defined locus representative SNP after within-LD grouping","IWGSC Chinese Spring RefSeq v1.0","5A:666683794 bp representative marker","peak point only; other SNPs grouped under markers 1099971 and 1157139 are not counted as independent evidence","","resistance-allele frequency 90.77%","C/A","CIMMYT–China panel","265","not applicable","not applicable","mostly spring wheat","Mexico and China; worldwide-origin panel","2022","analysis_ready","true","",""
"LR-2022-CIMCHINA-1091498","SU-2022-CIMMYT-CHINA-GWAS","DF-CIMMYT-CHINA-PANEL-265","PMID:36246592","https://pmc.ncbi.nlm.nih.gov/articles/PMC9561102/","MTA-1091498","5B","571213517","571213517","DON/Type III-associated","author-defined locus representative SNP after within-LD grouping","IWGSC Chinese Spring RefSeq v1.0","5B:571213517 bp representative marker","peak point only; other SNPs grouped under markers 1099971 and 1157139 are not counted as independent evidence","","resistance-allele frequency 65.32%","C/T","CIMMYT–China panel","265","not applicable","not applicable","mostly spring wheat","Mexico and China; worldwide-origin panel","2022","analysis_ready","true","",""
"LR-2020-AGS-QFdon-LSU-1A","SU-2020-AGS2060-AGS2035-DH","DF-AGS2060-AGS2035-DH","PMID:32630440","https://pmc.ncbi.nlm.nih.gov/articles/PMC7349885/","QFdon.LSU-1A","1A","25500000","66800000","DON/Type III","author-reported flanking-marker physical ranges consolidated by QTL name","IWGSC Chinese Spring RefSeq v1.0 (IWGSC 2018 reference cited)","1A:25.5-66.8 Mb author-name envelope; environment rows retained in audit","author-name envelope across environment rows; not a fine-mapping interval","hcmQTL-1","locus- and environment-specific; see source additive signs","7.14","AGS 2060 × AGS 2035","","AGS 2060 was less susceptible overall; favorable alleles were locus- and environment-dependent","AGS 2035 overall","soft red winter wheat","Louisiana and Arkansas, USA","2020","analysis_ready","true","",""
"LR-2020-AGS-QFdon-LSU-1D","SU-2020-AGS2060-AGS2035-DH","DF-AGS2060-AGS2035-DH","PMID:32630440","https://pmc.ncbi.nlm.nih.gov/articles/PMC7349885/","QFdon.LSU-1D","1D","419700000","420600000","DON/Type III","author-reported flanking-marker physical ranges consolidated by QTL name","IWGSC Chinese Spring RefSeq v1.0 (IWGSC 2018 reference cited)","1D:419.7-420.6 Mb author-name envelope; environment rows retained in audit","author-name envelope across environment rows; not a fine-mapping interval","","locus- and environment-specific; see source additive signs","5.45","AGS 2060 × AGS 2035","","AGS 2060 was less susceptible overall; favorable alleles were locus- and environment-dependent","AGS 2035 overall","soft red winter wheat","Louisiana and Arkansas, USA","2020","analysis_ready","true","",""
"LR-2020-AGS-QFdon-LSU-5A","SU-2020-AGS2060-AGS2035-DH","DF-AGS2060-AGS2035-DH","PMID:32630440","https://pmc.ncbi.nlm.nih.gov/articles/PMC7349885/","QFdon.LSU-5A","5A","8100000","8200000","DON/Type III","author-reported flanking-marker physical ranges consolidated by QTL name","IWGSC Chinese Spring RefSeq v1.0 (IWGSC 2018 reference cited)","5A:8.1-8.2 Mb author-name envelope; environment rows retained in audit","author-name envelope across environment rows; not a fine-mapping interval","","locus- and environment-specific; see source additive signs","6.08; 7.06; 11.62","AGS 2060 × AGS 2035","","AGS 2060 was less susceptible overall; favorable alleles were locus- and environment-dependent","AGS 2035 overall","soft red winter wheat","Louisiana and Arkansas, USA","2020","analysis_ready","true","",""
"LR-2020-AGS-QFdon-LSU-5B","SU-2020-AGS2060-AGS2035-DH","DF-AGS2060-AGS2035-DH","PMID:32630440","https://pmc.ncbi.nlm.nih.gov/articles/PMC7349885/","QFdon.LSU-5B","5B","","","DON/Type III","author-reported flanking-marker physical ranges consolidated by QTL name","IWGSC Chinese Spring RefSeq v1.0 (IWGSC 2018 reference cited)","5B:27.9-70.5 Mb author-name envelope; environment rows retained in audit","same-name environment rows contain non-overlapping physical placements; no artificial spanning interval is admitted to overlap analysis","","locus- and environment-specific; see source additive signs","-10.35; -5.97","AGS 2060 × AGS 2035","","AGS 2060 was less susceptible overall; favorable alleles were locus- and environment-dependent","AGS 2035 overall","soft red winter wheat","Louisiana and Arkansas, USA","2020","coordinate_conflict_flagged","false","Source coordinates are not directly harmonized to RefSeq v1.0",""
"LR-2020-AGS-QFdon-LSU-6A","SU-2020-AGS2060-AGS2035-DH","DF-AGS2060-AGS2035-DH","PMID:32630440","https://pmc.ncbi.nlm.nih.gov/articles/PMC7349885/","QFdon.LSU-6A","6A","","","DON/Type III","author-reported flanking-marker physical ranges consolidated by QTL name","IWGSC Chinese Spring RefSeq v1.0 (IWGSC 2018 reference cited)","6A:542.2-603.1 Mb author-name envelope; environment rows retained in audit","same-name environment rows contain non-overlapping physical placements; no artificial spanning interval is admitted to overlap analysis","","locus- and environment-specific; see source additive signs","-3.69; -3.65; 9.20","AGS 2060 × AGS 2035","","AGS 2060 was less susceptible overall; favorable alleles were locus- and environment-dependent","AGS 2035 overall","soft red winter wheat","Louisiana and Arkansas, USA","2020","coordinate_conflict_flagged","false","Source coordinates are not directly harmonized to RefSeq v1.0",""
"LR-2020-AGS-QFdon-LSU-7B","SU-2020-AGS2060-AGS2035-DH","DF-AGS2060-AGS2035-DH","PMID:32630440","https://pmc.ncbi.nlm.nih.gov/articles/PMC7349885/","QFdon.LSU-7B","7B","162700000","718500000","DON/Type III","author-reported flanking-marker physical ranges consolidated by QTL name","IWGSC Chinese Spring RefSeq v1.0 (IWGSC 2018 reference cited)","7B:162.7-718.5 Mb author-name envelope; environment rows retained in audit","author-name envelope across environment rows; not a fine-mapping interval","","locus- and environment-specific; see source additive signs","8.09; 10.83","AGS 2060 × AGS 2035","","AGS 2060 was less susceptible overall; favorable alleles were locus- and environment-dependent","AGS 2035 overall","soft red winter wheat","Louisiana and Arkansas, USA","2020","second_reviewed_excluded_primary","false","Interval exceeds the prespecified 200 Mb primary-analysis limit",""
"LR-2020-AGS-QFfdk-LSU-5A","SU-2020-AGS2060-AGS2035-DH","DF-AGS2060-AGS2035-DH","PMID:32630440","https://pmc.ncbi.nlm.nih.gov/articles/PMC7349885/","QFfdk.LSU-5A","5A","","","FDK/Type IV","author-reported flanking-marker physical ranges consolidated by QTL name","IWGSC Chinese Spring RefSeq v1.0 (IWGSC 2018 reference cited)","5A:33.01-596.5 Mb author-name envelope; environment rows retained in audit","same-name environment rows contain non-overlapping physical placements; no artificial spanning interval is admitted to overlap analysis","","locus- and environment-specific; see source additive signs","10.2; 4.7","AGS 2060 × AGS 2035","","AGS 2060 was less susceptible overall; favorable alleles were locus- and environment-dependent","AGS 2035 overall","soft red winter wheat","Louisiana and Arkansas, USA","2020","coordinate_conflict_flagged","false","Source coordinates are not directly harmonized to RefSeq v1.0",""
"LR-2020-AGS-QFfdk-LSU-5B","SU-2020-AGS2060-AGS2035-DH","DF-AGS2060-AGS2035-DH","PMID:32630440","https://pmc.ncbi.nlm.nih.gov/articles/PMC7349885/","QFfdk.LSU-5B","5B","279900000","435200000","FDK/Type IV","author-reported flanking-marker physical ranges consolidated by QTL name","IWGSC Chinese Spring RefSeq v1.0 (IWGSC 2018 reference cited)","5B:279.9-435.2 Mb author-name envelope; environment rows retained in audit","author-name envelope across environment rows; not a fine-mapping interval","","locus- and environment-specific; see source additive signs","-4.54; -5.97","AGS 2060 × AGS 2035","","AGS 2060 was less susceptible overall; favorable alleles were locus- and environment-dependent","AGS 2035 overall","soft red winter wheat","Louisiana and Arkansas, USA","2020","analysis_ready","true","",""
"LR-2020-AGS-QFfdk-LSU-6B","SU-2020-AGS2060-AGS2035-DH","DF-AGS2060-AGS2035-DH","PMID:32630440","https://pmc.ncbi.nlm.nih.gov/articles/PMC7349885/","QFfdk.LSU-6B","6B","3900000","6000000","FDK/Type IV","author-reported flanking-marker physical ranges consolidated by QTL name","IWGSC Chinese Spring RefSeq v1.0 (IWGSC 2018 reference cited)","6B:3.9-6 Mb author-name envelope; environment rows retained in audit","author-name envelope across environment rows; not a fine-mapping interval","","locus- and environment-specific; see source additive signs","5.21; 4.62; 5.81","AGS 2060 × AGS 2035","","AGS 2060 was less susceptible overall; favorable alleles were locus- and environment-dependent","AGS 2035 overall","soft red winter wheat","Louisiana and Arkansas, USA","2020","analysis_ready","true","",""
"LR-2020-AGS-QFdandf-LSU-1B","SU-2020-AGS2060-AGS2035-DH","DF-AGS2060-AGS2035-DH","PMID:32630440","https://pmc.ncbi.nlm.nih.gov/articles/PMC7349885/","QFd&f.LSU-1B","1B","540800000","601000000","DON + FDK/Types III–IV","author-reported flanking-marker physical ranges consolidated by QTL name","IWGSC Chinese Spring RefSeq v1.0 (IWGSC 2018 reference cited)","1B:540.8-601 Mb author-name envelope; environment rows retained in audit","author-name envelope across environment rows; not a fine-mapping interval","hcmQTL-6|hcmQTL-7","locus- and environment-specific; see source additive signs","-9.93; -8.19; -5.22","AGS 2060 × AGS 2035","","AGS 2060 was less susceptible overall; favorable alleles were locus- and environment-dependent","AGS 2035 overall","soft red winter wheat","Louisiana and Arkansas, USA","2020","analysis_ready","true","",""
"LR-2020-AGS-QFdandf-LSU-2A","SU-2020-AGS2060-AGS2035-DH","DF-AGS2060-AGS2035-DH","PMID:32630440","https://pmc.ncbi.nlm.nih.gov/articles/PMC7349885/","QFd&f.LSU-2A","2A","3100000","319000000","DON + FDK/Types III–IV","author-reported flanking-marker physical ranges consolidated by QTL name","IWGSC Chinese Spring RefSeq v1.0 (IWGSC 2018 reference cited)","2A:3.1-319 Mb author-name envelope; environment rows retained in audit","author-name envelope across environment rows; not a fine-mapping interval","","locus- and environment-specific; see source additive signs","-8.61; -6.02; -8.89; -3.80; -9.83","AGS 2060 × AGS 2035","","AGS 2060 was less susceptible overall; favorable alleles were locus- and environment-dependent","AGS 2035 overall","soft red winter wheat","Louisiana and Arkansas, USA","2020","second_reviewed_excluded_primary","false","Interval exceeds the prespecified 200 Mb primary-analysis limit",""
"LR-2020-AGS-QFdandf-LSU-2B","SU-2020-AGS2060-AGS2035-DH","DF-AGS2060-AGS2035-DH","PMID:32630440","https://pmc.ncbi.nlm.nih.gov/articles/PMC7349885/","QFd&f.LSU-2B","2B","740800000","747600000","DON + FDK/Types III–IV","author-reported flanking-marker physical ranges consolidated by QTL name","IWGSC Chinese Spring RefSeq v1.0 (IWGSC 2018 reference cited)","2B:740.8-747.6 Mb author-name envelope; environment rows retained in audit","author-name envelope across environment rows; not a fine-mapping interval","","locus- and environment-specific; see source additive signs","9.29; 3.39; 8.19; 3.16","AGS 2060 × AGS 2035","","AGS 2060 was less susceptible overall; favorable alleles were locus- and environment-dependent","AGS 2035 overall","soft red winter wheat","Louisiana and Arkansas, USA","2020","analysis_ready","true","",""
"LR-2020-AGS-QFdandf-LSU-7A","SU-2020-AGS2060-AGS2035-DH","DF-AGS2060-AGS2035-DH","PMID:32630440","https://pmc.ncbi.nlm.nih.gov/articles/PMC7349885/","QFd&f.LSU-7A","7A","1400000","5400000","DON + FDK/Types III–IV","author-reported flanking-marker physical ranges consolidated by QTL name","IWGSC Chinese Spring RefSeq v1.0 (IWGSC 2018 reference cited)","7A:1.4-5.4 Mb author-name envelope; environment rows retained in audit","author-name envelope across environment rows; not a fine-mapping interval","","locus- and environment-specific; see source additive signs","11.08; 10.57; 5.32; 4.03; 9.99","AGS 2060 × AGS 2035","","AGS 2060 was less susceptible overall; favorable alleles were locus- and environment-dependent","AGS 2035 overall","soft red winter wheat","Louisiana and Arkansas, USA","2020","analysis_ready","true","",""
"LR-2025-NORDBALT-QFHB-1BS.1","SU-2025-NORDIC-BALTIC-GWAS","DF-NORDIC-BALTIC-332-LONGITUDINAL","PMID:40772045","https://pmc.ncbi.nlm.nih.gov/articles/PMC12325435/","QFHB-1BS.1","1B","25316190","27056190","visual FHB resistance across mixed assessment categories","author-defined interval using chromosome-specific half-LD decay","IWGSC RefSeq v1.0 assembly with v1.1 annotation","1B:25316190-27056190 bp author LD interval","LD-based approximate interval; not a fine-mapping or causal interval","","G vs A","2.6","Nordic-Baltic spring wheat panel","332","not applicable","not applicable","spring wheat","Baltic, Nordic, Central/Western European and exotic germplasm","2025","analysis_ready","true","",""
"LR-2025-NORDBALT-QFHB-1BS.2","SU-2025-NORDIC-BALTIC-GWAS","DF-NORDIC-BALTIC-332-LONGITUDINAL","PMID:40772045","https://pmc.ncbi.nlm.nih.gov/articles/PMC12325435/","QFHB-1BS.2","1B","57454982","59194982","visual FHB resistance across mixed assessment categories","author-defined interval using chromosome-specific half-LD decay","IWGSC RefSeq v1.0 assembly with v1.1 annotation","1B:57454982-59194982 bp author LD interval","LD-based approximate interval; not a fine-mapping or causal interval","","A vs G","3.29","Nordic-Baltic spring wheat panel","332","not applicable","not applicable","spring wheat","Baltic, Nordic, Central/Western European and exotic germplasm","2025","analysis_ready","true","",""
"LR-2025-NORDBALT-QFHB-1BS.3","SU-2025-NORDIC-BALTIC-GWAS","DF-NORDIC-BALTIC-332-LONGITUDINAL","PMID:40772045","https://pmc.ncbi.nlm.nih.gov/articles/PMC12325435/","QFHB-1BS.3","1B","132267301","134007301","visual FHB resistance across mixed assessment categories","author-defined interval using chromosome-specific half-LD decay","IWGSC RefSeq v1.0 assembly with v1.1 annotation","1B:132267301-134007301 bp author LD interval","LD-based approximate interval; not a fine-mapping or causal interval","","G vs A","3.62","Nordic-Baltic spring wheat panel","332","not applicable","not applicable","spring wheat","Baltic, Nordic, Central/Western European and exotic germplasm","2025","analysis_ready","true","",""
"LR-2025-NORDBALT-QFHB-1BL.1","SU-2025-NORDIC-BALTIC-GWAS","DF-NORDIC-BALTIC-332-LONGITUDINAL","PMID:40772045","https://pmc.ncbi.nlm.nih.gov/articles/PMC12325435/","QFHB-1BL.1","1B","446453283","448193283","visual FHB resistance across mixed assessment categories","author-defined interval using chromosome-specific half-LD decay","IWGSC RefSeq v1.0 assembly with v1.1 annotation","1B:446453283-448193283 bp author LD interval","LD-based approximate interval; not a fine-mapping or causal interval","","A vs G","1.9-2.31","Nordic-Baltic spring wheat panel","332","not applicable","not applicable","spring wheat","Baltic, Nordic, Central/Western European and exotic germplasm","2025","analysis_ready","true","",""
"LR-2025-NORDBALT-QFHB-1BL.2","SU-2025-NORDIC-BALTIC-GWAS","DF-NORDIC-BALTIC-332-LONGITUDINAL","PMID:40772045","https://pmc.ncbi.nlm.nih.gov/articles/PMC12325435/","QFHB-1BL.2","1B","487595591","489335591","visual FHB resistance across mixed assessment categories","author-defined interval using chromosome-specific half-LD decay","IWGSC RefSeq v1.0 assembly with v1.1 annotation","1B:487595591-489335591 bp author LD interval","LD-based approximate interval; not a fine-mapping or causal interval","","A vs G","-2.19 to -5.56","Nordic-Baltic spring wheat panel","332","not applicable","not applicable","spring wheat","Baltic, Nordic, Central/Western European and exotic germplasm","2025","analysis_ready","true","",""
"LR-2025-NORDBALT-QFHB-1BL.3","SU-2025-NORDIC-BALTIC-GWAS","DF-NORDIC-BALTIC-332-LONGITUDINAL","PMID:40772045","https://pmc.ncbi.nlm.nih.gov/articles/PMC12325435/","QFHB-1BL.3","1B","548922880","550662880","visual FHB resistance across mixed assessment categories","author-defined interval using chromosome-specific half-LD decay","IWGSC RefSeq v1.0 assembly with v1.1 annotation","1B:548922880-550662880 bp author LD interval","LD-based approximate interval; not a fine-mapping or causal interval","","A vs C","2.62","Nordic-Baltic spring wheat panel","332","not applicable","not applicable","spring wheat","Baltic, Nordic, Central/Western European and exotic germplasm","2025","analysis_ready","true","",""
"LR-2025-NORDBALT-QFHB-1BL.4","SU-2025-NORDIC-BALTIC-GWAS","DF-NORDIC-BALTIC-332-LONGITUDINAL","PMID:40772045","https://pmc.ncbi.nlm.nih.gov/articles/PMC12325435/","QFHB-1BL.4","1B","556124553","557864553","visual FHB resistance across mixed assessment categories","author-defined interval using chromosome-specific half-LD decay","IWGSC RefSeq v1.0 assembly with v1.1 annotation","1B:556124553-557864553 bp author LD interval","LD-based approximate interval; not a fine-mapping or causal interval","","C vs T","4","Nordic-Baltic spring wheat panel","332","not applicable","not applicable","spring wheat","Baltic, Nordic, Central/Western European and exotic germplasm","2025","analysis_ready","true","",""
"LR-2025-NORDBALT-QFHB-2AS","SU-2025-NORDIC-BALTIC-GWAS","DF-NORDIC-BALTIC-332-LONGITUDINAL","PMID:40772045","https://pmc.ncbi.nlm.nih.gov/articles/PMC12325435/","QFHB-2AS","2A","59838062","60318062","visual FHB resistance across mixed assessment categories","author-defined interval using chromosome-specific half-LD decay","IWGSC RefSeq v1.0 assembly with v1.1 annotation","2A:59838062-60318062 bp author LD interval","LD-based approximate interval; not a fine-mapping or causal interval","","C vs G","-2.39","Nordic-Baltic spring wheat panel","332","not applicable","not applicable","spring wheat","Baltic, Nordic, Central/Western European and exotic germplasm","2025","analysis_ready","true","",""
"LR-2025-NORDBALT-QFHB-2AL.1","SU-2025-NORDIC-BALTIC-GWAS","DF-NORDIC-BALTIC-332-LONGITUDINAL","PMID:40772045","https://pmc.ncbi.nlm.nih.gov/articles/PMC12325435/","QFHB-2AL.1","2A","451569379","452049379","visual FHB resistance across mixed assessment categories","author-defined interval using chromosome-specific half-LD decay","IWGSC RefSeq v1.0 assembly with v1.1 annotation","2A:451569379-452049379 bp author LD interval","LD-based approximate interval; not a fine-mapping or causal interval","","G vs T","4.41-6.94","Nordic-Baltic spring wheat panel","332","not applicable","not applicable","spring wheat","Baltic, Nordic, Central/Western European and exotic germplasm","2025","analysis_ready","true","",""
"LR-2025-NORDBALT-QFHB-2AL.2","SU-2025-NORDIC-BALTIC-GWAS","DF-NORDIC-BALTIC-332-LONGITUDINAL","PMID:40772045","https://pmc.ncbi.nlm.nih.gov/articles/PMC12325435/","QFHB-2AL.2","2A","740126281","740606281","visual FHB resistance across mixed assessment categories","author-defined interval using chromosome-specific half-LD decay","IWGSC RefSeq v1.0 assembly with v1.1 annotation","2A:740126281-740606281 bp author LD interval","LD-based approximate interval; not a fine-mapping or causal interval","","C vs T","5.86","Nordic-Baltic spring wheat panel","332","not applicable","not applicable","spring wheat","Baltic, Nordic, Central/Western European and exotic germplasm","2025","analysis_ready","true","",""
"LR-2025-NORDBALT-QFHB-2AL.3","SU-2025-NORDIC-BALTIC-GWAS","DF-NORDIC-BALTIC-332-LONGITUDINAL","PMID:40772045","https://pmc.ncbi.nlm.nih.gov/articles/PMC12325435/","QFHB-2AL.3","2A","741896497","742376497","visual FHB resistance across mixed assessment categories","author-defined interval using chromosome-specific half-LD decay","IWGSC RefSeq v1.0 assembly with v1.1 annotation","2A:741896497-742376497 bp author LD interval","LD-based approximate interval; not a fine-mapping or causal interval","","T vs C","3.45-4.12","Nordic-Baltic spring wheat panel","332","not applicable","not applicable","spring wheat","Baltic, Nordic, Central/Western European and exotic germplasm","2025","analysis_ready","true","",""
"LR-2025-NORDBALT-QFHB-2AL.4","SU-2025-NORDIC-BALTIC-GWAS","DF-NORDIC-BALTIC-332-LONGITUDINAL","PMID:40772045","https://pmc.ncbi.nlm.nih.gov/articles/PMC12325435/","QFHB-2AL.4","2A","748201942","748681942","visual FHB resistance across mixed assessment categories","author-defined interval using chromosome-specific half-LD decay","IWGSC RefSeq v1.0 assembly with v1.1 annotation","2A:748201942-748681942 bp author LD interval","LD-based approximate interval; not a fine-mapping or causal interval","","A vs G","2.46-2.78","Nordic-Baltic spring wheat panel","332","not applicable","not applicable","spring wheat","Baltic, Nordic, Central/Western European and exotic germplasm","2025","analysis_ready","true","",""
"LR-2025-NORDBALT-QFHB-2AL.5","SU-2025-NORDIC-BALTIC-GWAS","DF-NORDIC-BALTIC-332-LONGITUDINAL","PMID:40772045","https://pmc.ncbi.nlm.nih.gov/articles/PMC12325435/","QFHB-2AL.5","2A","748223985","748703985","visual FHB resistance across mixed assessment categories","author-defined interval using chromosome-specific half-LD decay","IWGSC RefSeq v1.0 assembly with v1.1 annotation","2A:748223985-748703985 bp author LD interval","LD-based approximate interval; not a fine-mapping or causal interval","","C vs T","-2.74 to -3.96","Nordic-Baltic spring wheat panel","332","not applicable","not applicable","spring wheat","Baltic, Nordic, Central/Western European and exotic germplasm","2025","analysis_ready","true","",""
"LR-2025-NORDBALT-QFHB-2BS","SU-2025-NORDIC-BALTIC-GWAS","DF-NORDIC-BALTIC-332-LONGITUDINAL","PMID:40772045","https://pmc.ncbi.nlm.nih.gov/articles/PMC12325435/","QFHB-2BS","2B","209469673","211049673","visual FHB resistance across mixed assessment categories","author-defined interval using chromosome-specific half-LD decay","IWGSC RefSeq v1.0 assembly with v1.1 annotation","2B:209469673-211049673 bp author LD interval","LD-based approximate interval; not a fine-mapping or causal interval","","A vs G","-2.47 to -4.31","Nordic-Baltic spring wheat panel","332","not applicable","not applicable","spring wheat","Baltic, Nordic, Central/Western European and exotic germplasm","2025","analysis_ready","true","",""
"LR-2025-NORDBALT-QFHB-2BL.1","SU-2025-NORDIC-BALTIC-GWAS","DF-NORDIC-BALTIC-332-LONGITUDINAL","PMID:40772045","https://pmc.ncbi.nlm.nih.gov/articles/PMC12325435/","QFHB-2BL.1","2B","411872314","413452314","visual FHB resistance across mixed assessment categories","author-defined interval using chromosome-specific half-LD decay","IWGSC RefSeq v1.0 assembly with v1.1 annotation","2B:411872314-413452314 bp author LD interval","LD-based approximate interval; not a fine-mapping or causal interval","","A vs G","-2.79 to -4.57","Nordic-Baltic spring wheat panel","332","not applicable","not applicable","spring wheat","Baltic, Nordic, Central/Western European and exotic germplasm","2025","analysis_ready","true","",""
"LR-2025-NORDBALT-QFHB-2BL.2","SU-2025-NORDIC-BALTIC-GWAS","DF-NORDIC-BALTIC-332-LONGITUDINAL","PMID:40772045","https://pmc.ncbi.nlm.nih.gov/articles/PMC12325435/","QFHB-2BL.2","2B","587898399","589478399","visual FHB resistance across mixed assessment categories","author-defined interval using chromosome-specific half-LD decay","IWGSC RefSeq v1.0 assembly with v1.1 annotation","2B:587898399-589478399 bp author LD interval","LD-based approximate interval; not a fine-mapping or causal interval","","T vs C","4.36","Nordic-Baltic spring wheat panel","332","not applicable","not applicable","spring wheat","Baltic, Nordic, Central/Western European and exotic germplasm","2025","analysis_ready","true","",""
"LR-2025-NORDBALT-QFHB-2BL.3","SU-2025-NORDIC-BALTIC-GWAS","DF-NORDIC-BALTIC-332-LONGITUDINAL","PMID:40772045","https://pmc.ncbi.nlm.nih.gov/articles/PMC12325435/","QFHB-2BL.3","2B","646324183","647904183","visual FHB resistance across mixed assessment categories","author-defined interval using chromosome-specific half-LD decay","IWGSC RefSeq v1.0 assembly with v1.1 annotation","2B:646324183-647904183 bp author LD interval","LD-based approximate interval; not a fine-mapping or causal interval","","G vs A","2.02-3.58","Nordic-Baltic spring wheat panel","332","not applicable","not applicable","spring wheat","Baltic, Nordic, Central/Western European and exotic germplasm","2025","analysis_ready","true","",""
"LR-2025-NORDBALT-QFHB-2BL.4","SU-2025-NORDIC-BALTIC-GWAS","DF-NORDIC-BALTIC-332-LONGITUDINAL","PMID:40772045","https://pmc.ncbi.nlm.nih.gov/articles/PMC12325435/","QFHB-2BL.4","2B","731104245","732684245","visual FHB resistance across mixed assessment categories","author-defined interval using chromosome-specific half-LD decay","IWGSC RefSeq v1.0 assembly with v1.1 annotation","2B:731104245-732684245 bp author LD interval","LD-based approximate interval; not a fine-mapping or causal interval","","T vs C","1.96","Nordic-Baltic spring wheat panel","332","not applicable","not applicable","spring wheat","Baltic, Nordic, Central/Western European and exotic germplasm","2025","analysis_ready","true","",""
"LR-2025-NORDBALT-QFHB-2DL","SU-2025-NORDIC-BALTIC-GWAS","DF-NORDIC-BALTIC-332-LONGITUDINAL","PMID:40772045","https://pmc.ncbi.nlm.nih.gov/articles/PMC12325435/","QFHB-2DL","2D","505634581","507394581","visual FHB resistance across mixed assessment categories","author-defined interval using chromosome-specific half-LD decay","IWGSC RefSeq v1.0 assembly with v1.1 annotation","2D:505634581-507394581 bp author LD interval","LD-based approximate interval; not a fine-mapping or causal interval","","A vs G","-4.88","Nordic-Baltic spring wheat panel","332","not applicable","not applicable","spring wheat","Baltic, Nordic, Central/Western European and exotic germplasm","2025","analysis_ready","true","",""
"LR-2025-NORDBALT-QFHB-3AS.1","SU-2025-NORDIC-BALTIC-GWAS","DF-NORDIC-BALTIC-332-LONGITUDINAL","PMID:40772045","https://pmc.ncbi.nlm.nih.gov/articles/PMC12325435/","QFHB-3AS.1","3A","54549096","55209096","visual FHB resistance across mixed assessment categories","author-defined interval using chromosome-specific half-LD decay","IWGSC RefSeq v1.0 assembly with v1.1 annotation","3A:54549096-55209096 bp author LD interval","LD-based approximate interval; not a fine-mapping or causal interval","hcmQTL-26","G vs A","7.9","Nordic-Baltic spring wheat panel","332","not applicable","not applicable","spring wheat","Baltic, Nordic, Central/Western European and exotic germplasm","2025","analysis_ready","true","",""
"LR-2025-NORDBALT-QFHB-3AS.2","SU-2025-NORDIC-BALTIC-GWAS","DF-NORDIC-BALTIC-332-LONGITUDINAL","PMID:40772045","https://pmc.ncbi.nlm.nih.gov/articles/PMC12325435/","QFHB-3AS.2","3A","60889641","61549641","visual FHB resistance across mixed assessment categories","author-defined interval using chromosome-specific half-LD decay","IWGSC RefSeq v1.0 assembly with v1.1 annotation","3A:60889641-61549641 bp author LD interval","LD-based approximate interval; not a fine-mapping or causal interval","hcmQTL-26|hcmQTL-27","A vs C","-4.82","Nordic-Baltic spring wheat panel","332","not applicable","not applicable","spring wheat","Baltic, Nordic, Central/Western European and exotic germplasm","2025","analysis_ready","true","",""
"LR-2025-NORDBALT-QFHB-3AL.1","SU-2025-NORDIC-BALTIC-GWAS","DF-NORDIC-BALTIC-332-LONGITUDINAL","PMID:40772045","https://pmc.ncbi.nlm.nih.gov/articles/PMC12325435/","QFHB-3AL.1","3A","340954496","341614496","visual FHB resistance across mixed assessment categories","author-defined interval using chromosome-specific half-LD decay","IWGSC RefSeq v1.0 assembly with v1.1 annotation","3A:340954496-341614496 bp author LD interval","LD-based approximate interval; not a fine-mapping or causal interval","","G vs A","2.87-4.14","Nordic-Baltic spring wheat panel","332","not applicable","not applicable","spring wheat","Baltic, Nordic, Central/Western European and exotic germplasm","2025","analysis_ready","true","",""
"LR-2025-NORDBALT-QFHB-3AL.2","SU-2025-NORDIC-BALTIC-GWAS","DF-NORDIC-BALTIC-332-LONGITUDINAL","PMID:40772045","https://pmc.ncbi.nlm.nih.gov/articles/PMC12325435/","QFHB-3AL.2","3A","485266695","485926695","visual FHB resistance across mixed assessment categories","author-defined interval using chromosome-specific half-LD decay","IWGSC RefSeq v1.0 assembly with v1.1 annotation","3A:485266695-485926695 bp author LD interval","LD-based approximate interval; not a fine-mapping or causal interval","","G vs T","-4.91","Nordic-Baltic spring wheat panel","332","not applicable","not applicable","spring wheat","Baltic, Nordic, Central/Western European and exotic germplasm","2025","analysis_ready","true","",""
"LR-2025-NORDBALT-QFHB-3AL.3","SU-2025-NORDIC-BALTIC-GWAS","DF-NORDIC-BALTIC-332-LONGITUDINAL","PMID:40772045","https://pmc.ncbi.nlm.nih.gov/articles/PMC12325435/","QFHB-3AL.3","3A","555004400","555664400","visual FHB resistance across mixed assessment categories","author-defined interval using chromosome-specific half-LD decay","IWGSC RefSeq v1.0 assembly with v1.1 annotation","3A:555004400-555664400 bp author LD interval","LD-based approximate interval; not a fine-mapping or causal interval","","C vs T","-4.01","Nordic-Baltic spring wheat panel","332","not applicable","not applicable","spring wheat","Baltic, Nordic, Central/Western European and exotic germplasm","2025","analysis_ready","true","",""
"LR-2025-NORDBALT-QFHB-3AL.4","SU-2025-NORDIC-BALTIC-GWAS","DF-NORDIC-BALTIC-332-LONGITUDINAL","PMID:40772045","https://pmc.ncbi.nlm.nih.gov/articles/PMC12325435/","QFHB-3AL.4","3A","700613245","701273245","visual FHB resistance across mixed assessment categories","author-defined interval using chromosome-specific half-LD decay","IWGSC RefSeq v1.0 assembly with v1.1 annotation","3A:700613245-701273245 bp author LD interval","LD-based approximate interval; not a fine-mapping or causal interval","","T vs G","2.55","Nordic-Baltic spring wheat panel","332","not applicable","not applicable","spring wheat","Baltic, Nordic, Central/Western European and exotic germplasm","2025","analysis_ready","true","",""
"LR-2025-NORDBALT-QFHB-3AL.5","SU-2025-NORDIC-BALTIC-GWAS","DF-NORDIC-BALTIC-332-LONGITUDINAL","PMID:40772045","https://pmc.ncbi.nlm.nih.gov/articles/PMC12325435/","QFHB-3AL.5","3A","743224170","743884170","visual FHB resistance across mixed assessment categories","author-defined interval using chromosome-specific half-LD decay","IWGSC RefSeq v1.0 assembly with v1.1 annotation","3A:743224170-743884170 bp author LD interval","LD-based approximate interval; not a fine-mapping or causal interval","","G vs A","5.61","Nordic-Baltic spring wheat panel","332","not applicable","not applicable","spring wheat","Baltic, Nordic, Central/Western European and exotic germplasm","2025","analysis_ready","true","",""
"LR-2025-NORDBALT-QFHB-3AL.6","SU-2025-NORDIC-BALTIC-GWAS","DF-NORDIC-BALTIC-332-LONGITUDINAL","PMID:40772045","https://pmc.ncbi.nlm.nih.gov/articles/PMC12325435/","QFHB-3AL.6","3A","742283091","742943091","visual FHB resistance across mixed assessment categories","author-defined interval using chromosome-specific half-LD decay","IWGSC RefSeq v1.0 assembly with v1.1 annotation","3A:742283091-742943091 bp author LD interval","LD-based approximate interval; not a fine-mapping or causal interval","","A vs G","2.02","Nordic-Baltic spring wheat panel","332","not applicable","not applicable","spring wheat","Baltic, Nordic, Central/Western European and exotic germplasm","2025","analysis_ready","true","",""
"LR-2025-NORDBALT-QFHB-3AL.7","SU-2025-NORDIC-BALTIC-GWAS","DF-NORDIC-BALTIC-332-LONGITUDINAL","PMID:40772045","https://pmc.ncbi.nlm.nih.gov/articles/PMC12325435/","QFHB-3AL.7","3A","741293629","741953629","visual FHB resistance across mixed assessment categories","author-defined interval using chromosome-specific half-LD decay","IWGSC RefSeq v1.0 assembly with v1.1 annotation","3A:741293629-741953629 bp author LD interval","LD-based approximate interval; not a fine-mapping or causal interval","","C vs G","-5.25","Nordic-Baltic spring wheat panel","332","not applicable","not applicable","spring wheat","Baltic, Nordic, Central/Western European and exotic germplasm","2025","analysis_ready","true","",""
"LR-2025-NORDBALT-QFHB-3BL","SU-2025-NORDIC-BALTIC-GWAS","DF-NORDIC-BALTIC-332-LONGITUDINAL","PMID:40772045","https://pmc.ncbi.nlm.nih.gov/articles/PMC12325435/","QFHB-3BL","3B","547016409","549076409","visual FHB resistance across mixed assessment categories","author-defined interval using chromosome-specific half-LD decay","IWGSC RefSeq v1.0 assembly with v1.1 annotation","3B:547016409-549076409 bp author LD interval","LD-based approximate interval; not a fine-mapping or causal interval","","G vs A","-2.72","Nordic-Baltic spring wheat panel","332","not applicable","not applicable","spring wheat","Baltic, Nordic, Central/Western European and exotic germplasm","2025","analysis_ready","true","",""
"LR-2025-NORDBALT-QFHB-3BS","SU-2025-NORDIC-BALTIC-GWAS","DF-NORDIC-BALTIC-332-LONGITUDINAL","PMID:40772045","https://pmc.ncbi.nlm.nih.gov/articles/PMC12325435/","QFHB-3BS","3B","298568299","300628299","visual FHB resistance across mixed assessment categories","author-defined interval using chromosome-specific half-LD decay","IWGSC RefSeq v1.0 assembly with v1.1 annotation","3B:298568299-300628299 bp author LD interval","LD-based approximate interval; not a fine-mapping or causal interval","","Gvs T","6.53-6.56","Nordic-Baltic spring wheat panel","332","not applicable","not applicable","spring wheat","Baltic, Nordic, Central/Western European and exotic germplasm","2025","analysis_ready","true","",""
"LR-2025-NORDBALT-QFHB-3BL.1","SU-2025-NORDIC-BALTIC-GWAS","DF-NORDIC-BALTIC-332-LONGITUDINAL","PMID:40772045","https://pmc.ncbi.nlm.nih.gov/articles/PMC12325435/","QFHB-3BL.1","3B","378313163","380373163","visual FHB resistance across mixed assessment categories","author-defined interval using chromosome-specific half-LD decay","IWGSC RefSeq v1.0 assembly with v1.1 annotation","3B:378313163-380373163 bp author LD interval","LD-based approximate interval; not a fine-mapping or causal interval","","G vs A","-4.04","Nordic-Baltic spring wheat panel","332","not applicable","not applicable","spring wheat","Baltic, Nordic, Central/Western European and exotic germplasm","2025","analysis_ready","true","",""
"LR-2025-NORDBALT-QFHB-3BL.2","SU-2025-NORDIC-BALTIC-GWAS","DF-NORDIC-BALTIC-332-LONGITUDINAL","PMID:40772045","https://pmc.ncbi.nlm.nih.gov/articles/PMC12325435/","QFHB-3BL.2","3B","469567326","471643139","visual FHB resistance across mixed assessment categories","author-defined interval using chromosome-specific half-LD decay","IWGSC RefSeq v1.0 assembly with v1.1 annotation","3B:469567326-471643139 bp author LD interval","LD-based approximate interval; not a fine-mapping or causal interval","","A vs C and C vs T","2.28-2.6 and 2.71","Nordic-Baltic spring wheat panel","332","not applicable","not applicable","spring wheat","Baltic, Nordic, Central/Western European and exotic germplasm","2025","analysis_ready","true","",""
"LR-2025-NORDBALT-QFHB-3BL.3","SU-2025-NORDIC-BALTIC-GWAS","DF-NORDIC-BALTIC-332-LONGITUDINAL","PMID:40772045","https://pmc.ncbi.nlm.nih.gov/articles/PMC12325435/","QFHB-3BL.3","3B","784521568","786581568","visual FHB resistance across mixed assessment categories","author-defined interval using chromosome-specific half-LD decay","IWGSC RefSeq v1.0 assembly with v1.1 annotation","3B:784521568-786581568 bp author LD interval","LD-based approximate interval; not a fine-mapping or causal interval","","C vs T","4.38","Nordic-Baltic spring wheat panel","332","not applicable","not applicable","spring wheat","Baltic, Nordic, Central/Western European and exotic germplasm","2025","analysis_ready","true","",""
"LR-2025-NORDBALT-QFHB-3BL.4","SU-2025-NORDIC-BALTIC-GWAS","DF-NORDIC-BALTIC-332-LONGITUDINAL","PMID:40772045","https://pmc.ncbi.nlm.nih.gov/articles/PMC12325435/","QFHB-3BL.4","3B","818336648","820396648","visual FHB resistance across mixed assessment categories","author-defined interval using chromosome-specific half-LD decay","IWGSC RefSeq v1.0 assembly with v1.1 annotation","3B:818336648-820396648 bp author LD interval","LD-based approximate interval; not a fine-mapping or causal interval","","C vs T","2.88","Nordic-Baltic spring wheat panel","332","not applicable","not applicable","spring wheat","Baltic, Nordic, Central/Western European and exotic germplasm","2025","analysis_ready","true","",""
"LR-2025-NORDBALT-QFHB-4AL.1","SU-2025-NORDIC-BALTIC-GWAS","DF-NORDIC-BALTIC-332-LONGITUDINAL","PMID:40772045","https://pmc.ncbi.nlm.nih.gov/articles/PMC12325435/","QFHB-4AL.1","4A","589936039","590616039","visual FHB resistance across mixed assessment categories","author-defined interval using chromosome-specific half-LD decay","IWGSC RefSeq v1.0 assembly with v1.1 annotation","4A:589936039-590616039 bp author LD interval","LD-based approximate interval; not a fine-mapping or causal interval","","A vs C","5.64","Nordic-Baltic spring wheat panel","332","not applicable","not applicable","spring wheat","Baltic, Nordic, Central/Western European and exotic germplasm","2025","analysis_ready","true","",""
"LR-2025-NORDBALT-QFHB-4AL.2","SU-2025-NORDIC-BALTIC-GWAS","DF-NORDIC-BALTIC-332-LONGITUDINAL","PMID:40772045","https://pmc.ncbi.nlm.nih.gov/articles/PMC12325435/","QFHB-4AL.2","4A","685599389","686279389","visual FHB resistance across mixed assessment categories","author-defined interval using chromosome-specific half-LD decay","IWGSC RefSeq v1.0 assembly with v1.1 annotation","4A:685599389-686279389 bp author LD interval","LD-based approximate interval; not a fine-mapping or causal interval","","A vs G","-3.61","Nordic-Baltic spring wheat panel","332","not applicable","not applicable","spring wheat","Baltic, Nordic, Central/Western European and exotic germplasm","2025","analysis_ready","true","",""
"LR-2025-NORDBALT-QFHB-4DS","SU-2025-NORDIC-BALTIC-GWAS","DF-NORDIC-BALTIC-332-LONGITUDINAL","PMID:40772045","https://pmc.ncbi.nlm.nih.gov/articles/PMC12325435/","QFHB-4DS","4D","2856570","3936570","visual FHB resistance across mixed assessment categories","author-defined interval using chromosome-specific half-LD decay","IWGSC RefSeq v1.0 assembly with v1.1 annotation","4D:2856570-3936570 bp author LD interval","LD-based approximate interval; not a fine-mapping or causal interval","","A vs G","5.85","Nordic-Baltic spring wheat panel","332","not applicable","not applicable","spring wheat","Baltic, Nordic, Central/Western European and exotic germplasm","2025","analysis_ready","true","",""
"LR-2025-NORDBALT-QFHB-5AS","SU-2025-NORDIC-BALTIC-GWAS","DF-NORDIC-BALTIC-332-LONGITUDINAL","PMID:40772045","https://pmc.ncbi.nlm.nih.gov/articles/PMC12325435/","QFHB-5AS","5A","48164696","49624696","visual FHB resistance across mixed assessment categories","author-defined interval using chromosome-specific half-LD decay","IWGSC RefSeq v1.0 assembly with v1.1 annotation","5A:48164696-49624696 bp author LD interval","LD-based approximate interval; not a fine-mapping or causal interval","","G vs A","3.61","Nordic-Baltic spring wheat panel","332","not applicable","not applicable","spring wheat","Baltic, Nordic, Central/Western European and exotic germplasm","2025","analysis_ready","true","",""
"LR-2025-NORDBALT-QFHB-5AL.1","SU-2025-NORDIC-BALTIC-GWAS","DF-NORDIC-BALTIC-332-LONGITUDINAL","PMID:40772045","https://pmc.ncbi.nlm.nih.gov/articles/PMC12325435/","QFHB-5AL.1","5A","452614378","454074378","visual FHB resistance across mixed assessment categories","author-defined interval using chromosome-specific half-LD decay","IWGSC RefSeq v1.0 assembly with v1.1 annotation","5A:452614378-454074378 bp author LD interval","LD-based approximate interval; not a fine-mapping or causal interval","hcmQTL-45","T vs C","-2.02","Nordic-Baltic spring wheat panel","332","not applicable","not applicable","spring wheat","Baltic, Nordic, Central/Western European and exotic germplasm","2025","analysis_ready","true","",""
"LR-2025-NORDBALT-QFHB-5AL.2","SU-2025-NORDIC-BALTIC-GWAS","DF-NORDIC-BALTIC-332-LONGITUDINAL","PMID:40772045","https://pmc.ncbi.nlm.nih.gov/articles/PMC12325435/","QFHB-5AL.2","5A","558283969","559743969","visual FHB resistance across mixed assessment categories","author-defined interval using chromosome-specific half-LD decay","IWGSC RefSeq v1.0 assembly with v1.1 annotation","5A:558283969-559743969 bp author LD interval","LD-based approximate interval; not a fine-mapping or causal interval","","A vs C","3.21-4.56","Nordic-Baltic spring wheat panel","332","not applicable","not applicable","spring wheat","Baltic, Nordic, Central/Western European and exotic germplasm","2025","analysis_ready","true","",""
"LR-2025-NORDBALT-QFHB-5AL.3","SU-2025-NORDIC-BALTIC-GWAS","DF-NORDIC-BALTIC-332-LONGITUDINAL","PMID:40772045","https://pmc.ncbi.nlm.nih.gov/articles/PMC12325435/","QFHB-5AL.3","5A","559003665","560463665","visual FHB resistance across mixed assessment categories","author-defined interval using chromosome-specific half-LD decay","IWGSC RefSeq v1.0 assembly with v1.1 annotation","5A:559003665-560463665 bp author LD interval","LD-based approximate interval; not a fine-mapping or causal interval","","T vs G","2.08","Nordic-Baltic spring wheat panel","332","not applicable","not applicable","spring wheat","Baltic, Nordic, Central/Western European and exotic germplasm","2025","analysis_ready","true","",""
"LR-2025-NORDBALT-QFHB-5AL.4","SU-2025-NORDIC-BALTIC-GWAS","DF-NORDIC-BALTIC-332-LONGITUDINAL","PMID:40772045","https://pmc.ncbi.nlm.nih.gov/articles/PMC12325435/","QFHB-5AL.4","5A","566354013","567814013","visual FHB resistance across mixed assessment categories","author-defined interval using chromosome-specific half-LD decay","IWGSC RefSeq v1.0 assembly with v1.1 annotation","5A:566354013-567814013 bp author LD interval","LD-based approximate interval; not a fine-mapping or causal interval","","T vs C","2.8","Nordic-Baltic spring wheat panel","332","not applicable","not applicable","spring wheat","Baltic, Nordic, Central/Western European and exotic germplasm","2025","analysis_ready","true","",""
"LR-2025-NORDBALT-QFHB-5AL.5","SU-2025-NORDIC-BALTIC-GWAS","DF-NORDIC-BALTIC-332-LONGITUDINAL","PMID:40772045","https://pmc.ncbi.nlm.nih.gov/articles/PMC12325435/","QFHB-5AL.5","5A","570575591","572035591","visual FHB resistance across mixed assessment categories","author-defined interval using chromosome-specific half-LD decay","IWGSC RefSeq v1.0 assembly with v1.1 annotation","5A:570575591-572035591 bp author LD interval","LD-based approximate interval; not a fine-mapping or causal interval","","G vs A","2.55-3.37","Nordic-Baltic spring wheat panel","332","not applicable","not applicable","spring wheat","Baltic, Nordic, Central/Western European and exotic germplasm","2025","analysis_ready","true","",""
"LR-2025-NORDBALT-QFHB-5AL.6","SU-2025-NORDIC-BALTIC-GWAS","DF-NORDIC-BALTIC-332-LONGITUDINAL","PMID:40772045","https://pmc.ncbi.nlm.nih.gov/articles/PMC12325435/","QFHB-5AL.6","5A","595791018","597251018","visual FHB resistance across mixed assessment categories","author-defined interval using chromosome-specific half-LD decay","IWGSC RefSeq v1.0 assembly with v1.1 annotation","5A:595791018-597251018 bp author LD interval","LD-based approximate interval; not a fine-mapping or causal interval","","C vs A","-4.26","Nordic-Baltic spring wheat panel","332","not applicable","not applicable","spring wheat","Baltic, Nordic, Central/Western European and exotic germplasm","2025","analysis_ready","true","",""
"LR-2025-NORDBALT-QFHB-5BL.1","SU-2025-NORDIC-BALTIC-GWAS","DF-NORDIC-BALTIC-332-LONGITUDINAL","PMID:40772045","https://pmc.ncbi.nlm.nih.gov/articles/PMC12325435/","QFHB-5BL.1","5B","594419443","595599443","visual FHB resistance across mixed assessment categories","author-defined interval using chromosome-specific half-LD decay","IWGSC RefSeq v1.0 assembly with v1.1 annotation","5B:594419443-595599443 bp author LD interval","LD-based approximate interval; not a fine-mapping or causal interval","","G vs A","2.01-2.96","Nordic-Baltic spring wheat panel","332","not applicable","not applicable","spring wheat","Baltic, Nordic, Central/Western European and exotic germplasm","2025","analysis_ready","true","",""
"LR-2025-NORDBALT-QFHB-5BL.2","SU-2025-NORDIC-BALTIC-GWAS","DF-NORDIC-BALTIC-332-LONGITUDINAL","PMID:40772045","https://pmc.ncbi.nlm.nih.gov/articles/PMC12325435/","QFHB-5BL.2","5B","600746408","602834923","visual FHB resistance across mixed assessment categories","author-defined interval using chromosome-specific half-LD decay","IWGSC RefSeq v1.0 assembly with v1.1 annotation","5B:600746408-602834923 bp author LD interval","LD-based approximate interval; not a fine-mapping or causal interval","","T vs C and T vs G","-2.7 and -2.48 to 2.85","Nordic-Baltic spring wheat panel","332","not applicable","not applicable","spring wheat","Baltic, Nordic, Central/Western European and exotic germplasm","2025","analysis_ready","true","",""
"LR-2025-NORDBALT-QFHB-5DS","SU-2025-NORDIC-BALTIC-GWAS","DF-NORDIC-BALTIC-332-LONGITUDINAL","PMID:40772045","https://pmc.ncbi.nlm.nih.gov/articles/PMC12325435/","QFHB-5DS","5D","75017796","75817796","visual FHB resistance across mixed assessment categories","author-defined interval using chromosome-specific half-LD decay","IWGSC RefSeq v1.0 assembly with v1.1 annotation","5D:75017796-75817796 bp author LD interval","LD-based approximate interval; not a fine-mapping or causal interval","","C vs T","2.2","Nordic-Baltic spring wheat panel","332","not applicable","not applicable","spring wheat","Baltic, Nordic, Central/Western European and exotic germplasm","2025","analysis_ready","true","",""
"LR-2025-NORDBALT-QFHB-6BS.1","SU-2025-NORDIC-BALTIC-GWAS","DF-NORDIC-BALTIC-332-LONGITUDINAL","PMID:40772045","https://pmc.ncbi.nlm.nih.gov/articles/PMC12325435/","QFHB-6BS.1","6B","31440663","33220663","visual FHB resistance across mixed assessment categories","author-defined interval using chromosome-specific half-LD decay","IWGSC RefSeq v1.0 assembly with v1.1 annotation","6B:31440663-33220663 bp author LD interval","LD-based approximate interval; not a fine-mapping or causal interval","","G vs A","-3.18 to -5.11","Nordic-Baltic spring wheat panel","332","not applicable","not applicable","spring wheat","Baltic, Nordic, Central/Western European and exotic germplasm","2025","analysis_ready","true","",""
"LR-2025-NORDBALT-QFHB-6BS.2","SU-2025-NORDIC-BALTIC-GWAS","DF-NORDIC-BALTIC-332-LONGITUDINAL","PMID:40772045","https://pmc.ncbi.nlm.nih.gov/articles/PMC12325435/","QFHB-6BS.2","6B","119777133","121557133","visual FHB resistance across mixed assessment categories","author-defined interval using chromosome-specific half-LD decay","IWGSC RefSeq v1.0 assembly with v1.1 annotation","6B:119777133-121557133 bp author LD interval","LD-based approximate interval; not a fine-mapping or causal interval","","A vs G","-7.71","Nordic-Baltic spring wheat panel","332","not applicable","not applicable","spring wheat","Baltic, Nordic, Central/Western European and exotic germplasm","2025","analysis_ready","true","",""
"LR-2025-NORDBALT-QFHB-6BS.3","SU-2025-NORDIC-BALTIC-GWAS","DF-NORDIC-BALTIC-332-LONGITUDINAL","PMID:40772045","https://pmc.ncbi.nlm.nih.gov/articles/PMC12325435/","QFHB-6BS.3","6B","120599135","122379764","visual FHB resistance across mixed assessment categories","author-defined interval using chromosome-specific half-LD decay","IWGSC RefSeq v1.0 assembly with v1.1 annotation","6B:120599135-122379764 bp author LD interval","LD-based approximate interval; not a fine-mapping or causal interval","","C vs T and G vs T","-2.77 and -2.7 to -4.9","Nordic-Baltic spring wheat panel","332","not applicable","not applicable","spring wheat","Baltic, Nordic, Central/Western European and exotic germplasm","2025","analysis_ready","true","",""
"LR-2025-NORDBALT-QFHB-6BL","SU-2025-NORDIC-BALTIC-GWAS","DF-NORDIC-BALTIC-332-LONGITUDINAL","PMID:40772045","https://pmc.ncbi.nlm.nih.gov/articles/PMC12325435/","QFHB-6BL","6B","642275761","644055761","visual FHB resistance across mixed assessment categories","author-defined interval using chromosome-specific half-LD decay","IWGSC RefSeq v1.0 assembly with v1.1 annotation","6B:642275761-644055761 bp author LD interval","LD-based approximate interval; not a fine-mapping or causal interval","","C vs T","-2.3to -2.57","Nordic-Baltic spring wheat panel","332","not applicable","not applicable","spring wheat","Baltic, Nordic, Central/Western European and exotic germplasm","2025","analysis_ready","true","",""
"LR-2025-NORDBALT-QFHB-6DL","SU-2025-NORDIC-BALTIC-GWAS","DF-NORDIC-BALTIC-332-LONGITUDINAL","PMID:40772045","https://pmc.ncbi.nlm.nih.gov/articles/PMC12325435/","QFHB-6DL","6D","398724706","399344706","visual FHB resistance across mixed assessment categories","author-defined interval using chromosome-specific half-LD decay","IWGSC RefSeq v1.0 assembly with v1.1 annotation","6D:398724706-399344706 bp author LD interval","LD-based approximate interval; not a fine-mapping or causal interval","","C vs A","4.17-9.92","Nordic-Baltic spring wheat panel","332","not applicable","not applicable","spring wheat","Baltic, Nordic, Central/Western European and exotic germplasm","2025","analysis_ready","true","",""
"LR-2025-NORDBALT-QFHB-7AS","SU-2025-NORDIC-BALTIC-GWAS","DF-NORDIC-BALTIC-332-LONGITUDINAL","PMID:40772045","https://pmc.ncbi.nlm.nih.gov/articles/PMC12325435/","QFHB-7AS","7A","24467584","25387584","visual FHB resistance across mixed assessment categories","author-defined interval using chromosome-specific half-LD decay","IWGSC RefSeq v1.0 assembly with v1.1 annotation","7A:24467584-25387584 bp author LD interval","LD-based approximate interval; not a fine-mapping or causal interval","","A vs G","3.73","Nordic-Baltic spring wheat panel","332","not applicable","not applicable","spring wheat","Baltic, Nordic, Central/Western European and exotic germplasm","2025","analysis_ready","true","",""
"LR-2025-NORDBALT-QFHB-7DS.1","SU-2025-NORDIC-BALTIC-GWAS","DF-NORDIC-BALTIC-332-LONGITUDINAL","PMID:40772045","https://pmc.ncbi.nlm.nih.gov/articles/PMC12325435/","QFHB-7DS.1","7D","59393246","59953246","visual FHB resistance across mixed assessment categories","author-defined interval using chromosome-specific half-LD decay","IWGSC RefSeq v1.0 assembly with v1.1 annotation","7D:59393246-59953246 bp author LD interval","LD-based approximate interval; not a fine-mapping or causal interval","","G vs A","5.56","Nordic-Baltic spring wheat panel","332","not applicable","not applicable","spring wheat","Baltic, Nordic, Central/Western European and exotic germplasm","2025","analysis_ready","true","",""
"LR-2025-NORDBALT-QFHB-7DS.2","SU-2025-NORDIC-BALTIC-GWAS","DF-NORDIC-BALTIC-332-LONGITUDINAL","PMID:40772045","https://pmc.ncbi.nlm.nih.gov/articles/PMC12325435/","QFHB-7DS.2","7D","111085704","111645704","visual FHB resistance across mixed assessment categories","author-defined interval using chromosome-specific half-LD decay","IWGSC RefSeq v1.0 assembly with v1.1 annotation","7D:111085704-111645704 bp author LD interval","LD-based approximate interval; not a fine-mapping or causal interval","","A vs G","-2.86","Nordic-Baltic spring wheat panel","332","not applicable","not applicable","spring wheat","Baltic, Nordic, Central/Western European and exotic germplasm","2025","analysis_ready","true","",""
"LR-2025-CSASWG-wsnp-Ex-c11055-17927668","SU-2025-CIMMYT-SOUTH-ASIA-GWAS","DF-CIMMYT-SOUTH-ASIA-174","PMID:40430810","https://pmc.ncbi.nlm.nih.gov/articles/PMC12114887/","MTA-wsnp_Ex_c11055_17927668","5D","","","visual FHB index","author-reported marker point; assembly provenance unresolved","not explicitly reported in source","5D:561706128 bp representative marker","physical coordinate version is not stated; no cross-version substitution is applied","","reported for three reproducible markers","3.06","CIMMYT and South Asian Wheat Germplasm panel","174","not applicable","not applicable","spring wheat","CIMMYT Mexico and South Asian origin","2025","second_reviewed_excluded_primary","false","Source coordinates are not directly harmonized to RefSeq v1.0",""
"LR-2025-CSASWG-Tdurum-contig44948-1812","SU-2025-CIMMYT-SOUTH-ASIA-GWAS","DF-CIMMYT-SOUTH-ASIA-174","PMID:40430810","https://pmc.ncbi.nlm.nih.gov/articles/PMC12114887/","MTA-Tdurum_contig44948_1812","7B","","","visual FHB index","author-reported marker point; assembly provenance unresolved","not explicitly reported in source","7B:699838421 bp representative marker","physical coordinate version is not stated; no cross-version substitution is applied","","reported for three reproducible markers","2.91","CIMMYT and South Asian Wheat Germplasm panel","174","not applicable","not applicable","spring wheat","CIMMYT Mexico and South Asian origin","2025","second_reviewed_excluded_primary","false","Source coordinates are not directly harmonized to RefSeq v1.0",""
"LR-2025-CSASWG-Tdurum-contig28176-55","SU-2025-CIMMYT-SOUTH-ASIA-GWAS","DF-CIMMYT-SOUTH-ASIA-174","PMID:40430810","https://pmc.ncbi.nlm.nih.gov/articles/PMC12114887/","MTA-Tdurum_contig28176_55","7B","","","visual FHB index","author-reported marker point; assembly provenance unresolved","not explicitly reported in source","7B:544138607 bp representative marker","physical coordinate version is not stated; no cross-version substitution is applied","","reported for three reproducible markers","5.49","CIMMYT and South Asian Wheat Germplasm panel","174","not applicable","not applicable","spring wheat","CIMMYT Mexico and South Asian origin","2025","second_reviewed_excluded_primary","false","Source coordinates are not directly harmonized to RefSeq v1.0",""
"LR-2025-CSASWG-Tdurum-contig102328-129","SU-2025-CIMMYT-SOUTH-ASIA-GWAS","DF-CIMMYT-SOUTH-ASIA-174","PMID:40430810","https://pmc.ncbi.nlm.nih.gov/articles/PMC12114887/","MTA-Tdurum_contig102328_129","7B","","","visual FHB index","author-reported marker point; assembly provenance unresolved","not explicitly reported in source","7B:565742062 bp representative marker","physical coordinate version is not stated; no cross-version substitution is applied","","reported for three reproducible markers","3.54; 3.44; 2.83","CIMMYT and South Asian Wheat Germplasm panel","174","not applicable","not applicable","spring wheat","CIMMYT Mexico and South Asian origin","2025","second_reviewed_excluded_primary","false","Source coordinates are not directly harmonized to RefSeq v1.0",""
"LR-2025-CSASWG-Tdurum-contig10036-474","SU-2025-CIMMYT-SOUTH-ASIA-GWAS","DF-CIMMYT-SOUTH-ASIA-174","PMID:40430810","https://pmc.ncbi.nlm.nih.gov/articles/PMC12114887/","MTA-Tdurum_contig10036_474","1A","","","visual FHB index","author-reported marker point; assembly provenance unresolved","not explicitly reported in source","1A:556304788 bp representative marker","physical coordinate version is not stated; no cross-version substitution is applied","","reported for three reproducible markers","2.61","CIMMYT and South Asian Wheat Germplasm panel","174","not applicable","not applicable","spring wheat","CIMMYT Mexico and South Asian origin","2025","second_reviewed_excluded_primary","false","Source coordinates are not directly harmonized to RefSeq v1.0",""
"LR-2025-CSASWG-RAC875-rep-c111159-57","SU-2025-CIMMYT-SOUTH-ASIA-GWAS","DF-CIMMYT-SOUTH-ASIA-174","PMID:40430810","https://pmc.ncbi.nlm.nih.gov/articles/PMC12114887/","MTA-RAC875_rep_c111159_57","7A","","","visual FHB index","author-reported marker point; assembly provenance unresolved","not explicitly reported in source","7A:700808659 bp representative marker","physical coordinate version is not stated; no cross-version substitution is applied","","reported for three reproducible markers","2.81","CIMMYT and South Asian Wheat Germplasm panel","174","not applicable","not applicable","spring wheat","CIMMYT Mexico and South Asian origin","2025","second_reviewed_excluded_primary","false","Source coordinates are not directly harmonized to RefSeq v1.0",""
"LR-2025-CSASWG-RAC875-c60218-63","SU-2025-CIMMYT-SOUTH-ASIA-GWAS","DF-CIMMYT-SOUTH-ASIA-174","PMID:40430810","https://pmc.ncbi.nlm.nih.gov/articles/PMC12114887/","MTA-RAC875_c60218_63","4A","","","visual FHB index","author-reported marker point; assembly provenance unresolved","not explicitly reported in source","4A:217653852 bp representative marker","physical coordinate version is not stated; no cross-version substitution is applied","","reported for three reproducible markers","2.05","CIMMYT and South Asian Wheat Germplasm panel","174","not applicable","not applicable","spring wheat","CIMMYT Mexico and South Asian origin","2025","second_reviewed_excluded_primary","false","Source coordinates are not directly harmonized to RefSeq v1.0",""
"LR-2025-CSASWG-RAC875-c32611-347","SU-2025-CIMMYT-SOUTH-ASIA-GWAS","DF-CIMMYT-SOUTH-ASIA-174","PMID:40430810","https://pmc.ncbi.nlm.nih.gov/articles/PMC12114887/","MTA-RAC875_c32611_347","4A","","","visual FHB index","author-reported marker point; assembly provenance unresolved","not explicitly reported in source","4A:669816688 bp representative marker","physical coordinate version is not stated; no cross-version substitution is applied","","reported for three reproducible markers","4.46","CIMMYT and South Asian Wheat Germplasm panel","174","not applicable","not applicable","spring wheat","CIMMYT Mexico and South Asian origin","2025","second_reviewed_excluded_primary","false","Source coordinates are not directly harmonized to RefSeq v1.0",""
"LR-2025-CSASWG-RAC875-c2456-849","SU-2025-CIMMYT-SOUTH-ASIA-GWAS","DF-CIMMYT-SOUTH-ASIA-174","PMID:40430810","https://pmc.ncbi.nlm.nih.gov/articles/PMC12114887/","MTA-RAC875_c2456_849","4B","","","visual FHB index","author-reported marker point; assembly provenance unresolved","not explicitly reported in source","4B:562356529 bp representative marker","physical coordinate version is not stated; no cross-version substitution is applied","","reported for three reproducible markers","4.25","CIMMYT and South Asian Wheat Germplasm panel","174","not applicable","not applicable","spring wheat","CIMMYT Mexico and South Asian origin","2025","second_reviewed_excluded_primary","false","Source coordinates are not directly harmonized to RefSeq v1.0",""
"LR-2025-CSASWG-Ra-c58315-265","SU-2025-CIMMYT-SOUTH-ASIA-GWAS","DF-CIMMYT-SOUTH-ASIA-174","PMID:40430810","https://pmc.ncbi.nlm.nih.gov/articles/PMC12114887/","MTA-Ra_c58315_265","1A","","","visual FHB index","author-reported marker point; assembly provenance unresolved","not explicitly reported in source","1A:473637106 bp representative marker","physical coordinate version is not stated; no cross-version substitution is applied","","reported for three reproducible markers","6.05; 4.99","CIMMYT and South Asian Wheat Germplasm panel","174","not applicable","not applicable","spring wheat","CIMMYT Mexico and South Asian origin","2025","second_reviewed_excluded_primary","false","Source coordinates are not directly harmonized to RefSeq v1.0",""
"LR-2025-CSASWG-Kukri-c9683-723","SU-2025-CIMMYT-SOUTH-ASIA-GWAS","DF-CIMMYT-SOUTH-ASIA-174","PMID:40430810","https://pmc.ncbi.nlm.nih.gov/articles/PMC12114887/","MTA-Kukri_c9683_723","7A","","","visual FHB index","author-reported marker point; assembly provenance unresolved","not explicitly reported in source","7A:700702592 bp representative marker","physical coordinate version is not stated; no cross-version substitution is applied","","reported for three reproducible markers","2.97","CIMMYT and South Asian Wheat Germplasm panel","174","not applicable","not applicable","spring wheat","CIMMYT Mexico and South Asian origin","2025","second_reviewed_excluded_primary","false","Source coordinates are not directly harmonized to RefSeq v1.0",""
"LR-2025-CSASWG-Ku-c20136-198","SU-2025-CIMMYT-SOUTH-ASIA-GWAS","DF-CIMMYT-SOUTH-ASIA-174","PMID:40430810","https://pmc.ncbi.nlm.nih.gov/articles/PMC12114887/","MTA-Ku_c20136_198","7B","","","visual FHB index","author-reported marker point; assembly provenance unresolved","not explicitly reported in source","7B:609385718 bp representative marker","physical coordinate version is not stated; no cross-version substitution is applied","","reported for three reproducible markers","3.92; 3.34; 2.96","CIMMYT and South Asian Wheat Germplasm panel","174","not applicable","not applicable","spring wheat","CIMMYT Mexico and South Asian origin","2025","second_reviewed_excluded_primary","false","Source coordinates are not directly harmonized to RefSeq v1.0",""
"LR-2025-CSASWG-Excalibur-rep-c111660-89","SU-2025-CIMMYT-SOUTH-ASIA-GWAS","DF-CIMMYT-SOUTH-ASIA-174","PMID:40430810","https://pmc.ncbi.nlm.nih.gov/articles/PMC12114887/","MTA-Excalibur_rep_c111660_89","7A","","","visual FHB index","author-reported marker point; assembly provenance unresolved","not explicitly reported in source","7A:585065925 bp representative marker","physical coordinate version is not stated; no cross-version substitution is applied","","reported for three reproducible markers","6.23","CIMMYT and South Asian Wheat Germplasm panel","174","not applicable","not applicable","spring wheat","CIMMYT Mexico and South Asian origin","2025","second_reviewed_excluded_primary","false","Source coordinates are not directly harmonized to RefSeq v1.0",""
"LR-2025-CSASWG-Excalibur-c59894-97","SU-2025-CIMMYT-SOUTH-ASIA-GWAS","DF-CIMMYT-SOUTH-ASIA-174","PMID:40430810","https://pmc.ncbi.nlm.nih.gov/articles/PMC12114887/","MTA-Excalibur_c59894_97","1A","","","visual FHB index","author-reported marker point; assembly provenance unresolved","not explicitly reported in source","1A:463813596 bp representative marker","physical coordinate version is not stated; no cross-version substitution is applied","","reported for three reproducible markers","3.71","CIMMYT and South Asian Wheat Germplasm panel","174","not applicable","not applicable","spring wheat","CIMMYT Mexico and South Asian origin","2025","second_reviewed_excluded_primary","false","Source coordinates are not directly harmonized to RefSeq v1.0",""
"LR-2025-CSASWG-BS00059062-51","SU-2025-CIMMYT-SOUTH-ASIA-GWAS","DF-CIMMYT-SOUTH-ASIA-174","PMID:40430810","https://pmc.ncbi.nlm.nih.gov/articles/PMC12114887/","MTA-BS00059062_51","7B","","","visual FHB index","author-reported marker point; assembly provenance unresolved","not explicitly reported in source","7B:545991407 bp representative marker","physical coordinate version is not stated; no cross-version substitution is applied","","reported for three reproducible markers","6.23","CIMMYT and South Asian Wheat Germplasm panel","174","not applicable","not applicable","spring wheat","CIMMYT Mexico and South Asian origin","2025","second_reviewed_excluded_primary","false","Source coordinates are not directly harmonized to RefSeq v1.0",""
"LR-2025-CSASWG-BS00059061-51","SU-2025-CIMMYT-SOUTH-ASIA-GWAS","DF-CIMMYT-SOUTH-ASIA-174","PMID:40430810","https://pmc.ncbi.nlm.nih.gov/articles/PMC12114887/","MTA-BS00059061_51","7B","","","visual FHB index","author-reported marker point; assembly provenance unresolved","not explicitly reported in source","7B:545991505 bp representative marker","physical coordinate version is not stated; no cross-version substitution is applied","","reported for three reproducible markers","5.49","CIMMYT and South Asian Wheat Germplasm panel","174","not applicable","not applicable","spring wheat","CIMMYT Mexico and South Asian origin","2025","second_reviewed_excluded_primary","false","Source coordinates are not directly harmonized to RefSeq v1.0",""
"LR-2025-CSASWG-BobWhite-c14736-188","SU-2025-CIMMYT-SOUTH-ASIA-GWAS","DF-CIMMYT-SOUTH-ASIA-174","PMID:40430810","https://pmc.ncbi.nlm.nih.gov/articles/PMC12114887/","MTA-BobWhite_c14736_188","7B","","","visual FHB index","author-reported marker point; assembly provenance unresolved","not explicitly reported in source","7B:699375055 bp representative marker","physical coordinate version is not stated; no cross-version substitution is applied","","reported for three reproducible markers","3.02","CIMMYT and South Asian Wheat Germplasm panel","174","not applicable","not applicable","spring wheat","CIMMYT Mexico and South Asian origin","2025","second_reviewed_excluded_primary","false","Source coordinates are not directly harmonized to RefSeq v1.0",""
"LR-2025-CSASWG-AX-94793903","SU-2025-CIMMYT-SOUTH-ASIA-GWAS","DF-CIMMYT-SOUTH-ASIA-174","PMID:40430810","https://pmc.ncbi.nlm.nih.gov/articles/PMC12114887/","MTA-AX-94793903","1D","","","visual FHB index","author-reported marker point; assembly provenance unresolved","not explicitly reported in source","1D:291636258 bp representative marker","physical coordinate version is not stated; no cross-version substitution is applied","","reported for three reproducible markers","2.11","CIMMYT and South Asian Wheat Germplasm panel","174","not applicable","not applicable","spring wheat","CIMMYT Mexico and South Asian origin","2025","second_reviewed_excluded_primary","false","Source coordinates are not directly harmonized to RefSeq v1.0",""
"LR-2025-CSASWG-AX-94639168","SU-2025-CIMMYT-SOUTH-ASIA-GWAS","DF-CIMMYT-SOUTH-ASIA-174","PMID:40430810","https://pmc.ncbi.nlm.nih.gov/articles/PMC12114887/","MTA-AX-94639168","2B","","","visual FHB index","author-reported marker point; assembly provenance unresolved","not explicitly reported in source","2B:107117765 bp representative marker","physical coordinate version is not stated; no cross-version substitution is applied","","reported for three reproducible markers","4.11","CIMMYT and South Asian Wheat Germplasm panel","174","not applicable","not applicable","spring wheat","CIMMYT Mexico and South Asian origin","2025","second_reviewed_excluded_primary","false","Source coordinates are not directly harmonized to RefSeq v1.0",""
"LR-2023-CANHIST-QFhb.dms-1A.1","SU-2023-CANADIAN-HISTORICAL-GWAS","DF-CANADIAN-HISTORICAL-MODERN-249","PMID:37680355","https://pmc.ncbi.nlm.nih.gov/articles/PMC10482112/","QFhb.dms-1A.1","1A","","","FHB incidence/severity/visual rating index","author-defined QTL region across significant SNPs","IWGSC RefSeq v2.0","1A:12.4-48.8 Mb","source v2.0 interval retained without linear conversion to v1.0","","","","historical and modern Canadian spring wheat panel","249","not applicable","not applicable","spring wheat","western Canada","2023","coordinate_checked_cross_assembly","false","Source coordinates are not directly harmonized to RefSeq v1.0",""
"LR-2023-CANHIST-QFhb.dms-1A.2","SU-2023-CANADIAN-HISTORICAL-GWAS","DF-CANADIAN-HISTORICAL-MODERN-249","PMID:37680355","https://pmc.ncbi.nlm.nih.gov/articles/PMC10482112/","QFhb.dms-1A.2","1A","","","FHB incidence/severity/visual rating index","author-defined QTL region across significant SNPs","IWGSC RefSeq v2.0","1A:123.9 Mb","source v2.0 interval retained without linear conversion to v1.0","","","","historical and modern Canadian spring wheat panel","249","not applicable","not applicable","spring wheat","western Canada","2023","coordinate_checked_cross_assembly","false","Source coordinates are not directly harmonized to RefSeq v1.0",""
"LR-2023-CANHIST-QFhb.dms-2A.2","SU-2023-CANADIAN-HISTORICAL-GWAS","DF-CANADIAN-HISTORICAL-MODERN-249","PMID:37680355","https://pmc.ncbi.nlm.nih.gov/articles/PMC10482112/","QFhb.dms-2A.2","2A","","","FHB incidence/severity/visual rating index","author-defined QTL region across significant SNPs","IWGSC RefSeq v2.0","2A:170.8 Mb","source v2.0 interval retained without linear conversion to v1.0","","","","historical and modern Canadian spring wheat panel","249","not applicable","not applicable","spring wheat","western Canada","2023","coordinate_checked_cross_assembly","false","Source coordinates are not directly harmonized to RefSeq v1.0",""
"LR-2023-CANHIST-QFhb.dms-2B.8","SU-2023-CANADIAN-HISTORICAL-GWAS","DF-CANADIAN-HISTORICAL-MODERN-249","PMID:37680355","https://pmc.ncbi.nlm.nih.gov/articles/PMC10482112/","QFhb.dms-2B.8","2B","","","FHB incidence/severity/visual rating index","author-defined QTL region across significant SNPs","IWGSC RefSeq v2.0","2B:691.1-700.1 Mb","source v2.0 interval retained without linear conversion to v1.0","","","","historical and modern Canadian spring wheat panel","249","not applicable","not applicable","spring wheat","western Canada","2023","coordinate_checked_cross_assembly","false","Source coordinates are not directly harmonized to RefSeq v1.0",""
"LR-2023-CANHIST-QFhb.dms-2D.2","SU-2023-CANADIAN-HISTORICAL-GWAS","DF-CANADIAN-HISTORICAL-MODERN-249","PMID:37680355","https://pmc.ncbi.nlm.nih.gov/articles/PMC10482112/","QFhb.dms-2D.2","2D","","","FHB incidence/severity/visual rating index","author-defined QTL region across significant SNPs","IWGSC RefSeq v2.0","2D:159.1 Mb","source v2.0 interval retained without linear conversion to v1.0","","","","historical and modern Canadian spring wheat panel","249","not applicable","not applicable","spring wheat","western Canada","2023","coordinate_checked_cross_assembly","false","Source coordinates are not directly harmonized to RefSeq v1.0",""
"LR-2023-CANHIST-QFhb.dms-3A.1","SU-2023-CANADIAN-HISTORICAL-GWAS","DF-CANADIAN-HISTORICAL-MODERN-249","PMID:37680355","https://pmc.ncbi.nlm.nih.gov/articles/PMC10482112/","QFhb.dms-3A.1","3A","","","FHB incidence/severity/visual rating index","author-defined QTL region across significant SNPs","IWGSC RefSeq v2.0","3A:10.5-26.0 Mb","source v2.0 interval retained without linear conversion to v1.0","","","","historical and modern Canadian spring wheat panel","249","not applicable","not applicable","spring wheat","western Canada","2023","coordinate_checked_cross_assembly","false","Source coordinates are not directly harmonized to RefSeq v1.0",""
"LR-2023-CANHIST-QFhb.dms-3B.1","SU-2023-CANADIAN-HISTORICAL-GWAS","DF-CANADIAN-HISTORICAL-MODERN-249","PMID:37680355","https://pmc.ncbi.nlm.nih.gov/articles/PMC10482112/","QFhb.dms-3B.1","3B","","","FHB incidence/severity/visual rating index","author-defined QTL region across significant SNPs","IWGSC RefSeq v2.0","3B:10.2-23.5 Mb","source v2.0 interval retained without linear conversion to v1.0","","","","historical and modern Canadian spring wheat panel","249","not applicable","not applicable","spring wheat","western Canada","2023","coordinate_checked_cross_assembly","false","Source coordinates are not directly harmonized to RefSeq v1.0",""
"LR-2023-CANHIST-QFhb.dms-3D.1","SU-2023-CANADIAN-HISTORICAL-GWAS","DF-CANADIAN-HISTORICAL-MODERN-249","PMID:37680355","https://pmc.ncbi.nlm.nih.gov/articles/PMC10482112/","QFhb.dms-3D.1","3D","","","FHB incidence/severity/visual rating index","author-defined QTL region across significant SNPs","IWGSC RefSeq v2.0","3D:3.1-11.7 Mb","source v2.0 interval retained without linear conversion to v1.0","","","","historical and modern Canadian spring wheat panel","249","not applicable","not applicable","spring wheat","western Canada","2023","coordinate_checked_cross_assembly","false","Source coordinates are not directly harmonized to RefSeq v1.0",""
"LR-2023-CANHIST-QFhb.dms-5A.5","SU-2023-CANADIAN-HISTORICAL-GWAS","DF-CANADIAN-HISTORICAL-MODERN-249","PMID:37680355","https://pmc.ncbi.nlm.nih.gov/articles/PMC10482112/","QFhb.dms-5A.5","5A","","","FHB incidence/severity/visual rating index","author-defined QTL region across significant SNPs","IWGSC RefSeq v2.0","5A:414.2-522.7 Mb","source v2.0 interval retained without linear conversion to v1.0","","","","historical and modern Canadian spring wheat panel","249","not applicable","not applicable","spring wheat","western Canada","2023","coordinate_checked_cross_assembly","false","Source coordinates are not directly harmonized to RefSeq v1.0",""
"LR-2023-CANHIST-QFhb.dms-5A.6","SU-2023-CANADIAN-HISTORICAL-GWAS","DF-CANADIAN-HISTORICAL-MODERN-249","PMID:37680355","https://pmc.ncbi.nlm.nih.gov/articles/PMC10482112/","QFhb.dms-5A.6","5A","","","FHB incidence/severity/visual rating index","author-defined QTL region across significant SNPs","IWGSC RefSeq v2.0","5A:596.2-617.1 Mb","source v2.0 interval retained without linear conversion to v1.0","","","","historical and modern Canadian spring wheat panel","249","not applicable","not applicable","spring wheat","western Canada","2023","coordinate_checked_cross_assembly","false","Source coordinates are not directly harmonized to RefSeq v1.0",""
"LR-2023-CANHIST-QFhb.dms-5A.7","SU-2023-CANADIAN-HISTORICAL-GWAS","DF-CANADIAN-HISTORICAL-MODERN-249","PMID:37680355","https://pmc.ncbi.nlm.nih.gov/articles/PMC10482112/","QFhb.dms-5A.7","5A","","","FHB incidence/severity/visual rating index","author-defined QTL region across significant SNPs","IWGSC RefSeq v2.0","5A:683.3-710.1 Mb","source v2.0 interval retained without linear conversion to v1.0","","","","historical and modern Canadian spring wheat panel","249","not applicable","not applicable","spring wheat","western Canada","2023","coordinate_checked_cross_assembly","false","Source coordinates are not directly harmonized to RefSeq v1.0",""
"LR-2023-CANHIST-QFhb.dms-5B.8","SU-2023-CANADIAN-HISTORICAL-GWAS","DF-CANADIAN-HISTORICAL-MODERN-249","PMID:37680355","https://pmc.ncbi.nlm.nih.gov/articles/PMC10482112/","QFhb.dms-5B.8","5B","","","FHB incidence/severity/visual rating index","author-defined QTL region across significant SNPs","IWGSC RefSeq v2.0","5B:640.0 Mb","source v2.0 interval retained without linear conversion to v1.0","","","","historical and modern Canadian spring wheat panel","249","not applicable","not applicable","spring wheat","western Canada","2023","coordinate_checked_cross_assembly","false","Source coordinates are not directly harmonized to RefSeq v1.0",""
"LR-2023-CANHIST-QFhb.dms-5D.3","SU-2023-CANADIAN-HISTORICAL-GWAS","DF-CANADIAN-HISTORICAL-MODERN-249","PMID:37680355","https://pmc.ncbi.nlm.nih.gov/articles/PMC10482112/","QFhb.dms-5D.3","5D","","","FHB incidence/severity/visual rating index","author-defined QTL region across significant SNPs","IWGSC RefSeq v2.0","5D:477.8 Mb","source v2.0 interval retained without linear conversion to v1.0","","","","historical and modern Canadian spring wheat panel","249","not applicable","not applicable","spring wheat","western Canada","2023","coordinate_checked_cross_assembly","false","Source coordinates are not directly harmonized to RefSeq v1.0",""
"LR-2023-CANHIST-QFhb.dms-6A.4","SU-2023-CANADIAN-HISTORICAL-GWAS","DF-CANADIAN-HISTORICAL-MODERN-249","PMID:37680355","https://pmc.ncbi.nlm.nih.gov/articles/PMC10482112/","QFhb.dms-6A.4","6A","","","FHB incidence/severity/visual rating index","author-defined QTL region across significant SNPs","IWGSC RefSeq v2.0","6A:597.6-609.4 Mb","source v2.0 interval retained without linear conversion to v1.0","","","","historical and modern Canadian spring wheat panel","249","not applicable","not applicable","spring wheat","western Canada","2023","coordinate_checked_cross_assembly","false","Source coordinates are not directly harmonized to RefSeq v1.0",""
"LR-2023-CANHIST-QFhb.dms-6D.1","SU-2023-CANADIAN-HISTORICAL-GWAS","DF-CANADIAN-HISTORICAL-MODERN-249","PMID:37680355","https://pmc.ncbi.nlm.nih.gov/articles/PMC10482112/","QFhb.dms-6D.1","6D","","","FHB incidence/severity/visual rating index","author-defined QTL region across significant SNPs","IWGSC RefSeq v2.0","6D:3.5-12 Mb","source v2.0 interval retained without linear conversion to v1.0","","","","historical and modern Canadian spring wheat panel","249","not applicable","not applicable","spring wheat","western Canada","2023","coordinate_checked_cross_assembly","false","Source coordinates are not directly harmonized to RefSeq v1.0",""
"LR-2023-CANHIST-QFhb.dms-7A.1","SU-2023-CANADIAN-HISTORICAL-GWAS","DF-CANADIAN-HISTORICAL-MODERN-249","PMID:37680355","https://pmc.ncbi.nlm.nih.gov/articles/PMC10482112/","QFhb.dms-7A.1","7A","","","FHB incidence/severity/visual rating index","author-defined QTL region across significant SNPs","IWGSC RefSeq v2.0","7A:43.0-89.2 Mb","source v2.0 interval retained without linear conversion to v1.0","","","","historical and modern Canadian spring wheat panel","249","not applicable","not applicable","spring wheat","western Canada","2023","coordinate_checked_cross_assembly","false","Source coordinates are not directly harmonized to RefSeq v1.0",""
"LR-2025-ND495-QFhb-rwg-1D","SU-2025-ND495-LARGO-RIL","DF-ND495-LARGO-RIL-188","PMID:40635262","https://pmc.ncbi.nlm.nih.gov/articles/PMC12241835/","QFhb.rwg-1D","1D","","","Type II FHB severity","source genetic interval; no physical boundary admitted","IWGSC Chinese Spring RefSeq v1.0","1D:genetic interval only","genetic-only; source peak IWB17549 lacked a physical chromosome-1D alignment","","Largo","","ND495 × Largo","188","Largo for several loci; ND495 contributed resistance effects at some QTL","locus-dependent","spring wheat","North Dakota, USA","2025","second_reviewed_excluded_primary","false","Source coordinates are not directly harmonized to RefSeq v1.0",""
"LR-2025-ND495-QFhb-rwg-2D","SU-2025-ND495-LARGO-RIL","DF-ND495-LARGO-RIL-188","PMID:40635262","https://pmc.ncbi.nlm.nih.gov/articles/PMC12241835/","QFhb.rwg-2D","2D","481600000","538700000","Type II FHB severity","author-reported v1.0 marker extent","IWGSC Chinese Spring RefSeq v1.0","2D:481600000-538700000 bp","envelope across greenhouse and field environment rows","","locus-dependent; source reports ND495 effects for several loci","","ND495 × Largo","188","Largo for several loci; ND495 contributed resistance effects at some QTL","locus-dependent","spring wheat","North Dakota, USA","2025","analysis_ready","true","",""
"LR-2025-ND495-QFhb-rwg-5B","SU-2025-ND495-LARGO-RIL","DF-ND495-LARGO-RIL-188","PMID:40635262","https://pmc.ncbi.nlm.nih.gov/articles/PMC12241835/","QFhb.rwg-5B","5B","666200000","669600000","Type II FHB severity","author-reported v1.0 marker extent","IWGSC Chinese Spring RefSeq v1.0","5B:666200000-669600000 bp","discussion-reported flanking-marker interval","","Largo","","ND495 × Largo","188","Largo for several loci; ND495 contributed resistance effects at some QTL","locus-dependent","spring wheat","North Dakota, USA","2025","analysis_ready","true","",""
"LR-2025-ND495-QFhb-rwg-7D-1","SU-2025-ND495-LARGO-RIL","DF-ND495-LARGO-RIL-188","PMID:40635262","https://pmc.ncbi.nlm.nih.gov/articles/PMC12241835/","QFhb.rwg-7D.1","7D","40300000","43000000","Type II FHB severity","author-reported v1.0 marker extent","IWGSC Chinese Spring RefSeq v1.0","7D:40300000-43000000 bp","discussion-reported flanking-marker interval","","locus-dependent; source reports ND495 effects for several loci","","ND495 × Largo","188","Largo for several loci; ND495 contributed resistance effects at some QTL","locus-dependent","spring wheat","North Dakota, USA","2025","analysis_ready","true","",""
"LR-2025-ND495-QFhb-rwg-7D-2","SU-2025-ND495-LARGO-RIL","DF-ND495-LARGO-RIL-188","PMID:40635262","https://pmc.ncbi.nlm.nih.gov/articles/PMC12241835/","QFhb.rwg-7D.2","7D","117800000","146100000","Type II FHB severity","author-reported v1.0 marker extent","IWGSC Chinese Spring RefSeq v1.0","7D:117800000-146100000 bp","significant-marker span retained; source genetic CI is wider","hcmQTL-76","locus-dependent; source reports ND495 effects for several loci","","ND495 × Largo","188","Largo for several loci; ND495 contributed resistance effects at some QTL","locus-dependent","spring wheat","North Dakota, USA","2025","analysis_ready","true","",""
"LR-2025-ND495-QFhb-rwg-7D-3","SU-2025-ND495-LARGO-RIL","DF-ND495-LARGO-RIL-188","PMID:40635262","https://pmc.ncbi.nlm.nih.gov/articles/PMC12241835/","QFhb.rwg-7D.3","7D","503700000","526400000","Type II FHB severity","author-reported v1.0 marker extent","IWGSC Chinese Spring RefSeq v1.0","7D:503700000-526400000 bp","discussion-reported flanking-marker interval","hcmQTL-77","locus-dependent; source reports ND495 effects for several loci","","ND495 × Largo","188","Largo for several loci; ND495 contributed resistance effects at some QTL","locus-dependent","spring wheat","North Dakota, USA","2025","analysis_ready","true","",""
"LR-2020-TENACIOUS-DI-QFhi.lrdc-2B","SU-2020-AAC-TENACIOUS-DH","DF-AAC-INNOVA-TENACIOUS-DH","PMID:32599868","https://pmc.ncbi.nlm.nih.gov/articles/PMC7350018/","QFhi.lrdc-2B","2B","","","incidence/Type I-associated","closest-marker point from source table; genetic CI is retained separately","IWGSC Chinese Spring RefSeq v2.0","2B:265366634-265366661 bp closest-marker alignment","not a physical QTL boundary; source v2.0 marker coordinate is retained without conversion","","T","0.5","AAC Innova × AAC Tenacious","","AAC Tenacious","AAC Innova","spring wheat","Canada","2020","coordinate_checked_cross_assembly","false","Source coordinates are not directly harmonized to RefSeq v1.0",""
"LR-2020-TENACIOUS-DI-QFhi.lrdc-2D","SU-2020-AAC-TENACIOUS-DH","DF-AAC-INNOVA-TENACIOUS-DH","PMID:32599868","https://pmc.ncbi.nlm.nih.gov/articles/PMC7350018/","QFhi.lrdc-2D*","2D","","","incidence/Type I-associated","closest-marker point from source table; genetic CI is retained separately","IWGSC Chinese Spring RefSeq v2.0","2D:36204772-36205433 bp closest-marker alignment","not a physical QTL boundary; source v2.0 marker coordinate is retained without conversion","","T","1.0","AAC Innova × AAC Tenacious","","AAC Tenacious","AAC Innova","spring wheat","Canada","2020","coordinate_checked_cross_assembly","false","Source coordinates are not directly harmonized to RefSeq v1.0",""
"LR-2020-TENACIOUS-DI-QFhi.lrdc-4A","SU-2020-AAC-TENACIOUS-DH","DF-AAC-INNOVA-TENACIOUS-DH","PMID:32599868","https://pmc.ncbi.nlm.nih.gov/articles/PMC7350018/","QFhi.lrdc-4A","4A","","","incidence/Type I-associated","closest-marker point from source table; genetic CI is retained separately","IWGSC Chinese Spring RefSeq v2.0","4A:688408942-688409042 bp closest-marker alignment","not a physical QTL boundary; source v2.0 marker coordinate is retained without conversion","","I","0.7","AAC Innova × AAC Tenacious","","AAC Tenacious","AAC Innova","spring wheat","Canada","2020","coordinate_checked_cross_assembly","false","Source coordinates are not directly harmonized to RefSeq v1.0",""
"LR-2020-TENACIOUS-DI-QFhi.lrdc-4D","SU-2020-AAC-TENACIOUS-DH","DF-AAC-INNOVA-TENACIOUS-DH","PMID:32599868","https://pmc.ncbi.nlm.nih.gov/articles/PMC7350018/","QFhi.lrdc-4D","4D","","","incidence/Type I-associated","closest-marker point from source table; genetic CI is retained separately","IWGSC Chinese Spring RefSeq v2.0","4D:515801671-515801764 bp closest-marker alignment","not a physical QTL boundary; source v2.0 marker coordinate is retained without conversion","","I","0.4","AAC Innova × AAC Tenacious","","AAC Tenacious","AAC Innova","spring wheat","Canada","2020","coordinate_checked_cross_assembly","false","Source coordinates are not directly harmonized to RefSeq v1.0",""
"LR-2020-TENACIOUS-DI-QFhi.lrdc-5D","SU-2020-AAC-TENACIOUS-DH","DF-AAC-INNOVA-TENACIOUS-DH","PMID:32599868","https://pmc.ncbi.nlm.nih.gov/articles/PMC7350018/","QFhi.lrdc-5D","5D","","","incidence/Type I-associated","closest-marker point from source table; genetic CI is retained separately","IWGSC Chinese Spring RefSeq v2.0","5D:279491036-279491136 bp closest-marker alignment","not a physical QTL boundary; source v2.0 marker coordinate is retained without conversion","","T","0.4","AAC Innova × AAC Tenacious","","AAC Tenacious","AAC Innova","spring wheat","Canada","2020","coordinate_checked_cross_assembly","false","Source coordinates are not directly harmonized to RefSeq v1.0",""
"LR-2020-TENACIOUS-DI-QFhi.lrdc-7A","SU-2020-AAC-TENACIOUS-DH","DF-AAC-INNOVA-TENACIOUS-DH","PMID:32599868","https://pmc.ncbi.nlm.nih.gov/articles/PMC7350018/","QFhi.lrdc-7A","7A","","","incidence/Type I-associated","closest-marker point from source table; genetic CI is retained separately","IWGSC Chinese Spring RefSeq v2.0","7A:673715328-673715447 bp closest-marker alignment","not a physical QTL boundary; source v2.0 marker coordinate is retained without conversion","","T","0.4","AAC Innova × AAC Tenacious","","AAC Tenacious","AAC Innova","spring wheat","Canada","2020","coordinate_checked_cross_assembly","false","Source coordinates are not directly harmonized to RefSeq v1.0",""
"LR-2020-TENACIOUS-DS-QFhs.lrdc-2D.1","SU-2020-AAC-TENACIOUS-DH","DF-AAC-INNOVA-TENACIOUS-DH","PMID:32599868","https://pmc.ncbi.nlm.nih.gov/articles/PMC7350018/","QFhs.lrdc-2D.1*","2D","","","severity/Type II-associated","closest-marker point from source table; genetic CI is retained separately","IWGSC Chinese Spring RefSeq v2.0","2D:36204772-36205433 bp closest-marker alignment","not a physical QTL boundary; source v2.0 marker coordinate is retained without conversion","","T","0.8","AAC Innova × AAC Tenacious","","AAC Tenacious","AAC Innova","spring wheat","Canada","2020","coordinate_checked_cross_assembly","false","Source coordinates are not directly harmonized to RefSeq v1.0",""
"LR-2020-TENACIOUS-DS-QFhs.lrdc-2D.2","SU-2020-AAC-TENACIOUS-DH","DF-AAC-INNOVA-TENACIOUS-DH","PMID:32599868","https://pmc.ncbi.nlm.nih.gov/articles/PMC7350018/","QFhs.lrdc-2D.2*","2D","","","severity/Type II-associated","closest-marker point from source table; genetic CI is retained separately","IWGSC Chinese Spring RefSeq v2.0","2D:555098707-555098805 bp closest-marker alignment","not a physical QTL boundary; source v2.0 marker coordinate is retained without conversion","","T","0.5","AAC Innova × AAC Tenacious","","AAC Tenacious","AAC Innova","spring wheat","Canada","2020","coordinate_checked_cross_assembly","false","Source coordinates are not directly harmonized to RefSeq v1.0",""
"LR-2020-TENACIOUS-DS-QFhs.lrdc-4A","SU-2020-AAC-TENACIOUS-DH","DF-AAC-INNOVA-TENACIOUS-DH","PMID:32599868","https://pmc.ncbi.nlm.nih.gov/articles/PMC7350018/","QFhs.lrdc-4A","4A","","","severity/Type II-associated","closest-marker point from source table; genetic CI is retained separately","IWGSC Chinese Spring RefSeq v2.0","4A:688408942-688409042 bp closest-marker alignment","not a physical QTL boundary; source v2.0 marker coordinate is retained without conversion","","I","0.5","AAC Innova × AAC Tenacious","","AAC Tenacious","AAC Innova","spring wheat","Canada","2020","coordinate_checked_cross_assembly","false","Source coordinates are not directly harmonized to RefSeq v1.0",""
"LR-2020-TENACIOUS-DS-QFhs.lrdc-7B","SU-2020-AAC-TENACIOUS-DH","DF-AAC-INNOVA-TENACIOUS-DH","PMID:32599868","https://pmc.ncbi.nlm.nih.gov/articles/PMC7350018/","QFhs.lrdc-7B","7B","","","severity/Type II-associated","closest-marker point from source table; genetic CI is retained separately","IWGSC Chinese Spring RefSeq v2.0","7B:17091049-17091249 bp closest-marker alignment","not a physical QTL boundary; source v2.0 marker coordinate is retained without conversion","","I","0.4","AAC Innova × AAC Tenacious","","AAC Tenacious","AAC Innova","spring wheat","Canada","2020","coordinate_checked_cross_assembly","false","Source coordinates are not directly harmonized to RefSeq v1.0",""
"LR-2020-TENACIOUS-VRI-QFhb.lrdc-2D.1","SU-2020-AAC-TENACIOUS-DH","DF-AAC-INNOVA-TENACIOUS-DH","PMID:32599868","https://pmc.ncbi.nlm.nih.gov/articles/PMC7350018/","QFhb.lrdc-2D.1*","2D","","","visual FHB index composite","closest-marker point from source table; genetic CI is retained separately","IWGSC Chinese Spring RefSeq v2.0","2D:36204772-36205433 bp closest-marker alignment","not a physical QTL boundary; source v2.0 marker coordinate is retained without conversion","","T","9.4","AAC Innova × AAC Tenacious","","AAC Tenacious","AAC Innova","spring wheat","Canada","2020","coordinate_checked_cross_assembly","false","Source coordinates are not directly harmonized to RefSeq v1.0",""
"LR-2020-TENACIOUS-VRI-QFhb.lrdc-2D.2","SU-2020-AAC-TENACIOUS-DH","DF-AAC-INNOVA-TENACIOUS-DH","PMID:32599868","https://pmc.ncbi.nlm.nih.gov/articles/PMC7350018/","QFhb.lrdc-2D.2*","2D","","","visual FHB index composite","closest-marker point from source table; genetic CI is retained separately","IWGSC Chinese Spring RefSeq v2.0","2D:555098707-555098805 bp closest-marker alignment","not a physical QTL boundary; source v2.0 marker coordinate is retained without conversion","","T","4.8","AAC Innova × AAC Tenacious","","AAC Tenacious","AAC Innova","spring wheat","Canada","2020","coordinate_checked_cross_assembly","false","Source coordinates are not directly harmonized to RefSeq v1.0",""
"LR-2020-TENACIOUS-VRI-QFhb.lrdc-4A","SU-2020-AAC-TENACIOUS-DH","DF-AAC-INNOVA-TENACIOUS-DH","PMID:32599868","https://pmc.ncbi.nlm.nih.gov/articles/PMC7350018/","QFhb.lrdc-4A","4A","","","visual FHB index composite","closest-marker point from source table; genetic CI is retained separately","IWGSC Chinese Spring RefSeq v2.0","4A:688408942-688409042 bp closest-marker alignment","not a physical QTL boundary; source v2.0 marker coordinate is retained without conversion","","I","6.6","AAC Innova × AAC Tenacious","","AAC Tenacious","AAC Innova","spring wheat","Canada","2020","coordinate_checked_cross_assembly","false","Source coordinates are not directly harmonized to RefSeq v1.0",""
"LR-2020-TENACIOUS-VRI-QFhb.lrdc-5D","SU-2020-AAC-TENACIOUS-DH","DF-AAC-INNOVA-TENACIOUS-DH","PMID:32599868","https://pmc.ncbi.nlm.nih.gov/articles/PMC7350018/","QFhb.lrdc-5D","5D","","","visual FHB index composite","closest-marker point from source table; genetic CI is retained separately","IWGSC Chinese Spring RefSeq v2.0","5D:279491036-279491136 bp closest-marker alignment","not a physical QTL boundary; source v2.0 marker coordinate is retained without conversion","","T","3.4","AAC Innova × AAC Tenacious","","AAC Tenacious","AAC Innova","spring wheat","Canada","2020","coordinate_checked_cross_assembly","false","Source coordinates are not directly harmonized to RefSeq v1.0",""
"LR-2020-TENACIOUS-VRI-QFhb.lrdc-7B","SU-2020-AAC-TENACIOUS-DH","DF-AAC-INNOVA-TENACIOUS-DH","PMID:32599868","https://pmc.ncbi.nlm.nih.gov/articles/PMC7350018/","QFhb.lrdc-7B","7B","","","visual FHB index composite","closest-marker point from source table; genetic CI is retained separately","IWGSC Chinese Spring RefSeq v2.0","7B:17091049-17091249 bp closest-marker alignment","not a physical QTL boundary; source v2.0 marker coordinate is retained without conversion","","I","4.9","AAC Innova × AAC Tenacious","","AAC Tenacious","AAC Innova","spring wheat","Canada","2020","coordinate_checked_cross_assembly","false","Source coordinates are not directly harmonized to RefSeq v1.0",""
"LR-2020-TENACIOUS-DON-QDon.lrdc-2D.1","SU-2020-AAC-TENACIOUS-DH","DF-AAC-INNOVA-TENACIOUS-DH","PMID:32599868","https://pmc.ncbi.nlm.nih.gov/articles/PMC7350018/","QDon.lrdc-2D.1*","2D","","","DON/Type III","closest-marker point from source table; genetic CI is retained separately","IWGSC Chinese Spring RefSeq v2.0","2D:36204772-36205433 bp closest-marker alignment","not a physical QTL boundary; source v2.0 marker coordinate is retained without conversion","","T","3.0","AAC Innova × AAC Tenacious","","AAC Tenacious","AAC Innova","spring wheat","Canada","2020","coordinate_checked_cross_assembly","false","Source coordinates are not directly harmonized to RefSeq v1.0",""
"LR-2020-TENACIOUS-DON-QDon.lrdc-2D.2","SU-2020-AAC-TENACIOUS-DH","DF-AAC-INNOVA-TENACIOUS-DH","PMID:32599868","https://pmc.ncbi.nlm.nih.gov/articles/PMC7350018/","QDon.lrdc-2D.2*","2D","","","DON/Type III","closest-marker point from source table; genetic CI is retained separately","IWGSC Chinese Spring RefSeq v2.0","2D:555098707-555098805 bp closest-marker alignment","not a physical QTL boundary; source v2.0 marker coordinate is retained without conversion","","T","6.0","AAC Innova × AAC Tenacious","","AAC Tenacious","AAC Innova","spring wheat","Canada","2020","coordinate_checked_cross_assembly","false","Source coordinates are not directly harmonized to RefSeq v1.0",""
"LR-2020-TENACIOUS-DON-QDon.lrdc-3B.1","SU-2020-AAC-TENACIOUS-DH","DF-AAC-INNOVA-TENACIOUS-DH","PMID:32599868","https://pmc.ncbi.nlm.nih.gov/articles/PMC7350018/","QDon.lrdc-3B.1*","3B","","","DON/Type III","closest-marker point from source table; genetic CI is retained separately","IWGSC Chinese Spring RefSeq v2.0","3B:753508832-753508932 bp closest-marker alignment","not a physical QTL boundary; source v2.0 marker coordinate is retained without conversion","","T","2.1","AAC Innova × AAC Tenacious","","AAC Tenacious","AAC Innova","spring wheat","Canada","2020","coordinate_checked_cross_assembly","false","Source coordinates are not directly harmonized to RefSeq v1.0",""
"LR-2020-TENACIOUS-DON-QDon.lrdc-3B.2","SU-2020-AAC-TENACIOUS-DH","DF-AAC-INNOVA-TENACIOUS-DH","PMID:32599868","https://pmc.ncbi.nlm.nih.gov/articles/PMC7350018/","QDon.lrdc-3B.2","3B","","","DON/Type III","closest-marker point from source table; genetic CI is retained separately","IWGSC Chinese Spring RefSeq v2.0","3B:771943609-771943709 bp closest-marker alignment","not a physical QTL boundary; source v2.0 marker coordinate is retained without conversion","","T","2.3","AAC Innova × AAC Tenacious","","AAC Tenacious","AAC Innova","spring wheat","Canada","2020","coordinate_checked_cross_assembly","false","Source coordinates are not directly harmonized to RefSeq v1.0",""
"LR-2020-TENACIOUS-DON-QDon.lrdc-4B","SU-2020-AAC-TENACIOUS-DH","DF-AAC-INNOVA-TENACIOUS-DH","PMID:32599868","https://pmc.ncbi.nlm.nih.gov/articles/PMC7350018/","QDon.lrdc-4B*","4B","","","DON/Type III","closest-marker point from source table; genetic CI is retained separately","IWGSC Chinese Spring RefSeq v2.0","4B:31725418-31725518 bp closest-marker alignment","not a physical QTL boundary; source v2.0 marker coordinate is retained without conversion","","T","3.6","AAC Innova × AAC Tenacious","","AAC Tenacious","AAC Innova","spring wheat","Canada","2020","coordinate_checked_cross_assembly","false","Source coordinates are not directly harmonized to RefSeq v1.0",""
"LR-2020-TENACIOUS-DON-QDon.lrdc-5A.1","SU-2020-AAC-TENACIOUS-DH","DF-AAC-INNOVA-TENACIOUS-DH","PMID:32599868","https://pmc.ncbi.nlm.nih.gov/articles/PMC7350018/","QDon.lrdc-5A.1","5A","","","DON/Type III","closest-marker point from source table; genetic CI is retained separately","IWGSC Chinese Spring RefSeq v2.0","5A:621553699-621553818 bp closest-marker alignment","not a physical QTL boundary; source v2.0 marker coordinate is retained without conversion","","T","2.3","AAC Innova × AAC Tenacious","","AAC Tenacious","AAC Innova","spring wheat","Canada","2020","coordinate_checked_cross_assembly","false","Source coordinates are not directly harmonized to RefSeq v1.0",""
"LR-2020-TENACIOUS-DON-QDon.lrdc-7B","SU-2020-AAC-TENACIOUS-DH","DF-AAC-INNOVA-TENACIOUS-DH","PMID:32599868","https://pmc.ncbi.nlm.nih.gov/articles/PMC7350018/","QDon.lrdc-7B*","7B","","","DON/Type III","closest-marker point from source table; genetic CI is retained separately","IWGSC Chinese Spring RefSeq v2.0","7B:60918162-60918262 bp closest-marker alignment","not a physical QTL boundary; source v2.0 marker coordinate is retained without conversion","","I","2.7","AAC Innova × AAC Tenacious","","AAC Tenacious","AAC Innova","spring wheat","Canada","2020","coordinate_checked_cross_assembly","false","Source coordinates are not directly harmonized to RefSeq v1.0",""
"LR-2025-XNXY-QFhba-1A","SU-2025-XN1376-XY81-RIL","DF-XN1376-XY81-RIL-198","PMID:40244225","https://pmc.ncbi.nlm.nih.gov/articles/PMC11989977/","QFhba-1A","1A","20979946","24326919","Type II/spread","author flanking-marker physical positions in Supplementary Table S1","IWGSC Chinese Spring RefSeq v1.0","1A:20979946-24326919 bp","linkage-marker span; not a causal or fine-mapped interval","","parental allele; direction must be interpreted from source additive-sign convention","0.77","Xinong 1376 x Xiaoyan 81","198","Xinong 1376 (phenology-associated escape and resistance noted)","Xiaoyan 81 (moderate resistance)","semi-winter/semi-vernal","Shaanxi, China","2025","analysis_ready","true","",""
"LR-2025-XNXY-QFhba-2D.1","SU-2025-XN1376-XY81-RIL","DF-XN1376-XY81-RIL-198","PMID:40244225","https://pmc.ncbi.nlm.nih.gov/articles/PMC11989977/","QFhba-2D.1","2D","233414252","349559679","Type II/spread","author flanking-marker physical positions in Supplementary Table S1","IWGSC Chinese Spring RefSeq v1.0","2D:233414252-349559679 bp","linkage-marker span; not a causal or fine-mapped interval","","parental allele; direction must be interpreted from source additive-sign convention","0.18","Xinong 1376 x Xiaoyan 81","198","Xinong 1376 (phenology-associated escape and resistance noted)","Xiaoyan 81 (moderate resistance)","semi-winter/semi-vernal","Shaanxi, China","2025","analysis_ready","true","",""
"LR-2025-XNXY-QFhba-2D.3","SU-2025-XN1376-XY81-RIL","DF-XN1376-XY81-RIL-198","PMID:40244225","https://pmc.ncbi.nlm.nih.gov/articles/PMC11989977/","QFhba-2D.3","2D","625646384","631833414","Type II/spread","author flanking-marker physical positions in Supplementary Table S1","IWGSC Chinese Spring RefSeq v1.0","2D:625646384-631833414 bp","linkage-marker span; not a causal or fine-mapped interval","","parental allele; direction must be interpreted from source additive-sign convention","0.04","Xinong 1376 x Xiaoyan 81","198","Xinong 1376 (phenology-associated escape and resistance noted)","Xiaoyan 81 (moderate resistance)","semi-winter/semi-vernal","Shaanxi, China","2025","analysis_ready","true","",""
"LR-2025-XNXY-QFhba-3A-1","SU-2025-XN1376-XY81-RIL","DF-XN1376-XY81-RIL-198","PMID:40244225","https://pmc.ncbi.nlm.nih.gov/articles/PMC11989977/","QFhba-3A-1","3A","721668524","722348680","Type II/spread","author flanking-marker physical positions in Supplementary Table S1","IWGSC Chinese Spring RefSeq v1.0","3A:721668524-722348680 bp","linkage-marker span; not a causal or fine-mapped interval","","parental allele; direction must be interpreted from source additive-sign convention","0.75","Xinong 1376 x Xiaoyan 81","198","Xinong 1376 (phenology-associated escape and resistance noted)","Xiaoyan 81 (moderate resistance)","semi-winter/semi-vernal","Shaanxi, China","2025","analysis_ready","true","",""
"LR-2025-XNXY-QFhba-3A-2","SU-2025-XN1376-XY81-RIL","DF-XN1376-XY81-RIL-198","PMID:40244225","https://pmc.ncbi.nlm.nih.gov/articles/PMC11989977/","QFhba-3A-2","3A","657945843","682992654","Type II/spread","author flanking-marker physical positions in Supplementary Table S1","IWGSC Chinese Spring RefSeq v1.0","3A:657945843-682992654 bp","linkage-marker span; not a causal or fine-mapped interval","","parental allele; direction must be interpreted from source additive-sign convention","0.07~0.17","Xinong 1376 x Xiaoyan 81","198","Xinong 1376 (phenology-associated escape and resistance noted)","Xiaoyan 81 (moderate resistance)","semi-winter/semi-vernal","Shaanxi, China","2025","analysis_ready","true","",""
"LR-2025-XNXY-QFhba-4A-1","SU-2025-XN1376-XY81-RIL","DF-XN1376-XY81-RIL-198","PMID:40244225","https://pmc.ncbi.nlm.nih.gov/articles/PMC11989977/","QFhba-4A-1","4A","712924333","717742885","Type II/spread","author flanking-marker physical positions in Supplementary Table S1","IWGSC Chinese Spring RefSeq v1.0","4A:712924333-717742885 bp","linkage-marker span; not a causal or fine-mapped interval","hcmQTL-36","parental allele; direction must be interpreted from source additive-sign convention","0.04~0.11","Xinong 1376 x Xiaoyan 81","198","Xinong 1376 (phenology-associated escape and resistance noted)","Xiaoyan 81 (moderate resistance)","semi-winter/semi-vernal","Shaanxi, China","2025","analysis_ready","true","",""
"LR-2025-XNXY-QFhba-4A-2","SU-2025-XN1376-XY81-RIL","DF-XN1376-XY81-RIL-198","PMID:40244225","https://pmc.ncbi.nlm.nih.gov/articles/PMC11989977/","QFhba-4A-2","4A","543777221","621769441","Type II/spread","author flanking-marker physical positions in Supplementary Table S1","IWGSC Chinese Spring RefSeq v1.0","4A:543777221-621769441 bp","linkage-marker span; not a causal or fine-mapped interval","hcmQTL-33|hcmQTL-34","parental allele; direction must be interpreted from source additive-sign convention","−0.01~−1.03","Xinong 1376 x Xiaoyan 81","198","Xinong 1376 (phenology-associated escape and resistance noted)","Xiaoyan 81 (moderate resistance)","semi-winter/semi-vernal","Shaanxi, China","2025","analysis_ready","true","",""
"LR-2025-XNXY-QFhba-4B-1","SU-2025-XN1376-XY81-RIL","DF-XN1376-XY81-RIL-198","PMID:40244225","https://pmc.ncbi.nlm.nih.gov/articles/PMC11989977/","QFhba-4B-1","4B","10716766","12231896","Type II/spread","author flanking-marker physical positions in Supplementary Table S1","IWGSC Chinese Spring RefSeq v1.0","4B:10716766-12231896 bp","linkage-marker span; not a causal or fine-mapped interval","","parental allele; direction must be interpreted from source additive-sign convention","0.10~0.21","Xinong 1376 x Xiaoyan 81","198","Xinong 1376 (phenology-associated escape and resistance noted)","Xiaoyan 81 (moderate resistance)","semi-winter/semi-vernal","Shaanxi, China","2025","analysis_ready","true","",""
"LR-2025-XNXY-QFhba-4B-2","SU-2025-XN1376-XY81-RIL","DF-XN1376-XY81-RIL-198","PMID:40244225","https://pmc.ncbi.nlm.nih.gov/articles/PMC11989977/","QFhba-4B-2","4B","25847125","63231274","Type II/spread","author flanking-marker physical positions in Supplementary Table S1","IWGSC Chinese Spring RefSeq v1.0","4B:25847125-63231274 bp","linkage-marker span; not a causal or fine-mapped interval","hcmQTL-38","parental allele; direction must be interpreted from source additive-sign convention","1.03","Xinong 1376 x Xiaoyan 81","198","Xinong 1376 (phenology-associated escape and resistance noted)","Xiaoyan 81 (moderate resistance)","semi-winter/semi-vernal","Shaanxi, China","2025","analysis_ready","true","",""
"LR-2025-XNXY-QFhba-5D.2-1","SU-2025-XN1376-XY81-RIL","DF-XN1376-XY81-RIL-198","PMID:40244225","https://pmc.ncbi.nlm.nih.gov/articles/PMC11989977/","QFhba-5D.2-1","5D","469523881","573814149","Type II/spread","author flanking-marker physical positions in Supplementary Table S1","IWGSC Chinese Spring RefSeq v1.0","5D:469523881-573814149 bp","linkage-marker span; not a causal or fine-mapped interval","hcmQTL-56","parental allele; direction must be interpreted from source additive-sign convention","−0.10~−0.64","Xinong 1376 x Xiaoyan 81","198","Xinong 1376 (phenology-associated escape and resistance noted)","Xiaoyan 81 (moderate resistance)","semi-winter/semi-vernal","Shaanxi, China","2025","analysis_ready","true","",""
"LR-2025-XNXY-QFhba-5D.2-2","SU-2025-XN1376-XY81-RIL","DF-XN1376-XY81-RIL-198","PMID:40244225","https://pmc.ncbi.nlm.nih.gov/articles/PMC11989977/","QFhba-5D.2-2","5D","458076520","458623444","Type II/spread","author flanking-marker physical positions in Supplementary Table S1","IWGSC Chinese Spring RefSeq v1.0","5D:458076520-458623444 bp","linkage-marker span; not a causal or fine-mapped interval","","parental allele; direction must be interpreted from source additive-sign convention","−0.04","Xinong 1376 x Xiaoyan 81","198","Xinong 1376 (phenology-associated escape and resistance noted)","Xiaoyan 81 (moderate resistance)","semi-winter/semi-vernal","Shaanxi, China","2025","analysis_ready","true","",""
"LR-2025-XNXY-QFhba-6A.1","SU-2025-XN1376-XY81-RIL","DF-XN1376-XY81-RIL-198","PMID:40244225","https://pmc.ncbi.nlm.nih.gov/articles/PMC11989977/","QFhba-6A.1","6A","26486179","27627823","Type II/spread","author flanking-marker physical positions in Supplementary Table S1","IWGSC Chinese Spring RefSeq v1.0","6A:26486179-27627823 bp","linkage-marker span; not a causal or fine-mapped interval","hcmQTL-58","parental allele; direction must be interpreted from source additive-sign convention","0.08~0.27","Xinong 1376 x Xiaoyan 81","198","Xinong 1376 (phenology-associated escape and resistance noted)","Xiaoyan 81 (moderate resistance)","semi-winter/semi-vernal","Shaanxi, China","2025","analysis_ready","true","",""
"LR-2025-XNXY-QFhba-6B","SU-2025-XN1376-XY81-RIL","DF-XN1376-XY81-RIL-198","PMID:40244225","https://pmc.ncbi.nlm.nih.gov/articles/PMC11989977/","QFhba-6B","6B","692783548","710007004","Type II/spread","author flanking-marker physical positions in Supplementary Table S1","IWGSC Chinese Spring RefSeq v1.0","6B:692783548-710007004 bp","linkage-marker span; not a causal or fine-mapped interval","","parental allele; direction must be interpreted from source additive-sign convention","−0.03~−0.34","Xinong 1376 x Xiaoyan 81","198","Xinong 1376 (phenology-associated escape and resistance noted)","Xiaoyan 81 (moderate resistance)","semi-winter/semi-vernal","Shaanxi, China","2025","analysis_ready","true","",""
"LR-2025-XNXY-QFhba-7A","SU-2025-XN1376-XY81-RIL","DF-XN1376-XY81-RIL-198","PMID:40244225","https://pmc.ncbi.nlm.nih.gov/articles/PMC11989977/","QFhba-7A","7A","708101913","719568199","Type II/spread","author flanking-marker physical positions in Supplementary Table S1","IWGSC Chinese Spring RefSeq v1.0","7A:708101913-719568199 bp","linkage-marker span; not a causal or fine-mapped interval","","parental allele; direction must be interpreted from source additive-sign convention","−0.08~−1.04","Xinong 1376 x Xiaoyan 81","198","Xinong 1376 (phenology-associated escape and resistance noted)","Xiaoyan 81 (moderate resistance)","semi-winter/semi-vernal","Shaanxi, China","2025","analysis_ready","true","",""
"LR-2025-XNXY-QFhbp-2D.3","SU-2025-XN1376-XY81-RIL","DF-XN1376-XY81-RIL-198","PMID:40244225","https://pmc.ncbi.nlm.nih.gov/articles/PMC11989977/","QFhbp-2D.3","2D","625646384","631833414","Type II/spread","author flanking-marker physical positions in Supplementary Table S1","IWGSC Chinese Spring RefSeq v1.0","2D:625646384-631833414 bp","linkage-marker span; not a causal or fine-mapped interval","","parental allele; direction must be interpreted from source additive-sign convention","0.02~0.17","Xinong 1376 x Xiaoyan 81","198","Xinong 1376 (phenology-associated escape and resistance noted)","Xiaoyan 81 (moderate resistance)","semi-winter/semi-vernal","Shaanxi, China","2025","analysis_ready","true","",""
"LR-2025-XNXY-QFhbp-3A","SU-2025-XN1376-XY81-RIL","DF-XN1376-XY81-RIL-198","PMID:40244225","https://pmc.ncbi.nlm.nih.gov/articles/PMC11989977/","QFhbp-3A","3A","649632287","659797934","Type II/spread","author flanking-marker physical positions in Supplementary Table S1","IWGSC Chinese Spring RefSeq v1.0","3A:649632287-659797934 bp","linkage-marker span; not a causal or fine-mapped interval","","parental allele; direction must be interpreted from source additive-sign convention","0.02~0.04","Xinong 1376 x Xiaoyan 81","198","Xinong 1376 (phenology-associated escape and resistance noted)","Xiaoyan 81 (moderate resistance)","semi-winter/semi-vernal","Shaanxi, China","2025","analysis_ready","true","",""
"LR-2025-XNXY-QFhbp-4A-1","SU-2025-XN1376-XY81-RIL","DF-XN1376-XY81-RIL-198","PMID:40244225","https://pmc.ncbi.nlm.nih.gov/articles/PMC11989977/","QFhbp-4A-1","4A","712924333","717742885","Type II/spread","author flanking-marker physical positions in Supplementary Table S1","IWGSC Chinese Spring RefSeq v1.0","4A:712924333-717742885 bp","linkage-marker span; not a causal or fine-mapped interval","hcmQTL-36","parental allele; direction must be interpreted from source additive-sign convention","0.02~0.06","Xinong 1376 x Xiaoyan 81","198","Xinong 1376 (phenology-associated escape and resistance noted)","Xiaoyan 81 (moderate resistance)","semi-winter/semi-vernal","Shaanxi, China","2025","analysis_ready","true","",""
"LR-2025-XNXY-QFhbp-5D.2-1","SU-2025-XN1376-XY81-RIL","DF-XN1376-XY81-RIL-198","PMID:40244225","https://pmc.ncbi.nlm.nih.gov/articles/PMC11989977/","QFhbp-5D.2-1","5D","458076520","458623444","Type II/spread","author flanking-marker physical positions in Supplementary Table S1","IWGSC Chinese Spring RefSeq v1.0","5D:458076520-458623444 bp","linkage-marker span; not a causal or fine-mapped interval","","parental allele; direction must be interpreted from source additive-sign convention","−0.04","Xinong 1376 x Xiaoyan 81","198","Xinong 1376 (phenology-associated escape and resistance noted)","Xiaoyan 81 (moderate resistance)","semi-winter/semi-vernal","Shaanxi, China","2025","analysis_ready","true","",""
"LR-2025-XNXY-QFhbp-6B-1","SU-2025-XN1376-XY81-RIL","DF-XN1376-XY81-RIL-198","PMID:40244225","https://pmc.ncbi.nlm.nih.gov/articles/PMC11989977/","QFhbp-6B-1","6B","692783548","710007004","Type II/spread","author flanking-marker physical positions in Supplementary Table S1","IWGSC Chinese Spring RefSeq v1.0","6B:692783548-710007004 bp","linkage-marker span; not a causal or fine-mapped interval","","parental allele; direction must be interpreted from source additive-sign convention","−0.02~−0.08","Xinong 1376 x Xiaoyan 81","198","Xinong 1376 (phenology-associated escape and resistance noted)","Xiaoyan 81 (moderate resistance)","semi-winter/semi-vernal","Shaanxi, China","2025","analysis_ready","true","",""
"LR-2025-XNXY-QFhbp-6B-2","SU-2025-XN1376-XY81-RIL","DF-XN1376-XY81-RIL-198","PMID:40244225","https://pmc.ncbi.nlm.nih.gov/articles/PMC11989977/","QFhbp-6B-2","6B","112868","8046144","Type II/spread","author flanking-marker physical positions in Supplementary Table S1","IWGSC Chinese Spring RefSeq v1.0","6B:112868-8046144 bp","linkage-marker span; not a causal or fine-mapped interval","","parental allele; direction must be interpreted from source additive-sign convention","0.04","Xinong 1376 x Xiaoyan 81","198","Xinong 1376 (phenology-associated escape and resistance noted)","Xiaoyan 81 (moderate resistance)","semi-winter/semi-vernal","Shaanxi, China","2025","analysis_ready","true","",""
"LR-2025-XNXY-QFhbp-7A","SU-2025-XN1376-XY81-RIL","DF-XN1376-XY81-RIL-198","PMID:40244225","https://pmc.ncbi.nlm.nih.gov/articles/PMC11989977/","QFhbp-7A","7A","708138840","747197703","Type II/spread","author flanking-marker physical positions in Supplementary Table S1","IWGSC Chinese Spring RefSeq v1.0","7A:708138840-747197703 bp","linkage-marker span; not a causal or fine-mapped interval","","parental allele; direction must be interpreted from source additive-sign convention","−0.04","Xinong 1376 x Xiaoyan 81","198","Xinong 1376 (phenology-associated escape and resistance noted)","Xiaoyan 81 (moderate resistance)","semi-winter/semi-vernal","Shaanxi, China","2025","analysis_ready","true","",""
"LR-2024-PI672538-FhbL693a","SU-2024-L661-PI672538-RIL","DF-L661-PI672538-RIL-451","PMID:39135653","https://pmc.ncbi.nlm.nih.gov/articles/PMC11317384/","FhbL693a","2B","","","Type II/spread","author genetic interval only","IWGSC RefSeq v1.0","2B: genetic-only","genetic-only; physical flanks not reported in this study","","PI672538 (source additive sign is environment-specific)","","L661 x PI672538","451","PI672538","L661","spring wheat","Sichuan, China","2024","second_reviewed_excluded_primary","false","Source physical bounds are incomplete or unresolved; no interval was imputed",""
"LR-2024-PI672538-FhbL693b","SU-2024-L661-PI672538-RIL","DF-L661-PI672538-RIL-451","PMID:39135653","https://pmc.ncbi.nlm.nih.gov/articles/PMC11317384/","FhbL693b","3B","282358935","331950894","Type II/spread","author source-marker physical envelope in Results","IWGSC RefSeq v1.0","3B:282358935-331950894 bp","combined outer marker envelope; 5.1 cM","","PI672538 (source additive sign is environment-specific)","","L661 x PI672538","451","PI672538","L661","spring wheat","Sichuan, China","2024","analysis_ready","true","",""
"LR-2024-PI672538-FhbL693c","SU-2024-L661-PI672538-RIL","DF-L661-PI672538-RIL-451","PMID:39135653","https://pmc.ncbi.nlm.nih.gov/articles/PMC11317384/","FhbL693c","4A","27670704","236872635","Type II/spread","author source-marker physical envelope in Results","IWGSC RefSeq v1.0","4A:27670704-236872635 bp","combined outer marker envelope; source calls approximately 208 Mb","","PI672538 (source additive sign is environment-specific)","","L661 x PI672538","451","PI672538","L661","spring wheat","Sichuan, China","2024","second_reviewed_excluded_primary","false","Interval exceeds the prespecified 200 Mb primary-analysis width limit",""
"LR-2024-PI672538-FhbL693d","SU-2024-L661-PI672538-RIL","DF-L661-PI672538-RIL-451","PMID:39135653","https://pmc.ncbi.nlm.nih.gov/articles/PMC11317384/","FhbL693d","5D","47080989","79220144","Type II/spread","author source-marker physical envelope in Results","IWGSC RefSeq v1.0","5D:47080989-79220144 bp","flanking markers 5Dindel-2 and 5Dindel-4; 10.2 cM","","PI672538 (source additive sign is environment-specific)","","L661 x PI672538","451","PI672538","L661","spring wheat","Sichuan, China","2024","analysis_ready","true","",""
"LR-2024-PI672538-FhbL693e","SU-2024-L661-PI672538-RIL","DF-L661-PI672538-RIL-451","PMID:39135653","https://pmc.ncbi.nlm.nih.gov/articles/PMC11317384/","FhbL693e","1B","374519369","532662331","Type II/spread","author source-marker physical envelope in Results","IWGSC RefSeq v1.0","1B:374519369-532662331 bp","flanking markers 1Bindel-4 and 1Bindel-6; 11.9 cM","hcmQTL-6","PI672538 (source additive sign is environment-specific)","","L661 x PI672538","451","PI672538","L661","spring wheat","Sichuan, China","2024","analysis_ready","true","",""
"LR-2025-TRI25-QFhb-umb-1A-visualFHBresistance","SU-2025-TRIUMPH-25R51-DH","DF-TRIUMPH-25R51-DH","PMID:40815199","https://pmc.ncbi.nlm.nih.gov/articles/PMC12356168/","QFhb.umb-1A","1A","579830464","580422461","visual FHB resistance","exact main-table flanking marker join to Supplementary Table S4","IWGSC Chinese Spring RefSeq v1.0","1A:579830464-580422461 bp source-marker envelope","outer physical envelope across repeated source QTL rows; not a physical confidence interval","hcmQTL-4","25R51 carries Fhb1; additional loci are parent- and trait-dependent","source additive effects vary by trait/environment","Triumph x 25R51","","25R51 carries Fhb1; parental contribution is locus-dependent","locus-dependent","winter wheat","Canada","2025","analysis_ready","true","",""
"LR-2025-TRI25-QFhb-umb-1D-visualFHBresistance","SU-2025-TRIUMPH-25R51-DH","DF-TRIUMPH-25R51-DH","PMID:40815199","https://pmc.ncbi.nlm.nih.gov/articles/PMC12356168/","QFhb.umb-1D","1D","8185597","12303375","visual FHB resistance","exact main-table flanking marker join to Supplementary Table S4","IWGSC Chinese Spring RefSeq v1.0","1D:8185597-12303375 bp source-marker envelope","outer physical envelope across repeated source QTL rows; not a physical confidence interval","","25R51 carries Fhb1; additional loci are parent- and trait-dependent","source additive effects vary by trait/environment","Triumph x 25R51","","25R51 carries Fhb1; parental contribution is locus-dependent","locus-dependent","winter wheat","Canada","2025","analysis_ready","true","",""
"LR-2025-TRI25-QFhb-umb-2A-1-visualFHBresistance","SU-2025-TRIUMPH-25R51-DH","DF-TRIUMPH-25R51-DH","PMID:40815199","https://pmc.ncbi.nlm.nih.gov/articles/PMC12356168/","QFhb.umb-2A.1","2A","21261921","21534313","visual FHB resistance","exact main-table flanking marker join to Supplementary Table S4","IWGSC Chinese Spring RefSeq v1.0","2A:21261921-21534313 bp source-marker envelope","outer physical envelope across repeated source QTL rows; not a physical confidence interval","","25R51 carries Fhb1; additional loci are parent- and trait-dependent","source additive effects vary by trait/environment","Triumph x 25R51","","25R51 carries Fhb1; parental contribution is locus-dependent","locus-dependent","winter wheat","Canada","2025","analysis_ready","true","",""
"LR-2025-TRI25-QFhb-umb-2A-2-visualFHBresistance","SU-2025-TRIUMPH-25R51-DH","DF-TRIUMPH-25R51-DH","PMID:40815199","https://pmc.ncbi.nlm.nih.gov/articles/PMC12356168/","QFhb.umb-2A.2","2A","740361207","742136424","visual FHB resistance","exact main-table flanking marker join to Supplementary Table S4","IWGSC Chinese Spring RefSeq v1.0","2A:740361207-742136424 bp source-marker envelope","outer physical envelope across repeated source QTL rows; not a physical confidence interval","","25R51 carries Fhb1; additional loci are parent- and trait-dependent","source additive effects vary by trait/environment","Triumph x 25R51","","25R51 carries Fhb1; parental contribution is locus-dependent","locus-dependent","winter wheat","Canada","2025","analysis_ready","true","",""
"LR-2025-TRI25-QFhb-umb-2B-visualFHBresistance","SU-2025-TRIUMPH-25R51-DH","DF-TRIUMPH-25R51-DH","PMID:40815199","https://pmc.ncbi.nlm.nih.gov/articles/PMC12356168/","QFhb.umb-2B","2B","68363484","69412398","visual FHB resistance","exact main-table flanking marker join to Supplementary Table S4","IWGSC Chinese Spring RefSeq v1.0","2B:68363484-69412398 bp source-marker envelope","outer physical envelope across repeated source QTL rows; not a physical confidence interval","","25R51 carries Fhb1; additional loci are parent- and trait-dependent","source additive effects vary by trait/environment","Triumph x 25R51","","25R51 carries Fhb1; parental contribution is locus-dependent","locus-dependent","winter wheat","Canada","2025","analysis_ready","true","",""
"LR-2025-TRI25-QFhb-umb-2D-visualFHBresistance","SU-2025-TRIUMPH-25R51-DH","DF-TRIUMPH-25R51-DH","PMID:40815199","https://pmc.ncbi.nlm.nih.gov/articles/PMC12356168/","QFhb.umb-2D","2D","22447931","43994195","visual FHB resistance","exact main-table flanking marker join to Supplementary Table S4","IWGSC Chinese Spring RefSeq v1.0","2D:22447931-43994195 bp source-marker envelope","outer physical envelope across repeated source QTL rows; not a physical confidence interval","hcmQTL-18|hcmQTL-19|hcmQTL-20","25R51 carries Fhb1; additional loci are parent- and trait-dependent","source additive effects vary by trait/environment","Triumph x 25R51","","25R51 carries Fhb1; parental contribution is locus-dependent","locus-dependent","winter wheat","Canada","2025","analysis_ready","true","",""
"LR-2025-TRI25-QFhb-umb-3A-visualFHBresistance","SU-2025-TRIUMPH-25R51-DH","DF-TRIUMPH-25R51-DH","PMID:40815199","https://pmc.ncbi.nlm.nih.gov/articles/PMC12356168/","QFhb.umb-3A","3A","710936013","724635515","visual FHB resistance","exact main-table flanking marker join to Supplementary Table S4","IWGSC Chinese Spring RefSeq v1.0","3A:710936013-724635515 bp source-marker envelope","outer physical envelope across repeated source QTL rows; not a physical confidence interval","","25R51 carries Fhb1; additional loci are parent- and trait-dependent","source additive effects vary by trait/environment","Triumph x 25R51","","25R51 carries Fhb1; parental contribution is locus-dependent","locus-dependent","winter wheat","Canada","2025","analysis_ready","true","",""
"LR-2025-TRI25-QFhb-umb-3B-visualFHBresistance","SU-2025-TRIUMPH-25R51-DH","DF-TRIUMPH-25R51-DH","PMID:40815199","https://pmc.ncbi.nlm.nih.gov/articles/PMC12356168/","QFhb.umb-3B","3B","5585770","8811838","visual FHB resistance","exact main-table flanking marker join to Supplementary Table S4","IWGSC Chinese Spring RefSeq v1.0","3B:5585770-8811838 bp source-marker envelope","outer physical envelope across repeated source QTL rows; not a physical confidence interval","hcmQTL-29|hcmQTL-30","25R51 carries Fhb1; additional loci are parent- and trait-dependent","source additive effects vary by trait/environment","Triumph x 25R51","","25R51 carries Fhb1; parental contribution is locus-dependent","locus-dependent","winter wheat","Canada","2025","analysis_ready","true","",""
"LR-2025-TRI25-QFhb-umb-5A-visualFHBresistance","SU-2025-TRIUMPH-25R51-DH","DF-TRIUMPH-25R51-DH","PMID:40815199","https://pmc.ncbi.nlm.nih.gov/articles/PMC12356168/","QFhb.umb-5A","5A","","","visual FHB resistance","exact main-table flanking marker join to Supplementary Table S4","IWGSC Chinese Spring RefSeq v1.0","5A:677139173-677139173 bp source-marker envelope","one or more source flanking markers has no physical position; no partial interval promoted","","25R51 carries Fhb1; additional loci are parent- and trait-dependent","source additive effects vary by trait/environment","Triumph x 25R51","","25R51 carries Fhb1; parental contribution is locus-dependent","locus-dependent","winter wheat","Canada","2025","second_reviewed_excluded_primary","false","Source physical bounds are incomplete or unresolved; no interval was imputed",""
"LR-2025-TRI25-QFhb-umb-7A-visualFHBresistance","SU-2025-TRIUMPH-25R51-DH","DF-TRIUMPH-25R51-DH","PMID:40815199","https://pmc.ncbi.nlm.nih.gov/articles/PMC12356168/","QFhb.umb-7A","7A","","","visual FHB resistance","exact main-table flanking marker join to Supplementary Table S4","IWGSC Chinese Spring RefSeq v1.0","7A:63111814-63111814 bp source-marker envelope","one or more source flanking markers has no physical position; no partial interval promoted","","25R51 carries Fhb1; additional loci are parent- and trait-dependent","source additive effects vary by trait/environment","Triumph x 25R51","","25R51 carries Fhb1; parental contribution is locus-dependent","locus-dependent","winter wheat","Canada","2025","second_reviewed_excluded_primary","false","Source physical bounds are incomplete or unresolved; no interval was imputed",""
"LR-2025-TRI25-QFhb-umb-7D-visualFHBresistance","SU-2025-TRIUMPH-25R51-DH","DF-TRIUMPH-25R51-DH","PMID:40815199","https://pmc.ncbi.nlm.nih.gov/articles/PMC12356168/","QFhb.umb-7D","7D","44522543","89599426","visual FHB resistance","exact main-table flanking marker join to Supplementary Table S4","IWGSC Chinese Spring RefSeq v1.0","7D:44522543-89599426 bp source-marker envelope","outer physical envelope across repeated source QTL rows; not a physical confidence interval","","25R51 carries Fhb1; additional loci are parent- and trait-dependent","source additive effects vary by trait/environment","Triumph x 25R51","","25R51 carries Fhb1; parental contribution is locus-dependent","locus-dependent","winter wheat","Canada","2025","analysis_ready","true","",""
"LR-2025-TRI25-QFdk-umb-3B-TypeIII","SU-2025-TRIUMPH-25R51-DH","DF-TRIUMPH-25R51-DH","PMID:40815199","https://pmc.ncbi.nlm.nih.gov/articles/PMC12356168/","QFdk.umb-3B","3B","5585770","8811838","Type III/kernel damage","exact main-table flanking marker join to Supplementary Table S4","IWGSC Chinese Spring RefSeq v1.0","3B:5585770-8811838 bp source-marker envelope","outer physical envelope across repeated source QTL rows; not a physical confidence interval","hcmQTL-29|hcmQTL-30","25R51 carries Fhb1; additional loci are parent- and trait-dependent","source additive effects vary by trait/environment","Triumph x 25R51","","25R51 carries Fhb1; parental contribution is locus-dependent","locus-dependent","winter wheat","Canada","2025","analysis_ready","true","",""
"LR-2025-TRI25-QFdk-umb-3D-TypeIII","SU-2025-TRIUMPH-25R51-DH","DF-TRIUMPH-25R51-DH","PMID:40815199","https://pmc.ncbi.nlm.nih.gov/articles/PMC12356168/","QFdk.umb-3D","3D","414644065","448266408","Type III/kernel damage","exact main-table flanking marker join to Supplementary Table S4","IWGSC Chinese Spring RefSeq v1.0","3D:414644065-448266408 bp source-marker envelope","outer physical envelope across repeated source QTL rows; not a physical confidence interval","","25R51 carries Fhb1; additional loci are parent- and trait-dependent","source additive effects vary by trait/environment","Triumph x 25R51","","25R51 carries Fhb1; parental contribution is locus-dependent","locus-dependent","winter wheat","Canada","2025","analysis_ready","true","",""
"LR-2025-TRI25-QFdk-umb-5A-TypeIII","SU-2025-TRIUMPH-25R51-DH","DF-TRIUMPH-25R51-DH","PMID:40815199","https://pmc.ncbi.nlm.nih.gov/articles/PMC12356168/","QFdk.umb-5A","5A","","","Type III/kernel damage","exact main-table flanking marker join to Supplementary Table S4","IWGSC Chinese Spring RefSeq v1.0","5A:37617802-37617802 bp source-marker envelope","one or more source flanking markers has no physical position; no partial interval promoted","","25R51 carries Fhb1; additional loci are parent- and trait-dependent","source additive effects vary by trait/environment","Triumph x 25R51","","25R51 carries Fhb1; parental contribution is locus-dependent","locus-dependent","winter wheat","Canada","2025","second_reviewed_excluded_primary","false","Source physical bounds are incomplete or unresolved; no interval was imputed",""
"LR-2025-TRI25-QDon-umb-3B-TypeIV","SU-2025-TRIUMPH-25R51-DH","DF-TRIUMPH-25R51-DH","PMID:40815199","https://pmc.ncbi.nlm.nih.gov/articles/PMC12356168/","QDon.umb-3B","3B","5585770","8811838","Type IV/DON","exact main-table flanking marker join to Supplementary Table S4","IWGSC Chinese Spring RefSeq v1.0","3B:5585770-8811838 bp source-marker envelope","outer physical envelope across repeated source QTL rows; not a physical confidence interval","hcmQTL-29|hcmQTL-30","25R51 carries Fhb1; additional loci are parent- and trait-dependent","source additive effects vary by trait/environment","Triumph x 25R51","","25R51 carries Fhb1; parental contribution is locus-dependent","locus-dependent","winter wheat","Canada","2025","analysis_ready","true","",""
"LR-2025-TRI25-QDon-umb-4B-TypeIV","SU-2025-TRIUMPH-25R51-DH","DF-TRIUMPH-25R51-DH","PMID:40815199","https://pmc.ncbi.nlm.nih.gov/articles/PMC12356168/","QDon.umb-4B","4B","28954114","604051220","Type IV/DON","exact main-table flanking marker join to Supplementary Table S4","IWGSC Chinese Spring RefSeq v1.0","4B:28954114-604051220 bp source-marker envelope","outer physical envelope across repeated source QTL rows; not a physical confidence interval","","25R51 carries Fhb1; additional loci are parent- and trait-dependent","source additive effects vary by trait/environment","Triumph x 25R51","","25R51 carries Fhb1; parental contribution is locus-dependent","locus-dependent","winter wheat","Canada","2025","second_reviewed_excluded_primary","false","Interval exceeds the prespecified 200 Mb primary-analysis width limit",""
"LR-2025-TRI25-QDon-umb-5A-TypeIV","SU-2025-TRIUMPH-25R51-DH","DF-TRIUMPH-25R51-DH","PMID:40815199","https://pmc.ncbi.nlm.nih.gov/articles/PMC12356168/","QDon.umb-5A","5A","33130557","35631193","Type IV/DON","exact main-table flanking marker join to Supplementary Table S4","IWGSC Chinese Spring RefSeq v1.0","5A:33130557-35631193 bp source-marker envelope","outer physical envelope across repeated source QTL rows; not a physical confidence interval","","25R51 carries Fhb1; additional loci are parent- and trait-dependent","source additive effects vary by trait/environment","Triumph x 25R51","","25R51 carries Fhb1; parental contribution is locus-dependent","locus-dependent","winter wheat","Canada","2025","analysis_ready","true","",""
"LR-2020-HU171-QFhb-1B.2","SU-2020-CHINA-171-TYPEII-GWAS","DF-CHINA-CULTIVAR-PANEL-171","PMID:31959107","https://pmc.ncbi.nlm.nih.gov/articles/PMC6971946/","QFhb-1B.2","1B","","","Type II/spread","author stable marker point","IWGSC Chinese Spring 2018 coordinates; version string not printed","1B:549470000-549470000 bp","coordinate source is IWGSC Chinese Spring; RefSeq version string is not explicit in the paper","","GENE-0293_154:C","","171 common-wheat cultivars","171","not applicable","not applicable","mixed Chinese common-wheat germplasm","China with three foreign accessions","2020","second_reviewed_excluded_primary","false","The source coordinate release is not explicit enough for the strict RefSeq v1.0 primary layer",""
"LR-2020-HU171-QFhb-4A","SU-2020-CHINA-171-TYPEII-GWAS","DF-CHINA-CULTIVAR-PANEL-171","PMID:31959107","https://pmc.ncbi.nlm.nih.gov/articles/PMC6971946/","QFhb-4A","4A","","","Type II/spread","outer span of markers assigned by authors to one stable locus","IWGSC Chinese Spring 2018 coordinates; version string not printed","4A:621850000-622240000 bp","coordinate source is IWGSC Chinese Spring; RefSeq version string is not explicit in the paper","","BS00011469_51:C; Excalibur_c22724_85:T; Kukri_c24695_273:A; Kukri_c1073_91:T; Excalibur_c687_961:A; Excalibur_c687_907:T; Excalibur_c687_886:G","","171 common-wheat cultivars","171","not applicable","not applicable","mixed Chinese common-wheat germplasm","China with three foreign accessions","2020","second_reviewed_excluded_primary","false","The source coordinate release is not explicit enough for the strict RefSeq v1.0 primary layer",""
"LR-2020-HU171-QFhb-5D","SU-2020-CHINA-171-TYPEII-GWAS","DF-CHINA-CULTIVAR-PANEL-171","PMID:31959107","https://pmc.ncbi.nlm.nih.gov/articles/PMC6971946/","QFhb-5D","5D","","","Type II/spread","outer span of markers assigned by authors to one stable locus","IWGSC Chinese Spring 2018 coordinates; version string not printed","5D:546090000-547270000 bp","coordinate source is IWGSC Chinese Spring; RefSeq version string is not explicit in the paper","","BobWhite_c13030_406:G; BS00079676_51:A; RAC875_c13169_459:C; D_GA8KES401AL4GG_122:C; wsnp_JD_c4438_5568170:A; wsnp_JD_c4438_5567972:A; wsnp_JD_c4438_5567834:C; BobWhite_c4438_162:G; IACX10520:T; BS00088587_51:G; D_GDS7LZN01CBWNE_99:T; Kukri_c5528_603:C; Excalibur_c42190_383:A; Excalibur_c28592_377:T; Excalibur_c28592_173:T; Excalibur_c14043_548:C; CAP8_c145_89:T; wsnp_CAP11_c209_198467:A; BS00011794_51:T","","171 common-wheat cultivars","171","not applicable","not applicable","mixed Chinese common-wheat germplasm","China with three foreign accessions","2020","second_reviewed_excluded_primary","false","The source coordinate release is not explicit enough for the strict RefSeq v1.0 primary layer",""
"LR-2020-HU171-QFhb-7A","SU-2020-CHINA-171-TYPEII-GWAS","DF-CHINA-CULTIVAR-PANEL-171","PMID:31959107","https://pmc.ncbi.nlm.nih.gov/articles/PMC6971946/","QFhb-7A","7A","","","Type II/spread","author stable marker point","IWGSC Chinese Spring 2018 coordinates; version string not printed","7A:661300000-661300000 bp","coordinate source is IWGSC Chinese Spring; RefSeq version string is not explicit in the paper","","BobWhite_c22875_239:C","","171 common-wheat cultivars","171","not applicable","not applicable","mixed Chinese common-wheat germplasm","China with three foreign accessions","2020","second_reviewed_excluded_primary","false","The source coordinate release is not explicit enough for the strict RefSeq v1.0 primary layer",""
"LR-2022-SDSU-S2A_722857568","SU-2022-SDSU-HWW-GWAS","DF-SDSU-HARD-WINTER-257","PMID:35958201","https://pmc.ncbi.nlm.nih.gov/articles/PMC9359313/","S2A_722857568","2A","","","composite disease index","author significant MTA point","IWGSC Chinese Spring RefSeq v2.0","2A:722857568 bp","point evidence on RefSeq v2.0; no interval or linear v1.0 conversion","","","3.70","257 SDSU advanced and elite breeding lines","257","not applicable","not applicable","hard winter wheat","United States","2022","cross_assembly_external","false","Author coordinates are on RefSeq v2.0/v2.1; retained in the cross-assembly external layer without linear conversion",""
"LR-2022-SDSU-S2B_725552556","SU-2022-SDSU-HWW-GWAS","DF-SDSU-HARD-WINTER-257","PMID:35958201","https://pmc.ncbi.nlm.nih.gov/articles/PMC9359313/","S2B_725552556","2B","","","composite disease index","author significant MTA point","IWGSC Chinese Spring RefSeq v2.0","2B:725552556 bp","point evidence on RefSeq v2.0; no interval or linear v1.0 conversion","","","3.98","257 SDSU advanced and elite breeding lines","257","not applicable","not applicable","hard winter wheat","United States","2022","cross_assembly_external","false","Author coordinates are on RefSeq v2.0/v2.1; retained in the cross-assembly external layer without linear conversion",""
"LR-2022-SDSU-S3B_773516625","SU-2022-SDSU-HWW-GWAS","DF-SDSU-HARD-WINTER-257","PMID:35958201","https://pmc.ncbi.nlm.nih.gov/articles/PMC9359313/","S3B_773516625","3B","","","composite disease index","author significant MTA point","IWGSC Chinese Spring RefSeq v2.0","3B:773516625 bp","point evidence on RefSeq v2.0; no interval or linear v1.0 conversion","","","−5.47","257 SDSU advanced and elite breeding lines","257","not applicable","not applicable","hard winter wheat","United States","2022","cross_assembly_external","false","Author coordinates are on RefSeq v2.0/v2.1; retained in the cross-assembly external layer without linear conversion",""
"LR-2022-SDSU-S4B_40315424","SU-2022-SDSU-HWW-GWAS","DF-SDSU-HARD-WINTER-257","PMID:35958201","https://pmc.ncbi.nlm.nih.gov/articles/PMC9359313/","S4B_40315424","4B","","","composite disease index","author significant MTA point","IWGSC Chinese Spring RefSeq v2.0","4B:40315424 bp","point evidence on RefSeq v2.0; no interval or linear v1.0 conversion","","","−7.00","257 SDSU advanced and elite breeding lines","257","not applicable","not applicable","hard winter wheat","United States","2022","cross_assembly_external","false","Author coordinates are on RefSeq v2.0/v2.1; retained in the cross-assembly external layer without linear conversion",""
"LR-2022-SDSU-S4B_647586119","SU-2022-SDSU-HWW-GWAS","DF-SDSU-HARD-WINTER-257","PMID:35958201","https://pmc.ncbi.nlm.nih.gov/articles/PMC9359313/","S4B_647586119","4B","","","composite disease index","author significant MTA point","IWGSC Chinese Spring RefSeq v2.0","4B:647586119 bp","point evidence on RefSeq v2.0; no interval or linear v1.0 conversion","","","3.51","257 SDSU advanced and elite breeding lines","257","not applicable","not applicable","hard winter wheat","United States","2022","cross_assembly_external","false","Author coordinates are on RefSeq v2.0/v2.1; retained in the cross-assembly external layer without linear conversion",""
"LR-2022-SDSU-S7A_48708273","SU-2022-SDSU-HWW-GWAS","DF-SDSU-HARD-WINTER-257","PMID:35958201","https://pmc.ncbi.nlm.nih.gov/articles/PMC9359313/","S7A_48708273","7A","","","composite disease index","author significant MTA point","IWGSC Chinese Spring RefSeq v2.0","7A:48708273 bp","point evidence on RefSeq v2.0; no interval or linear v1.0 conversion","","","−4.74","257 SDSU advanced and elite breeding lines","257","not applicable","not applicable","hard winter wheat","United States","2022","cross_assembly_external","false","Author coordinates are on RefSeq v2.0/v2.1; retained in the cross-assembly external layer without linear conversion",""
"LR-2022-SDSU-S3B_768314878","SU-2022-SDSU-HWW-GWAS","DF-SDSU-HARD-WINTER-257","PMID:35958201","https://pmc.ncbi.nlm.nih.gov/articles/PMC9359313/","S3B_768314878","3B","","","Type III/kernel damage","author significant MTA point","IWGSC Chinese Spring RefSeq v2.0","3B:768314878 bp","point evidence on RefSeq v2.0; no interval or linear v1.0 conversion","","","3.61","257 SDSU advanced and elite breeding lines","257","not applicable","not applicable","hard winter wheat","United States","2022","cross_assembly_external","false","Author coordinates are on RefSeq v2.0/v2.1; retained in the cross-assembly external layer without linear conversion",""
"LR-2022-SDSU-S5A_619020400","SU-2022-SDSU-HWW-GWAS","DF-SDSU-HARD-WINTER-257","PMID:35958201","https://pmc.ncbi.nlm.nih.gov/articles/PMC9359313/","S5A_619020400","5A","","","Type III/kernel damage","author significant MTA point","IWGSC Chinese Spring RefSeq v2.0","5A:619020400 bp","point evidence on RefSeq v2.0; no interval or linear v1.0 conversion","","","4.63","257 SDSU advanced and elite breeding lines","257","not applicable","not applicable","hard winter wheat","United States","2022","cross_assembly_external","false","Author coordinates are on RefSeq v2.0/v2.1; retained in the cross-assembly external layer without linear conversion",""
"LR-2022-SDSU-S6B_320696398","SU-2022-SDSU-HWW-GWAS","DF-SDSU-HARD-WINTER-257","PMID:35958201","https://pmc.ncbi.nlm.nih.gov/articles/PMC9359313/","S6B_320696398","6B","","","Type III/kernel damage","author significant MTA point","IWGSC Chinese Spring RefSeq v2.0","6B:320696398 bp","point evidence on RefSeq v2.0; no interval or linear v1.0 conversion","","","4.05","257 SDSU advanced and elite breeding lines","257","not applicable","not applicable","hard winter wheat","United States","2022","cross_assembly_external","false","Author coordinates are on RefSeq v2.0/v2.1; retained in the cross-assembly external layer without linear conversion",""
"LR-2022-SDSU-S6B_718194425","SU-2022-SDSU-HWW-GWAS","DF-SDSU-HARD-WINTER-257","PMID:35958201","https://pmc.ncbi.nlm.nih.gov/articles/PMC9359313/","S6B_718194425","6B","","","Type III/kernel damage","author significant MTA point","IWGSC Chinese Spring RefSeq v2.0","6B:718194425 bp","point evidence on RefSeq v2.0; no interval or linear v1.0 conversion","","","3.64","257 SDSU advanced and elite breeding lines","257","not applicable","not applicable","hard winter wheat","United States","2022","cross_assembly_external","false","Author coordinates are on RefSeq v2.0/v2.1; retained in the cross-assembly external layer without linear conversion",""
"LR-2022-SDSU-S6D_110313864","SU-2022-SDSU-HWW-GWAS","DF-SDSU-HARD-WINTER-257","PMID:35958201","https://pmc.ncbi.nlm.nih.gov/articles/PMC9359313/","S6D_110313864","6D","","","Type III/kernel damage","author significant MTA point","IWGSC Chinese Spring RefSeq v2.0","6D:110313864 bp","point evidence on RefSeq v2.0; no interval or linear v1.0 conversion","","","−7.50","257 SDSU advanced and elite breeding lines","257","not applicable","not applicable","hard winter wheat","United States","2022","cross_assembly_external","false","Author coordinates are on RefSeq v2.0/v2.1; retained in the cross-assembly external layer without linear conversion",""
"LR-2022-SDSU-S7A_713432647","SU-2022-SDSU-HWW-GWAS","DF-SDSU-HARD-WINTER-257","PMID:35958201","https://pmc.ncbi.nlm.nih.gov/articles/PMC9359313/","S7A_713432647","7A","","","Type III/kernel damage","author significant MTA point","IWGSC Chinese Spring RefSeq v2.0","7A:713432647 bp","point evidence on RefSeq v2.0; no interval or linear v1.0 conversion","","","−4.44","257 SDSU advanced and elite breeding lines","257","not applicable","not applicable","hard winter wheat","United States","2022","cross_assembly_external","false","Author coordinates are on RefSeq v2.0/v2.1; retained in the cross-assembly external layer without linear conversion",""
"LR-2022-SDSU-S7A_738859192","SU-2022-SDSU-HWW-GWAS","DF-SDSU-HARD-WINTER-257","PMID:35958201","https://pmc.ncbi.nlm.nih.gov/articles/PMC9359313/","S7A_738859192","7A","","","Type III/kernel damage","author significant MTA point","IWGSC Chinese Spring RefSeq v2.0","7A:738859192 bp","point evidence on RefSeq v2.0; no interval or linear v1.0 conversion","","","2.87","257 SDSU advanced and elite breeding lines","257","not applicable","not applicable","hard winter wheat","United States","2022","cross_assembly_external","false","Author coordinates are on RefSeq v2.0/v2.1; retained in the cross-assembly external layer without linear conversion",""
"LR-2022-SDSU-S7B_707550430","SU-2022-SDSU-HWW-GWAS","DF-SDSU-HARD-WINTER-257","PMID:35958201","https://pmc.ncbi.nlm.nih.gov/articles/PMC9359313/","S7B_707550430","7B","","","Type III/kernel damage","author significant MTA point","IWGSC Chinese Spring RefSeq v2.0","7B:707550430 bp","point evidence on RefSeq v2.0; no interval or linear v1.0 conversion","","","−2.86","257 SDSU advanced and elite breeding lines","257","not applicable","not applicable","hard winter wheat","United States","2022","cross_assembly_external","false","Author coordinates are on RefSeq v2.0/v2.1; retained in the cross-assembly external layer without linear conversion",""
"LR-2023-WANG205-BS00095100-51","SU-2023-CHINA-WINTER-205-GWAS","DF-CHINA-WINTER-205-GWAS","PMID:37750077","https://pmc.ncbi.nlm.nih.gov/articles/PMC10518165/","BS00095100_51","1A","308572288","308572388","Type II/spread","author marker-sequence match in Supplementary Table S2","IWGSC RefSeq v1.0","chr1A:308572388-308572288(Strand=Plus/Minus)","marker-sequence span represented as a point-like MTA, not a QTL interval","","favorable allele listed in main Tables 4-6 for selected stable loci","","205 elite winter-wheat cultivars","205","not applicable","not applicable","winter wheat","China","2023","analysis_ready","true","",""
"LR-2023-WANG205-GENE-0071-115","SU-2023-CHINA-WINTER-205-GWAS","DF-CHINA-WINTER-205-GWAS","PMID:37750077","https://pmc.ncbi.nlm.nih.gov/articles/PMC10518165/","GENE-0071_115","1A","","","Type II/spread","unresolved author physical position","IWGSC RefSeq v1.0","chr1A:3553372111-355337111(Strand=Plus/Minus)","source physical entry is missing, cross-chromosome, or implausible: chr1A:3553372111-355337111(Strand=Plus/Minus)","","favorable allele listed in main Tables 4-6 for selected stable loci","","205 elite winter-wheat cultivars","205","not applicable","not applicable","winter wheat","China","2023","second_reviewed_excluded_primary","false","Source physical bounds are incomplete or unresolved; no interval was imputed",""
"LR-2023-WANG205-BS00087544-51","SU-2023-CHINA-WINTER-205-GWAS","DF-CHINA-WINTER-205-GWAS","PMID:37750077","https://pmc.ncbi.nlm.nih.gov/articles/PMC10518165/","BS00087544_51","1B","","","Type II/spread","unresolved author physical position","IWGSC RefSeq v1.0","No","source physical entry is missing, cross-chromosome, or implausible: No","","favorable allele listed in main Tables 4-6 for selected stable loci","","205 elite winter-wheat cultivars","205","not applicable","not applicable","winter wheat","China","2023","second_reviewed_excluded_primary","false","Source physical bounds are incomplete or unresolved; no interval was imputed",""
"LR-2023-WANG205-Excalibur-c91176-326","SU-2023-CHINA-WINTER-205-GWAS","DF-CHINA-WINTER-205-GWAS","PMID:37750077","https://pmc.ncbi.nlm.nih.gov/articles/PMC10518165/","Excalibur_c91176_326","2A","758923244","758923336","Type II/spread","author marker-sequence match in Supplementary Table S2","IWGSC RefSeq v1.0","chr2A:758923336-758923244(Strand=Plus/Minus)","marker-sequence span represented as a point-like MTA, not a QTL interval","","favorable allele listed in main Tables 4-6 for selected stable loci","","205 elite winter-wheat cultivars","205","not applicable","not applicable","winter wheat","China","2023","analysis_ready","true","",""
"LR-2023-WANG205-TA003865-0902","SU-2023-CHINA-WINTER-205-GWAS","DF-CHINA-WINTER-205-GWAS","PMID:37750077","https://pmc.ncbi.nlm.nih.gov/articles/PMC10518165/","TA003865-0902","2B","20075961","20076014","Type II/spread","author marker-sequence match in Supplementary Table S2","IWGSC RefSeq v1.0","chr2B:20075961-20076014(Strand=Plus/Plus)","marker-sequence span represented as a point-like MTA, not a QTL interval","","favorable allele listed in main Tables 4-6 for selected stable loci","","205 elite winter-wheat cultivars","205","not applicable","not applicable","winter wheat","China","2023","analysis_ready","true","",""
"LR-2023-WANG205-wsnp-BE489901D-Ta-2-1","SU-2023-CHINA-WINTER-205-GWAS","DF-CHINA-WINTER-205-GWAS","PMID:37750077","https://pmc.ncbi.nlm.nih.gov/articles/PMC10518165/","wsnp_BE489901D_Ta_2_1","2D","637651044","637651164","Type II/spread","author marker-sequence match in Supplementary Table S2","IWGSC RefSeq v1.0","chr2D:637651044-637651164(Strand=Plus/Plus)","marker-sequence span represented as a point-like MTA, not a QTL interval","","favorable allele listed in main Tables 4-6 for selected stable loci","","205 elite winter-wheat cultivars","205","not applicable","not applicable","winter wheat","China","2023","analysis_ready","true","",""
"LR-2023-WANG205-Tdurum-contig19920-463","SU-2023-CHINA-WINTER-205-GWAS","DF-CHINA-WINTER-205-GWAS","PMID:37750077","https://pmc.ncbi.nlm.nih.gov/articles/PMC10518165/","Tdurum_contig19920_463","4A","659014917","659015017","Type II/spread","author marker-sequence match in Supplementary Table S2","IWGSC RefSeq v1.0","chr4A:659014917-659015017(Strand=Plus/Plus)","marker-sequence span represented as a point-like MTA, not a QTL interval","","favorable allele listed in main Tables 4-6 for selected stable loci","","205 elite winter-wheat cultivars","205","not applicable","not applicable","winter wheat","China","2023","analysis_ready","true","",""
"LR-2023-WANG205-D-contig74317-533","SU-2023-CHINA-WINTER-205-GWAS","DF-CHINA-WINTER-205-GWAS","PMID:37750077","https://pmc.ncbi.nlm.nih.gov/articles/PMC10518165/","D_contig74317_533","5D","5587472","5587720","Type II/spread","author marker-sequence match in Supplementary Table S2","IWGSC RefSeq v1.0","chr5D:5587472-5587720(Strand=Plus/Plus)","marker-sequence span represented as a point-like MTA, not a QTL interval","","favorable allele listed in main Tables 4-6 for selected stable loci","","205 elite winter-wheat cultivars","205","not applicable","not applicable","winter wheat","China","2023","analysis_ready","true","",""
"LR-2023-WANG205-wsnp-BE498985A-Ta-2-1","SU-2023-CHINA-WINTER-205-GWAS","DF-CHINA-WINTER-205-GWAS","PMID:37750077","https://pmc.ncbi.nlm.nih.gov/articles/PMC10518165/","wsnp_BE498985A_Ta_2_1","7B","657933278","657933379","Type II/spread","author marker-sequence match in Supplementary Table S2","IWGSC RefSeq v1.0","chr7B:657933278-657933379(Strand=Plus/Plus)","marker-sequence span represented as a point-like MTA, not a QTL interval","","favorable allele listed in main Tables 4-6 for selected stable loci","","205 elite winter-wheat cultivars","205","not applicable","not applicable","winter wheat","China","2023","analysis_ready","true","",""
"LR-2023-WANG205-wsnp-BE605194B-Ta-2-1","SU-2023-CHINA-WINTER-205-GWAS","DF-CHINA-WINTER-205-GWAS","PMID:37750077","https://pmc.ncbi.nlm.nih.gov/articles/PMC10518165/","wsnp_BE605194B_Ta_2_1","7B","657872619","657872739","Type II/spread","author marker-sequence match in Supplementary Table S2","IWGSC RefSeq v1.0","chr7B:657872739-657872619(Strand=Plus/Minus)","marker-sequence span represented as a point-like MTA, not a QTL interval","","favorable allele listed in main Tables 4-6 for selected stable loci","","205 elite winter-wheat cultivars","205","not applicable","not applicable","winter wheat","China","2023","analysis_ready","true","",""
"LR-2023-WANG205-wsnp-BE605194B-Ta-2-7","SU-2023-CHINA-WINTER-205-GWAS","DF-CHINA-WINTER-205-GWAS","PMID:37750077","https://pmc.ncbi.nlm.nih.gov/articles/PMC10518165/","wsnp_BE605194B_Ta_2_7","7B","657871634","657871754","Type II/spread","author marker-sequence match in Supplementary Table S2","IWGSC RefSeq v1.0","chr7B:657871754-657871634(Strand=Plus/Minus)","marker-sequence span represented as a point-like MTA, not a QTL interval","","favorable allele listed in main Tables 4-6 for selected stable loci","","205 elite winter-wheat cultivars","205","not applicable","not applicable","winter wheat","China","2023","analysis_ready","true","",""
"LR-2023-WANG205-GENE-4996-592","SU-2023-CHINA-WINTER-205-GWAS","DF-CHINA-WINTER-205-GWAS","PMID:37750077","https://pmc.ncbi.nlm.nih.gov/articles/PMC10518165/","GENE-4996_592","7B","657871474","657871574","Type II/spread","author marker-sequence match in Supplementary Table S2","IWGSC RefSeq v1.0","chr7B:657871574-657871474(Strand=Plus/Minus)","marker-sequence span represented as a point-like MTA, not a QTL interval","","favorable allele listed in main Tables 4-6 for selected stable loci","","205 elite winter-wheat cultivars","205","not applicable","not applicable","winter wheat","China","2023","analysis_ready","true","",""
"LR-2023-WANG205-Tdurum-contig10677-529","SU-2023-CHINA-WINTER-205-GWAS","DF-CHINA-WINTER-205-GWAS","PMID:37750077","https://pmc.ncbi.nlm.nih.gov/articles/PMC10518165/","Tdurum_contig10677_529","7B","657933269","657933369","Type II/spread","author marker-sequence match in Supplementary Table S2","IWGSC RefSeq v1.0","chr7B:657933369-657933269(Strand=Plus/Minus)","marker-sequence span represented as a point-like MTA, not a QTL interval","","favorable allele listed in main Tables 4-6 for selected stable loci","","205 elite winter-wheat cultivars","205","not applicable","not applicable","winter wheat","China","2023","analysis_ready","true","",""
"LR-2023-WANG205-BS00066342-51","SU-2023-CHINA-WINTER-205-GWAS","DF-CHINA-WINTER-205-GWAS","PMID:37750077","https://pmc.ncbi.nlm.nih.gov/articles/PMC10518165/","BS00066342_51","7B","725735700","725735800","Type II/spread","author marker-sequence match in Supplementary Table S2","IWGSC RefSeq v1.0","chr7B:725735700-725735800(Strand=Plus/Plus)","marker-sequence span represented as a point-like MTA, not a QTL interval","hcmQTL-74","favorable allele listed in main Tables 4-6 for selected stable loci","","205 elite winter-wheat cultivars","205","not applicable","not applicable","winter wheat","China","2023","analysis_ready","true","",""
"LR-2023-WANG205-Kukri-c14239-1995","SU-2023-CHINA-WINTER-205-GWAS","DF-CHINA-WINTER-205-GWAS","PMID:37750077","https://pmc.ncbi.nlm.nih.gov/articles/PMC10518165/","Kukri_c14239_1995","1B","","","Type II/spread","unresolved author physical position","IWGSC RefSeq v1.0","No","source physical entry is missing, cross-chromosome, or implausible: No","","favorable allele listed in main Tables 4-6 for selected stable loci","","205 elite winter-wheat cultivars","205","not applicable","not applicable","winter wheat","China","2023","second_reviewed_excluded_primary","false","Source physical bounds are incomplete or unresolved; no interval was imputed",""
"LR-2023-WANG205-Excalibur-c11587-340","SU-2023-CHINA-WINTER-205-GWAS","DF-CHINA-WINTER-205-GWAS","PMID:37750077","https://pmc.ncbi.nlm.nih.gov/articles/PMC10518165/","Excalibur_c11587_340","2B","616481760","616481860","Type II/spread","author marker-sequence match in Supplementary Table S2","IWGSC RefSeq v1.0","chr2B:616481860-616481760(Strand=Plus/Minus)","marker-sequence span represented as a point-like MTA, not a QTL interval","hcmQTL-16","favorable allele listed in main Tables 4-6 for selected stable loci","","205 elite winter-wheat cultivars","205","not applicable","not applicable","winter wheat","China","2023","analysis_ready","true","",""
"LR-2023-WANG205-BS00012071-51","SU-2023-CHINA-WINTER-205-GWAS","DF-CHINA-WINTER-205-GWAS","PMID:37750077","https://pmc.ncbi.nlm.nih.gov/articles/PMC10518165/","BS00012071_51","2B","635023634","635023734","Type II/spread","author marker-sequence match in Supplementary Table S2","IWGSC RefSeq v1.0","chr2B:635023634-635023734(Strand=Plus/Plus)","marker-sequence span represented as a point-like MTA, not a QTL interval","hcmQTL-16","favorable allele listed in main Tables 4-6 for selected stable loci","","205 elite winter-wheat cultivars","205","not applicable","not applicable","winter wheat","China","2023","analysis_ready","true","",""
"LR-2023-WANG205-Excalibur-c74466-344","SU-2023-CHINA-WINTER-205-GWAS","DF-CHINA-WINTER-205-GWAS","PMID:37750077","https://pmc.ncbi.nlm.nih.gov/articles/PMC10518165/","Excalibur_c74466_344","2B","","","Type II/spread","unresolved author physical position","IWGSC RefSeq v1.0","No","source physical entry is missing, cross-chromosome, or implausible: No","","favorable allele listed in main Tables 4-6 for selected stable loci","","205 elite winter-wheat cultivars","205","not applicable","not applicable","winter wheat","China","2023","second_reviewed_excluded_primary","false","Source physical bounds are incomplete or unresolved; no interval was imputed",""
"LR-2023-WANG205-IAAV3305","SU-2023-CHINA-WINTER-205-GWAS","DF-CHINA-WINTER-205-GWAS","PMID:37750077","https://pmc.ncbi.nlm.nih.gov/articles/PMC10518165/","IAAV3305","2B","126731379","126731509","Type II/spread","author marker-sequence match in Supplementary Table S2","IWGSC RefSeq v1.0","chr2B:126731379-126731509(Strand=Plus/Plus)","marker-sequence span represented as a point-like MTA, not a QTL interval","","favorable allele listed in main Tables 4-6 for selected stable loci","","205 elite winter-wheat cultivars","205","not applicable","not applicable","winter wheat","China","2023","analysis_ready","true","",""
"LR-2023-WANG205-Kukri-rep-c109397-59","SU-2023-CHINA-WINTER-205-GWAS","DF-CHINA-WINTER-205-GWAS","PMID:37750077","https://pmc.ncbi.nlm.nih.gov/articles/PMC10518165/","Kukri_rep_c109397_59","5B","20667633","20667733","Type II/spread","author marker-sequence match in Supplementary Table S2","IWGSC RefSeq v1.0","chr5B:20667633-20667733(Strand=Plus/Plus)","marker-sequence span represented as a point-like MTA, not a QTL interval","","favorable allele listed in main Tables 4-6 for selected stable loci","","205 elite winter-wheat cultivars","205","not applicable","not applicable","winter wheat","China","2023","analysis_ready","true","",""
"LR-2023-WANG205-Excalibur-c3948-1315","SU-2023-CHINA-WINTER-205-GWAS","DF-CHINA-WINTER-205-GWAS","PMID:37750077","https://pmc.ncbi.nlm.nih.gov/articles/PMC10518165/","Excalibur_c3948_1315","5B","19438743","19438843","Type II/spread","author marker-sequence match in Supplementary Table S2","IWGSC RefSeq v1.0","chr5B:19438843-19438743(Strand=Plus/Minus)","marker-sequence span represented as a point-like MTA, not a QTL interval","","favorable allele listed in main Tables 4-6 for selected stable loci","","205 elite winter-wheat cultivars","205","not applicable","not applicable","winter wheat","China","2023","analysis_ready","true","",""
"LR-2023-WANG205-Kukri-c2514-490","SU-2023-CHINA-WINTER-205-GWAS","DF-CHINA-WINTER-205-GWAS","PMID:37750077","https://pmc.ncbi.nlm.nih.gov/articles/PMC10518165/","Kukri_c2514_490","5B","19439017","19439117","Type II/spread","author marker-sequence match in Supplementary Table S2","IWGSC RefSeq v1.0","chr5B:19439117-19439017(Strand=Plus/Minus)","marker-sequence span represented as a point-like MTA, not a QTL interval","","favorable allele listed in main Tables 4-6 for selected stable loci","","205 elite winter-wheat cultivars","205","not applicable","not applicable","winter wheat","China","2023","analysis_ready","true","",""
"LR-2023-WANG205-Kukri-c2514-583","SU-2023-CHINA-WINTER-205-GWAS","DF-CHINA-WINTER-205-GWAS","PMID:37750077","https://pmc.ncbi.nlm.nih.gov/articles/PMC10518165/","Kukri_c2514_583","5B","19438924","19439024","Type II/spread","author marker-sequence match in Supplementary Table S2","IWGSC RefSeq v1.0","chr5B:19439024-19438924(Strand=Plus/Minus)","marker-sequence span represented as a point-like MTA, not a QTL interval","","favorable allele listed in main Tables 4-6 for selected stable loci","","205 elite winter-wheat cultivars","205","not applicable","not applicable","winter wheat","China","2023","analysis_ready","true","",""
"LR-2023-WANG205-Tdurum-contig25432-1020","SU-2023-CHINA-WINTER-205-GWAS","DF-CHINA-WINTER-205-GWAS","PMID:37750077","https://pmc.ncbi.nlm.nih.gov/articles/PMC10518165/","Tdurum_contig25432_1020","5B","19439098","19439198","Type II/spread","author marker-sequence match in Supplementary Table S2","IWGSC RefSeq v1.0","chr5B:19439098-19439198(Strand=Plus/Plus)","marker-sequence span represented as a point-like MTA, not a QTL interval","","favorable allele listed in main Tables 4-6 for selected stable loci","","205 elite winter-wheat cultivars","205","not applicable","not applicable","winter wheat","China","2023","analysis_ready","true","",""
"LR-2023-WANG205-Tdurum-contig25432-1218","SU-2023-CHINA-WINTER-205-GWAS","DF-CHINA-WINTER-205-GWAS","PMID:37750077","https://pmc.ncbi.nlm.nih.gov/articles/PMC10518165/","Tdurum_contig25432_1218","5B","19439296","19439396","Type II/spread","author marker-sequence match in Supplementary Table S2","IWGSC RefSeq v1.0","chr5B:19439296-19439396(Strand=Plus/Plus)","marker-sequence span represented as a point-like MTA, not a QTL interval","","favorable allele listed in main Tables 4-6 for selected stable loci","","205 elite winter-wheat cultivars","205","not applicable","not applicable","winter wheat","China","2023","analysis_ready","true","",""
"LR-2023-WANG205-Tdurum-contig25432-1377","SU-2023-CHINA-WINTER-205-GWAS","DF-CHINA-WINTER-205-GWAS","PMID:37750077","https://pmc.ncbi.nlm.nih.gov/articles/PMC10518165/","Tdurum_contig25432_1377","5B","19439455","19439555","Type II/spread","author marker-sequence match in Supplementary Table S2","IWGSC RefSeq v1.0","chr5B:19439455-19439555(Strand=Plus/Plus)","marker-sequence span represented as a point-like MTA, not a QTL interval","","favorable allele listed in main Tables 4-6 for selected stable loci","","205 elite winter-wheat cultivars","205","not applicable","not applicable","winter wheat","China","2023","analysis_ready","true","",""
"LR-2023-WANG205-BobWhite-c3073-1156","SU-2023-CHINA-WINTER-205-GWAS","DF-CHINA-WINTER-205-GWAS","PMID:37750077","https://pmc.ncbi.nlm.nih.gov/articles/PMC10518165/","BobWhite_c3073_1156","6A","5326417","5326517","Type II/spread","author marker-sequence match in Supplementary Table S2","IWGSC RefSeq v1.0","chr6A:5326517-5326417(Strand=Plus/Minus)","marker-sequence span represented as a point-like MTA, not a QTL interval","","favorable allele listed in main Tables 4-6 for selected stable loci","","205 elite winter-wheat cultivars","205","not applicable","not applicable","winter wheat","China","2023","analysis_ready","true","",""
"LR-2023-WANG205-wsnp-Ku-c39334-47795350","SU-2023-CHINA-WINTER-205-GWAS","DF-CHINA-WINTER-205-GWAS","PMID:37750077","https://pmc.ncbi.nlm.nih.gov/articles/PMC10518165/","wsnp_Ku_c39334_47795350","6A","5872855","5873055","Type II/spread","author marker-sequence match in Supplementary Table S2","IWGSC RefSeq v1.0","chr6A:5873055-5872855(Strand=Plus/Minus)","marker-sequence span represented as a point-like MTA, not a QTL interval","","favorable allele listed in main Tables 4-6 for selected stable loci","","205 elite winter-wheat cultivars","205","not applicable","not applicable","winter wheat","China","2023","analysis_ready","true","",""
"LR-2023-WANG205-wsnp-Ku-c39334-47795461","SU-2023-CHINA-WINTER-205-GWAS","DF-CHINA-WINTER-205-GWAS","PMID:37750077","https://pmc.ncbi.nlm.nih.gov/articles/PMC10518165/","wsnp_Ku_c39334_47795461","6A","5872745","5872944","Type II/spread","author marker-sequence match in Supplementary Table S2","IWGSC RefSeq v1.0","chr6A:5872944-5872745(Strand=Plus/Minus)","marker-sequence span represented as a point-like MTA, not a QTL interval","","favorable allele listed in main Tables 4-6 for selected stable loci","","205 elite winter-wheat cultivars","205","not applicable","not applicable","winter wheat","China","2023","analysis_ready","true","",""
"LR-2023-WANG205-BS00090253-51","SU-2023-CHINA-WINTER-205-GWAS","DF-CHINA-WINTER-205-GWAS","PMID:37750077","https://pmc.ncbi.nlm.nih.gov/articles/PMC10518165/","BS00090253_51","6A","6735108","6735208","Type II/spread","author marker-sequence match in Supplementary Table S2","IWGSC RefSeq v1.0","chr6A:6735208-6735108(Strand=Plus/Minus)","marker-sequence span represented as a point-like MTA, not a QTL interval","hcmQTL-57","favorable allele listed in main Tables 4-6 for selected stable loci","","205 elite winter-wheat cultivars","205","not applicable","not applicable","winter wheat","China","2023","analysis_ready","true","",""
"LR-2023-WANG205-Excalibur-c431-1130","SU-2023-CHINA-WINTER-205-GWAS","DF-CHINA-WINTER-205-GWAS","PMID:37750077","https://pmc.ncbi.nlm.nih.gov/articles/PMC10518165/","Excalibur_c431_1130","6A","5326375","5326475","Type II/spread","author marker-sequence match in Supplementary Table S2","IWGSC RefSeq v1.0","chr6A:5326475-5326375(Strand=Plus/Minus)","marker-sequence span represented as a point-like MTA, not a QTL interval","","favorable allele listed in main Tables 4-6 for selected stable loci","","205 elite winter-wheat cultivars","205","not applicable","not applicable","winter wheat","China","2023","analysis_ready","true","",""
"LR-2023-WANG205-RAC875-c68978-220","SU-2023-CHINA-WINTER-205-GWAS","DF-CHINA-WINTER-205-GWAS","PMID:37750077","https://pmc.ncbi.nlm.nih.gov/articles/PMC10518165/","RAC875_c68978_220","6A","5326296","5326398","Type II/spread","author marker-sequence match in Supplementary Table S2","IWGSC RefSeq v1.0","chr6A:5326296-5326398(Strand=Plus/Plus)","marker-sequence span represented as a point-like MTA, not a QTL interval","","favorable allele listed in main Tables 4-6 for selected stable loci","","205 elite winter-wheat cultivars","205","not applicable","not applicable","winter wheat","China","2023","analysis_ready","true","",""
"LR-2023-WANG205-TA005787-0140","SU-2023-CHINA-WINTER-205-GWAS","DF-CHINA-WINTER-205-GWAS","PMID:37750077","https://pmc.ncbi.nlm.nih.gov/articles/PMC10518165/","TA005787-0140","6A","5363900","5363953","Type II/spread","author marker-sequence match in Supplementary Table S2","IWGSC RefSeq v1.0","chr6A:5363900-5363953(Strand=Plus/Plus)","marker-sequence span represented as a point-like MTA, not a QTL interval","","favorable allele listed in main Tables 4-6 for selected stable loci","","205 elite winter-wheat cultivars","205","not applicable","not applicable","winter wheat","China","2023","analysis_ready","true","",""
"LR-2023-WANG205-IAAV9150","SU-2023-CHINA-WINTER-205-GWAS","DF-CHINA-WINTER-205-GWAS","PMID:37750077","https://pmc.ncbi.nlm.nih.gov/articles/PMC10518165/","IAAV9150","6A","6733015","6733144","Type II/spread","author marker-sequence match in Supplementary Table S2","IWGSC RefSeq v1.0","chr6A:6733144 -6733015(Strand=Plus/Minus)","marker-sequence span represented as a point-like MTA, not a QTL interval","hcmQTL-57","favorable allele listed in main Tables 4-6 for selected stable loci","","205 elite winter-wheat cultivars","205","not applicable","not applicable","winter wheat","China","2023","analysis_ready","true","",""
"LR-2023-WANG205-Kukri-c3009-1702","SU-2023-CHINA-WINTER-205-GWAS","DF-CHINA-WINTER-205-GWAS","PMID:37750077","https://pmc.ncbi.nlm.nih.gov/articles/PMC10518165/","Kukri_c3009_1702","6A","6733065","6733144","Type II/spread","author marker-sequence match in Supplementary Table S2","IWGSC RefSeq v1.0","chr6A:6733065-6733144(Strand=Plus/Plus)","marker-sequence span represented as a point-like MTA, not a QTL interval","hcmQTL-57","favorable allele listed in main Tables 4-6 for selected stable loci","","205 elite winter-wheat cultivars","205","not applicable","not applicable","winter wheat","China","2023","analysis_ready","true","",""
"LR-2023-WANG205-RFL-Contig5170-330","SU-2023-CHINA-WINTER-205-GWAS","DF-CHINA-WINTER-205-GWAS","PMID:37750077","https://pmc.ncbi.nlm.nih.gov/articles/PMC10518165/","RFL_Contig5170_330","6A","6728201","6728294","Type II/spread","author marker-sequence match in Supplementary Table S2","IWGSC RefSeq v1.0","chr6A:6728201-6728294(Strand=Plus/Plus)","marker-sequence span represented as a point-like MTA, not a QTL interval","hcmQTL-57","favorable allele listed in main Tables 4-6 for selected stable loci","","205 elite winter-wheat cultivars","205","not applicable","not applicable","winter wheat","China","2023","analysis_ready","true","",""
"LR-2023-WANG205-Tdurum-contig63703-1143","SU-2023-CHINA-WINTER-205-GWAS","DF-CHINA-WINTER-205-GWAS","PMID:37750077","https://pmc.ncbi.nlm.nih.gov/articles/PMC10518165/","Tdurum_contig63703_1143","6A","6733444","6733524","Type II/spread","author marker-sequence match in Supplementary Table S2","IWGSC RefSeq v1.0","chr6A:6733524-6733444(Strand=Plus/Minus)","marker-sequence span represented as a point-like MTA, not a QTL interval","hcmQTL-57","favorable allele listed in main Tables 4-6 for selected stable loci","","205 elite winter-wheat cultivars","205","not applicable","not applicable","winter wheat","China","2023","analysis_ready","true","",""
"LR-2023-WANG205-wsnp-Ra-c3996-7334169","SU-2023-CHINA-WINTER-205-GWAS","DF-CHINA-WINTER-205-GWAS","PMID:37750077","https://pmc.ncbi.nlm.nih.gov/articles/PMC10518165/","wsnp_Ra_c3996_7334169","6A","6733803","6734003","Type II/spread","author marker-sequence match in Supplementary Table S2","IWGSC RefSeq v1.0","chr6A:6734003-6733803(Strand=Plus/Minus)","marker-sequence span represented as a point-like MTA, not a QTL interval","hcmQTL-57","favorable allele listed in main Tables 4-6 for selected stable loci","","205 elite winter-wheat cultivars","205","not applicable","not applicable","winter wheat","China","2023","analysis_ready","true","",""
"LR-2023-WANG205-Excalibur-c20597-509","SU-2023-CHINA-WINTER-205-GWAS","DF-CHINA-WINTER-205-GWAS","PMID:37750077","https://pmc.ncbi.nlm.nih.gov/articles/PMC10518165/","Excalibur_c20597_509","6A","6725071","6725171","Type II/spread","author marker-sequence match in Supplementary Table S2","IWGSC RefSeq v1.0","chr6A:6725171-6725071(Strand=Plus/Minus)","marker-sequence span represented as a point-like MTA, not a QTL interval","hcmQTL-57","favorable allele listed in main Tables 4-6 for selected stable loci","","205 elite winter-wheat cultivars","205","not applicable","not applicable","winter wheat","China","2023","analysis_ready","true","",""
"LR-2023-WANG205-wsnp-Ex-c7002-12063325","SU-2023-CHINA-WINTER-205-GWAS","DF-CHINA-WINTER-205-GWAS","PMID:37750077","https://pmc.ncbi.nlm.nih.gov/articles/PMC10518165/","wsnp_Ex_c7002_12063325","6A","601473016","601473216","Type II/spread","author marker-sequence match in Supplementary Table S2","IWGSC RefSeq v1.0","chr6A:601473016-601473216(Strand=Plus/Plus)","marker-sequence span represented as a point-like MTA, not a QTL interval","","favorable allele listed in main Tables 4-6 for selected stable loci","","205 elite winter-wheat cultivars","205","not applicable","not applicable","winter wheat","China","2023","analysis_ready","true","",""
"LR-2023-WANG205-wsnp-Ex-c7002-12063380","SU-2023-CHINA-WINTER-205-GWAS","DF-CHINA-WINTER-205-GWAS","PMID:37750077","https://pmc.ncbi.nlm.nih.gov/articles/PMC10518165/","wsnp_Ex_c7002_12063380","6A","601473071","601473237","Type II/spread","author marker-sequence match in Supplementary Table S2","IWGSC RefSeq v1.0","chr6A:601473071-601473237(Strand=Plus/Plus)","marker-sequence span represented as a point-like MTA, not a QTL interval","","favorable allele listed in main Tables 4-6 for selected stable loci","","205 elite winter-wheat cultivars","205","not applicable","not applicable","winter wheat","China","2023","analysis_ready","true","",""
"LR-2023-WANG205-Excalibur-c7002-314","SU-2023-CHINA-WINTER-205-GWAS","DF-CHINA-WINTER-205-GWAS","PMID:37750077","https://pmc.ncbi.nlm.nih.gov/articles/PMC10518165/","Excalibur_c7002_314","6A","601472919","601473019","Type II/spread","author marker-sequence match in Supplementary Table S2","IWGSC RefSeq v1.0","chr6A:601472919-601473019(Strand=Plus/Plus)","marker-sequence span represented as a point-like MTA, not a QTL interval","","favorable allele listed in main Tables 4-6 for selected stable loci","","205 elite winter-wheat cultivars","205","not applicable","not applicable","winter wheat","China","2023","analysis_ready","true","",""
"LR-2023-WANG205-CAP11-c3666-426","SU-2023-CHINA-WINTER-205-GWAS","DF-CHINA-WINTER-205-GWAS","PMID:37750077","https://pmc.ncbi.nlm.nih.gov/articles/PMC10518165/","CAP11_c3666_426","7A","708624750","708624850","Type II/spread","author marker-sequence match in Supplementary Table S2","IWGSC RefSeq v1.0","chr7A:708624850-708624750(Strand=Plus/Minus)","marker-sequence span represented as a point-like MTA, not a QTL interval","","favorable allele listed in main Tables 4-6 for selected stable loci","","205 elite winter-wheat cultivars","205","not applicable","not applicable","winter wheat","China","2023","analysis_ready","true","",""
"LR-2023-WANG205-BS00025278-51","SU-2023-CHINA-WINTER-205-GWAS","DF-CHINA-WINTER-205-GWAS","PMID:37750077","https://pmc.ncbi.nlm.nih.gov/articles/PMC10518165/","BS00025278_51","7B","636507892","636507992","Type II/spread","author marker-sequence match in Supplementary Table S2","IWGSC RefSeq v1.0","chr7B:636507892-636507992(Strand=Plus/Plus)","marker-sequence span represented as a point-like MTA, not a QTL interval","","favorable allele listed in main Tables 4-6 for selected stable loci","","205 elite winter-wheat cultivars","205","not applicable","not applicable","winter wheat","China","2023","analysis_ready","true","",""
"LR-2023-WANG205-BS00025286-51","SU-2023-CHINA-WINTER-205-GWAS","DF-CHINA-WINTER-205-GWAS","PMID:37750077","https://pmc.ncbi.nlm.nih.gov/articles/PMC10518165/","BS00025286_51","7B","636508126","636508226","Type II/spread","author marker-sequence match in Supplementary Table S2","IWGSC RefSeq v1.0","chr7B:636508126-636508226(Strand=Plus/Plus)","marker-sequence span represented as a point-like MTA, not a QTL interval","","favorable allele listed in main Tables 4-6 for selected stable loci","","205 elite winter-wheat cultivars","205","not applicable","not applicable","winter wheat","China","2023","analysis_ready","true","",""
"LR-2023-WANG205-Kukri-c7902-438","SU-2023-CHINA-WINTER-205-GWAS","DF-CHINA-WINTER-205-GWAS","PMID:37750077","https://pmc.ncbi.nlm.nih.gov/articles/PMC10518165/","Kukri_c7902_438","1B","327355888","327355988","Type II/spread","author marker-sequence match in Supplementary Table S2","IWGSC RefSeq v1.0","chr1B:327355988-327355888(Strand=Plus/Minus)","marker-sequence span represented as a point-like MTA, not a QTL interval","","favorable allele listed in main Tables 4-6 for selected stable loci","","205 elite winter-wheat cultivars","205","not applicable","not applicable","winter wheat","China","2023","analysis_ready","true","",""
"LR-2023-WANG205-Excalibur-c27675-1815","SU-2023-CHINA-WINTER-205-GWAS","DF-CHINA-WINTER-205-GWAS","PMID:37750077","https://pmc.ncbi.nlm.nih.gov/articles/PMC10518165/","Excalibur_c27675_1815","1B","","","Type II/spread","unresolved author physical position","IWGSC RefSeq v1.0","No","source physical entry is missing, cross-chromosome, or implausible: No","","favorable allele listed in main Tables 4-6 for selected stable loci","","205 elite winter-wheat cultivars","205","not applicable","not applicable","winter wheat","China","2023","second_reviewed_excluded_primary","false","Source physical bounds are incomplete or unresolved; no interval was imputed",""
"LR-2023-WANG205-CAP7-c1241-128","SU-2023-CHINA-WINTER-205-GWAS","DF-CHINA-WINTER-205-GWAS","PMID:37750077","https://pmc.ncbi.nlm.nih.gov/articles/PMC10518165/","CAP7_c1241_128","1B","","","Type II/spread","unresolved author physical position","IWGSC RefSeq v1.0","No","source physical entry is missing, cross-chromosome, or implausible: No","","favorable allele listed in main Tables 4-6 for selected stable loci","","205 elite winter-wheat cultivars","205","not applicable","not applicable","winter wheat","China","2023","second_reviewed_excluded_primary","false","Source physical bounds are incomplete or unresolved; no interval was imputed",""
"LR-2023-WANG205-tplb0032i02-1435","SU-2023-CHINA-WINTER-205-GWAS","DF-CHINA-WINTER-205-GWAS","PMID:37750077","https://pmc.ncbi.nlm.nih.gov/articles/PMC10518165/","tplb0032i02_1435","2A","5677348","5677448","Type II/spread","author marker-sequence match in Supplementary Table S2","IWGSC RefSeq v1.0","chr2A:5677348-5677448(Strand=Plus/Plus)","marker-sequence span represented as a point-like MTA, not a QTL interval","hcmQTL-9","favorable allele listed in main Tables 4-6 for selected stable loci","","205 elite winter-wheat cultivars","205","not applicable","not applicable","winter wheat","China","2023","analysis_ready","true","",""
"LR-2023-WANG205-wsnp-Ra-c21104-30458226","SU-2023-CHINA-WINTER-205-GWAS","DF-CHINA-WINTER-205-GWAS","PMID:37750077","https://pmc.ncbi.nlm.nih.gov/articles/PMC10518165/","wsnp_Ra_c21104_30458226","2A","5677298","5677498","Type II/spread","author marker-sequence match in Supplementary Table S2","IWGSC RefSeq v1.0","chr2A:5677498-5677298(Strand=Plus/Minus)","marker-sequence span represented as a point-like MTA, not a QTL interval","hcmQTL-9","favorable allele listed in main Tables 4-6 for selected stable loci","","205 elite winter-wheat cultivars","205","not applicable","not applicable","winter wheat","China","2023","analysis_ready","true","",""
"LR-2023-WANG205-Ra-c510-171","SU-2023-CHINA-WINTER-205-GWAS","DF-CHINA-WINTER-205-GWAS","PMID:37750077","https://pmc.ncbi.nlm.nih.gov/articles/PMC10518165/","Ra_c510_171","2A","5912322","5912422","Type II/spread","author marker-sequence match in Supplementary Table S2","IWGSC RefSeq v1.0","chr2A:5912422 -5912322(Strand=Plus/Minus)","marker-sequence span represented as a point-like MTA, not a QTL interval","hcmQTL-9","favorable allele listed in main Tables 4-6 for selected stable loci","","205 elite winter-wheat cultivars","205","not applicable","not applicable","winter wheat","China","2023","analysis_ready","true","",""
"LR-2023-WANG205-RAC875-c510-923","SU-2023-CHINA-WINTER-205-GWAS","DF-CHINA-WINTER-205-GWAS","PMID:37750077","https://pmc.ncbi.nlm.nih.gov/articles/PMC10518165/","RAC875_c510_923","2A","5911570","5911670","Type II/spread","author marker-sequence match in Supplementary Table S2","IWGSC RefSeq v1.0","chr2A:5911670-5911570(Strand=Plus/Minus)","marker-sequence span represented as a point-like MTA, not a QTL interval","hcmQTL-9","favorable allele listed in main Tables 4-6 for selected stable loci","","205 elite winter-wheat cultivars","205","not applicable","not applicable","winter wheat","China","2023","analysis_ready","true","",""
"LR-2023-WANG205-Tdurum-contig76595-208","SU-2023-CHINA-WINTER-205-GWAS","DF-CHINA-WINTER-205-GWAS","PMID:37750077","https://pmc.ncbi.nlm.nih.gov/articles/PMC10518165/","Tdurum_contig76595_208","2A","7545232","7545332","Type II/spread","author marker-sequence match in Supplementary Table S2","IWGSC RefSeq v1.0","chr2A:7545332-7545232(Strand=Plus/Minus)","marker-sequence span represented as a point-like MTA, not a QTL interval","hcmQTL-9","favorable allele listed in main Tables 4-6 for selected stable loci","","205 elite winter-wheat cultivars","205","not applicable","not applicable","winter wheat","China","2023","analysis_ready","true","",""
"LR-2023-WANG205-BS00068050-51","SU-2023-CHINA-WINTER-205-GWAS","DF-CHINA-WINTER-205-GWAS","PMID:37750077","https://pmc.ncbi.nlm.nih.gov/articles/PMC10518165/","BS00068050_51","2A","7514010","7514110","Type II/spread","author marker-sequence match in Supplementary Table S2","IWGSC RefSeq v1.0","chr2A:7514110-7514010(Strand=Plus/Minus)","marker-sequence span represented as a point-like MTA, not a QTL interval","hcmQTL-9","favorable allele listed in main Tables 4-6 for selected stable loci","","205 elite winter-wheat cultivars","205","not applicable","not applicable","winter wheat","China","2023","analysis_ready","true","",""
"LR-2023-WANG205-BS00022242-51","SU-2023-CHINA-WINTER-205-GWAS","DF-CHINA-WINTER-205-GWAS","PMID:37750077","https://pmc.ncbi.nlm.nih.gov/articles/PMC10518165/","BS00022242_51","3B","42340498","42340598","Type II/spread","author marker-sequence match in Supplementary Table S2","IWGSC RefSeq v1.0","chr3B:42340498-42340598(Strand=Plus/Plus)","marker-sequence span represented as a point-like MTA, not a QTL interval","","favorable allele listed in main Tables 4-6 for selected stable loci","","205 elite winter-wheat cultivars","205","not applicable","not applicable","winter wheat","China","2023","analysis_ready","true","",""
"LR-2023-WANG205-Kukri-c7087-896","SU-2023-CHINA-WINTER-205-GWAS","DF-CHINA-WINTER-205-GWAS","PMID:37750077","https://pmc.ncbi.nlm.nih.gov/articles/PMC10518165/","Kukri_c7087_896","3B","592610040","592610131","Type II/spread","author marker-sequence match in Supplementary Table S2","IWGSC RefSeq v1.0","chr3B:592610040-592610131(Strand=Plus/Plus)","marker-sequence span represented as a point-like MTA, not a QTL interval","","favorable allele listed in main Tables 4-6 for selected stable loci","","205 elite winter-wheat cultivars","205","not applicable","not applicable","winter wheat","China","2023","analysis_ready","true","",""
"LR-2023-WANG205-Excalibur-c25678-337","SU-2023-CHINA-WINTER-205-GWAS","DF-CHINA-WINTER-205-GWAS","PMID:37750077","https://pmc.ncbi.nlm.nih.gov/articles/PMC10518165/","Excalibur_c25678_337","3B","591455240","591455305","Type II/spread","author marker-sequence match in Supplementary Table S2","IWGSC RefSeq v1.0","chr3B:591455305-591455240(Strand=Plus/Minus)","marker-sequence span represented as a point-like MTA, not a QTL interval","","favorable allele listed in main Tables 4-6 for selected stable loci","","205 elite winter-wheat cultivars","205","not applicable","not applicable","winter wheat","China","2023","analysis_ready","true","",""
"LR-2023-WANG205-RAC875-c35801-905","SU-2023-CHINA-WINTER-205-GWAS","DF-CHINA-WINTER-205-GWAS","PMID:37750077","https://pmc.ncbi.nlm.nih.gov/articles/PMC10518165/","RAC875_c35801_905","3D","438618073","438618143","Type II/spread","author marker-sequence match in Supplementary Table S2","IWGSC RefSeq v1.0","chr3D:438618143-438618073(Strand=Plus/Minus)","marker-sequence span represented as a point-like MTA, not a QTL interval","","favorable allele listed in main Tables 4-6 for selected stable loci","","205 elite winter-wheat cultivars","205","not applicable","not applicable","winter wheat","China","2023","analysis_ready","true","",""
"LR-2023-WANG205-RAC875-c8662-140","SU-2023-CHINA-WINTER-205-GWAS","DF-CHINA-WINTER-205-GWAS","PMID:37750077","https://pmc.ncbi.nlm.nih.gov/articles/PMC10518165/","RAC875_c8662_140","3D","","","Type II/spread","unresolved author physical position","IWGSC RefSeq v1.0","No","source physical entry is missing, cross-chromosome, or implausible: No","","favorable allele listed in main Tables 4-6 for selected stable loci","","205 elite winter-wheat cultivars","205","not applicable","not applicable","winter wheat","China","2023","second_reviewed_excluded_primary","false","Source physical bounds are incomplete or unresolved; no interval was imputed",""
"LR-2023-WANG205-CAP7-c4800-276","SU-2023-CHINA-WINTER-205-GWAS","DF-CHINA-WINTER-205-GWAS","PMID:37750077","https://pmc.ncbi.nlm.nih.gov/articles/PMC10518165/","CAP7_c4800_276","5A","564497830","564497930","Type II/spread","author marker-sequence match in Supplementary Table S2","IWGSC RefSeq v1.0","chr5A:564497830-564497930(Strand=Plus/Plus)","marker-sequence span represented as a point-like MTA, not a QTL interval","","favorable allele listed in main Tables 4-6 for selected stable loci","","205 elite winter-wheat cultivars","205","not applicable","not applicable","winter wheat","China","2023","analysis_ready","true","",""
"LR-2023-WANG205-IAAV8455","SU-2023-CHINA-WINTER-205-GWAS","DF-CHINA-WINTER-205-GWAS","PMID:37750077","https://pmc.ncbi.nlm.nih.gov/articles/PMC10518165/","IAAV8455","5B","679559013","679559210","Type II/spread","author marker-sequence match in Supplementary Table S2","IWGSC RefSeq v1.0","chr5B:679559210-679559013(Strand=Plus/Minus)","marker-sequence span represented as a point-like MTA, not a QTL interval","hcmQTL-54","favorable allele listed in main Tables 4-6 for selected stable loci","","205 elite winter-wheat cultivars","205","not applicable","not applicable","winter wheat","China","2023","analysis_ready","true","",""
"LR-2023-WANG205-BS00099729-51","SU-2023-CHINA-WINTER-205-GWAS","DF-CHINA-WINTER-205-GWAS","PMID:37750077","https://pmc.ncbi.nlm.nih.gov/articles/PMC10518165/","BS00099729_51","5B","703173138","703173238","Type II/spread","author marker-sequence match in Supplementary Table S2","IWGSC RefSeq v1.0","chr5B:703173238-703173138(Strand=Plus/Minus)","marker-sequence span represented as a point-like MTA, not a QTL interval","","favorable allele listed in main Tables 4-6 for selected stable loci","","205 elite winter-wheat cultivars","205","not applicable","not applicable","winter wheat","China","2023","analysis_ready","true","",""
"LR-2023-WANG205-RAC875-c68525-284","SU-2023-CHINA-WINTER-205-GWAS","DF-CHINA-WINTER-205-GWAS","PMID:37750077","https://pmc.ncbi.nlm.nih.gov/articles/PMC10518165/","RAC875_c68525_284","6B","657946476","657946576","Type II/spread","author marker-sequence match in Supplementary Table S2","IWGSC RefSeq v1.0","chr6B:657946476-657946576(Strand=Plus/Plus)","marker-sequence span represented as a point-like MTA, not a QTL interval","","favorable allele listed in main Tables 4-6 for selected stable loci","","205 elite winter-wheat cultivars","205","not applicable","not applicable","winter wheat","China","2023","analysis_ready","true","",""
"LR-2023-WANG205-RAC875-c18043-411","SU-2023-CHINA-WINTER-205-GWAS","DF-CHINA-WINTER-205-GWAS","PMID:37750077","https://pmc.ncbi.nlm.nih.gov/articles/PMC10518165/","RAC875_c18043_411","7B","594418427","594418507","Type II/spread","author marker-sequence match in Supplementary Table S2","IWGSC RefSeq v1.0","chr7B:594418507-594418427(Strand=Plus/Minus)","marker-sequence span represented as a point-like MTA, not a QTL interval","","favorable allele listed in main Tables 4-6 for selected stable loci","","205 elite winter-wheat cultivars","205","not applicable","not applicable","winter wheat","China","2023","analysis_ready","true","",""
"LR-2023-WANG205-Kukri-c4143-1055","SU-2023-CHINA-WINTER-205-GWAS","DF-CHINA-WINTER-205-GWAS","PMID:37750077","https://pmc.ncbi.nlm.nih.gov/articles/PMC10518165/","Kukri_c4143_1055","7B","594418276","594418349","Type II/spread","author marker-sequence match in Supplementary Table S2","IWGSC RefSeq v1.0","chr7B:594418349-594418276(Strand=Plus/Minus)","marker-sequence span represented as a point-like MTA, not a QTL interval","","favorable allele listed in main Tables 4-6 for selected stable loci","","205 elite winter-wheat cultivars","205","not applicable","not applicable","winter wheat","China","2023","analysis_ready","true","",""
"LR-2023-DMP603-1-719-911","SU-2023-DURUM-MULTIPARENT-603-GWAS","DF-DURUM-MULTIPARENT-603","PMID:37639019","https://pmc.ncbi.nlm.nih.gov/articles/PMC10462738/","MTA-1,719,911","1B","","","visual FHB severity","author-reported marker point","Triticum durum Svevo RefSeq Rel. 1.0","1B:505559153 bp (Svevo)","tetraploid Svevo coordinate; no numeric cross-assembly substitution","","Heli123, Heli94, (Td161)","− 22.38","603 F7 durum RILs from elite x resistance-donor crosses","603","not applicable","not applicable","spring durum wheat","Austria","2023","coordinate_checked","false","Tetraploid Svevo coordinate; retained in cross-species/assembly sensitivity layer",""
"LR-2023-DMP603-1-723-994","SU-2023-DURUM-MULTIPARENT-603-GWAS","DF-DURUM-MULTIPARENT-603","PMID:37639019","https://pmc.ncbi.nlm.nih.gov/articles/PMC10462738/","MTA-1,723,994","2B","","","visual FHB severity","author-reported marker point","Triticum durum Svevo RefSeq Rel. 1.0","2B:13308290 bp (Svevo)","tetraploid Svevo coordinate; no numeric cross-assembly substitution","","I17.122, I18.14, I19.32, I19.8 (Mt. Hermon#22; Mt. Gerizim#36)","− 43.80","603 F7 durum RILs from elite x resistance-donor crosses","603","not applicable","not applicable","spring durum wheat","Austria","2023","coordinate_checked","false","Tetraploid Svevo coordinate; retained in cross-species/assembly sensitivity layer",""
"LR-2023-DMP603-6-042-974","SU-2023-DURUM-MULTIPARENT-603-GWAS","DF-DURUM-MULTIPARENT-603","PMID:37639019","https://pmc.ncbi.nlm.nih.gov/articles/PMC10462738/","MTA-6,042,974","3A","","","visual FHB severity","author-reported marker point","Triticum durum Svevo RefSeq Rel. 1.0","3A:638032203 bp (Svevo)","tetraploid Svevo coordinate; no numeric cross-assembly substitution","","Floradur, SZD1029K","45.51","603 F7 durum RILs from elite x resistance-donor crosses","603","not applicable","not applicable","spring durum wheat","Austria","2023","coordinate_checked","false","Tetraploid Svevo coordinate; retained in cross-species/assembly sensitivity layer",""
"LR-2023-DMP603-KASP46","SU-2023-DURUM-MULTIPARENT-603-GWAS","DF-DURUM-MULTIPARENT-603","PMID:37639019","https://pmc.ncbi.nlm.nih.gov/articles/PMC10462738/","MTA-KASP46","3B","","","visual FHB severity","author-reported marker point","Triticum durum Svevo RefSeq Rel. 1.0","3B:10890613 bp (Svevo)","tetraploid Svevo coordinate; no numeric cross-assembly substitution","","DBC480 (Sumai3, Fhb1 )","− 26.97","603 F7 durum RILs from elite x resistance-donor crosses","603","not applicable","not applicable","spring durum wheat","Austria","2023","coordinate_checked","false","Tetraploid Svevo coordinate; retained in cross-species/assembly sensitivity layer",""
"LR-2023-DMP603-4-003-681","SU-2023-DURUM-MULTIPARENT-603-GWAS","DF-DURUM-MULTIPARENT-603","PMID:37639019","https://pmc.ncbi.nlm.nih.gov/articles/PMC10462738/","MTA-4,003,681","3B","","","visual FHB severity","author-reported marker point","Triticum durum Svevo RefSeq Rel. 1.0","3B:11935133 bp (Svevo)","tetraploid Svevo coordinate; no numeric cross-assembly substitution","","Durobonus, I19.94 (Mt. Gerizim#36), Karur, SZD1029K","62.44","603 F7 durum RILs from elite x resistance-donor crosses","603","not applicable","not applicable","spring durum wheat","Austria","2023","coordinate_checked","false","Tetraploid Svevo coordinate; retained in cross-species/assembly sensitivity layer",""
"LR-2023-DMP603-1-021-609","SU-2023-DURUM-MULTIPARENT-603-GWAS","DF-DURUM-MULTIPARENT-603","PMID:37639019","https://pmc.ncbi.nlm.nih.gov/articles/PMC10462738/","MTA-1,021,609","5A","","","visual FHB severity","author-reported marker point","Triticum durum Svevo RefSeq Rel. 1.0","5A:540667162 bp (Svevo)","tetraploid Svevo coordinate; no numeric cross-assembly substitution","","DBC480 (Semperdur), Durobonus, Karur, SZD1029K","28.25","603 F7 durum RILs from elite x resistance-donor crosses","603","not applicable","not applicable","spring durum wheat","Austria","2023","coordinate_checked","false","Tetraploid Svevo coordinate; retained in cross-species/assembly sensitivity layer",""
"LR-2023-DMP603-1-087-772","SU-2023-DURUM-MULTIPARENT-603-GWAS","DF-DURUM-MULTIPARENT-603","PMID:37639019","https://pmc.ncbi.nlm.nih.gov/articles/PMC10462738/","MTA-1,087,772","6A","","","visual FHB severity","author-reported marker point","Triticum durum Svevo RefSeq Rel. 1.0","6A:326642408 bp (Svevo)","tetraploid Svevo coordinate; no numeric cross-assembly substitution","","SZD1029K","128.29","603 F7 durum RILs from elite x resistance-donor crosses","603","not applicable","not applicable","spring durum wheat","Austria","2023","coordinate_checked","false","Tetraploid Svevo coordinate; retained in cross-species/assembly sensitivity layer",""
"LR-2023-D265-QFhb-1A.1","SU-2023-DURUM-CANEU-265-MLGWAS","DF-DURUM-CANEU-265","PMID:37900749","https://pmc.ncbi.nlm.nih.gov/articles/PMC10601657/","QFhb-1A.1","1A","","","FHB resistance composite","author representative-marker point","IWGSC Chinese Spring RefSeq v2.1","1A:490.5 Mb (RefSeq v2.1)","RefSeq v2.1 coordinate; no proportional conversion to v1.0","","","","265 Canadian/European durum cultivars and breeding lines","265","not applicable","not applicable","spring durum wheat","Canada and Europe","2023","coordinate_checked","false","RefSeq v2.1 and tetraploid evidence; retained in cross-assembly/ploidy sensitivity layer",""
"LR-2023-D265-QFhb-1A.2","SU-2023-DURUM-CANEU-265-MLGWAS","DF-DURUM-CANEU-265","PMID:37900749","https://pmc.ncbi.nlm.nih.gov/articles/PMC10601657/","QFhb-1A.2","1A","","","FHB resistance composite","author representative-marker point","IWGSC Chinese Spring RefSeq v2.1","1A:562.9 Mb (RefSeq v2.1)","RefSeq v2.1 coordinate; no proportional conversion to v1.0","","","","265 Canadian/European durum cultivars and breeding lines","265","not applicable","not applicable","spring durum wheat","Canada and Europe","2023","coordinate_checked","false","RefSeq v2.1 and tetraploid evidence; retained in cross-assembly/ploidy sensitivity layer",""
"LR-2023-D265-QFhb-1B","SU-2023-DURUM-CANEU-265-MLGWAS","DF-DURUM-CANEU-265","PMID:37900749","https://pmc.ncbi.nlm.nih.gov/articles/PMC10601657/","QFhb-1B","1B","","","FHB resistance composite","author representative-marker point","IWGSC Chinese Spring RefSeq v2.1","1B:109.3 Mb (RefSeq v2.1)","RefSeq v2.1 coordinate; no proportional conversion to v1.0","","","","265 Canadian/European durum cultivars and breeding lines","265","not applicable","not applicable","spring durum wheat","Canada and Europe","2023","coordinate_checked","false","RefSeq v2.1 and tetraploid evidence; retained in cross-assembly/ploidy sensitivity layer",""
"LR-2023-D265-QFhb-2A.1","SU-2023-DURUM-CANEU-265-MLGWAS","DF-DURUM-CANEU-265","PMID:37900749","https://pmc.ncbi.nlm.nih.gov/articles/PMC10601657/","QFhb-2A.1","2A","","","FHB resistance composite","author representative-marker point","IWGSC Chinese Spring RefSeq v2.1","2A:778.7 Mb (RefSeq v2.1)","RefSeq v2.1 coordinate; no proportional conversion to v1.0","","","","265 Canadian/European durum cultivars and breeding lines","265","not applicable","not applicable","spring durum wheat","Canada and Europe","2023","coordinate_checked","false","RefSeq v2.1 and tetraploid evidence; retained in cross-assembly/ploidy sensitivity layer",""
"LR-2023-D265-QFhb-2A.2","SU-2023-DURUM-CANEU-265-MLGWAS","DF-DURUM-CANEU-265","PMID:37900749","https://pmc.ncbi.nlm.nih.gov/articles/PMC10601657/","QFhb-2A.2","2A","","","FHB resistance composite","author representative-marker point","IWGSC Chinese Spring RefSeq v2.1","2A:568.4 Mb (RefSeq v2.1)","RefSeq v2.1 coordinate; no proportional conversion to v1.0","","","","265 Canadian/European durum cultivars and breeding lines","265","not applicable","not applicable","spring durum wheat","Canada and Europe","2023","coordinate_checked","false","RefSeq v2.1 and tetraploid evidence; retained in cross-assembly/ploidy sensitivity layer",""
"LR-2023-D265-QFhb-2A.3","SU-2023-DURUM-CANEU-265-MLGWAS","DF-DURUM-CANEU-265","PMID:37900749","https://pmc.ncbi.nlm.nih.gov/articles/PMC10601657/","QFhb-2A.3","2A","","","FHB resistance composite","author representative-marker point","IWGSC Chinese Spring RefSeq v2.1","2A:746.8 Mb (RefSeq v2.1)","RefSeq v2.1 coordinate; no proportional conversion to v1.0","","","","265 Canadian/European durum cultivars and breeding lines","265","not applicable","not applicable","spring durum wheat","Canada and Europe","2023","coordinate_checked","false","RefSeq v2.1 and tetraploid evidence; retained in cross-assembly/ploidy sensitivity layer",""
"LR-2023-D265-QFhb-2B.1","SU-2023-DURUM-CANEU-265-MLGWAS","DF-DURUM-CANEU-265","PMID:37900749","https://pmc.ncbi.nlm.nih.gov/articles/PMC10601657/","QFhb-2B.1","2B","","","FHB resistance composite","author representative-marker point","IWGSC Chinese Spring RefSeq v2.1","2B:10.8 Mb (RefSeq v2.1)","RefSeq v2.1 coordinate; no proportional conversion to v1.0","","","","265 Canadian/European durum cultivars and breeding lines","265","not applicable","not applicable","spring durum wheat","Canada and Europe","2023","coordinate_checked","false","RefSeq v2.1 and tetraploid evidence; retained in cross-assembly/ploidy sensitivity layer",""
"LR-2023-D265-QFhb-2B.2","SU-2023-DURUM-CANEU-265-MLGWAS","DF-DURUM-CANEU-265","PMID:37900749","https://pmc.ncbi.nlm.nih.gov/articles/PMC10601657/","QFhb-2B.2","2B","","","FHB resistance composite","author representative-marker point","IWGSC Chinese Spring RefSeq v2.1","2B:605.0 Mb (RefSeq v2.1)","RefSeq v2.1 coordinate; no proportional conversion to v1.0","","","","265 Canadian/European durum cultivars and breeding lines","265","not applicable","not applicable","spring durum wheat","Canada and Europe","2023","coordinate_checked","false","RefSeq v2.1 and tetraploid evidence; retained in cross-assembly/ploidy sensitivity layer",""
"LR-2023-D265-QFhb-2B.3","SU-2023-DURUM-CANEU-265-MLGWAS","DF-DURUM-CANEU-265","PMID:37900749","https://pmc.ncbi.nlm.nih.gov/articles/PMC10601657/","QFhb-2B.3","2B","","","FHB resistance composite","author representative-marker point","IWGSC Chinese Spring RefSeq v2.1","2B:683.2 Mb (RefSeq v2.1)","RefSeq v2.1 coordinate; no proportional conversion to v1.0","","","","265 Canadian/European durum cultivars and breeding lines","265","not applicable","not applicable","spring durum wheat","Canada and Europe","2023","coordinate_checked","false","RefSeq v2.1 and tetraploid evidence; retained in cross-assembly/ploidy sensitivity layer",""
"LR-2023-D265-QFhb-2B.4","SU-2023-DURUM-CANEU-265-MLGWAS","DF-DURUM-CANEU-265","PMID:37900749","https://pmc.ncbi.nlm.nih.gov/articles/PMC10601657/","QFhb-2B.4","2B","","","FHB resistance composite","author representative-marker point","IWGSC Chinese Spring RefSeq v2.1","2B:114 Mb (RefSeq v2.1)","RefSeq v2.1 coordinate; no proportional conversion to v1.0","","","","265 Canadian/European durum cultivars and breeding lines","265","not applicable","not applicable","spring durum wheat","Canada and Europe","2023","coordinate_checked","false","RefSeq v2.1 and tetraploid evidence; retained in cross-assembly/ploidy sensitivity layer",""
"LR-2023-D265-QFhb-3A.1","SU-2023-DURUM-CANEU-265-MLGWAS","DF-DURUM-CANEU-265","PMID:37900749","https://pmc.ncbi.nlm.nih.gov/articles/PMC10601657/","QFhb-3A.1","3A","","","FHB resistance composite","author LD-defined QTL span","IWGSC Chinese Spring RefSeq v2.1","3A:10.0–13.0 Mb (RefSeq v2.1)","RefSeq v2.1 coordinate; no proportional conversion to v1.0","","","","265 Canadian/European durum cultivars and breeding lines","265","not applicable","not applicable","spring durum wheat","Canada and Europe","2023","coordinate_checked","false","RefSeq v2.1 and tetraploid evidence; retained in cross-assembly/ploidy sensitivity layer",""
"LR-2023-D265-QFhb-3A.2","SU-2023-DURUM-CANEU-265-MLGWAS","DF-DURUM-CANEU-265","PMID:37900749","https://pmc.ncbi.nlm.nih.gov/articles/PMC10601657/","QFhb-3A.2","3A","","","FHB resistance composite","author representative-marker point","IWGSC Chinese Spring RefSeq v2.1","3A:716.1 Mb (RefSeq v2.1)","RefSeq v2.1 coordinate; no proportional conversion to v1.0","","","","265 Canadian/European durum cultivars and breeding lines","265","not applicable","not applicable","spring durum wheat","Canada and Europe","2023","coordinate_checked","false","RefSeq v2.1 and tetraploid evidence; retained in cross-assembly/ploidy sensitivity layer",""
"LR-2023-D265-QFhb-3B.1","SU-2023-DURUM-CANEU-265-MLGWAS","DF-DURUM-CANEU-265","PMID:37900749","https://pmc.ncbi.nlm.nih.gov/articles/PMC10601657/","QFhb-3B.1","3B","","","FHB resistance composite","author LD-defined QTL span","IWGSC Chinese Spring RefSeq v2.1","3B:3.2 -9.9 Mb (RefSeq v2.1)","RefSeq v2.1 coordinate; no proportional conversion to v1.0","","","","265 Canadian/European durum cultivars and breeding lines","265","not applicable","not applicable","spring durum wheat","Canada and Europe","2023","coordinate_checked","false","RefSeq v2.1 and tetraploid evidence; retained in cross-assembly/ploidy sensitivity layer",""
"LR-2023-D265-QFhb-3B.2","SU-2023-DURUM-CANEU-265-MLGWAS","DF-DURUM-CANEU-265","PMID:37900749","https://pmc.ncbi.nlm.nih.gov/articles/PMC10601657/","QFhb-3B.2","3B","","","FHB resistance composite","author LD-defined QTL span","IWGSC Chinese Spring RefSeq v2.1","3B:578.2-578.8 Mb (RefSeq v2.1)","RefSeq v2.1 coordinate; no proportional conversion to v1.0","","","","265 Canadian/European durum cultivars and breeding lines","265","not applicable","not applicable","spring durum wheat","Canada and Europe","2023","coordinate_checked","false","RefSeq v2.1 and tetraploid evidence; retained in cross-assembly/ploidy sensitivity layer",""
"LR-2023-D265-QFhb-3B.3","SU-2023-DURUM-CANEU-265-MLGWAS","DF-DURUM-CANEU-265","PMID:37900749","https://pmc.ncbi.nlm.nih.gov/articles/PMC10601657/","QFhb-3B.3","3B","","","FHB resistance composite","author representative-marker point","IWGSC Chinese Spring RefSeq v2.1","3B:793.1 Mb (RefSeq v2.1)","RefSeq v2.1 coordinate; no proportional conversion to v1.0","","","","265 Canadian/European durum cultivars and breeding lines","265","not applicable","not applicable","spring durum wheat","Canada and Europe","2023","coordinate_checked","false","RefSeq v2.1 and tetraploid evidence; retained in cross-assembly/ploidy sensitivity layer",""
"LR-2023-D265-QFhb-4A.1","SU-2023-DURUM-CANEU-265-MLGWAS","DF-DURUM-CANEU-265","PMID:37900749","https://pmc.ncbi.nlm.nih.gov/articles/PMC10601657/","QFhb-4A.1","4A","","","FHB resistance composite","author representative-marker point","IWGSC Chinese Spring RefSeq v2.1","4A:21.2 Mb (RefSeq v2.1)","RefSeq v2.1 coordinate; no proportional conversion to v1.0","","","","265 Canadian/European durum cultivars and breeding lines","265","not applicable","not applicable","spring durum wheat","Canada and Europe","2023","coordinate_checked","false","RefSeq v2.1 and tetraploid evidence; retained in cross-assembly/ploidy sensitivity layer",""
"LR-2023-D265-QFhb-4B.1","SU-2023-DURUM-CANEU-265-MLGWAS","DF-DURUM-CANEU-265","PMID:37900749","https://pmc.ncbi.nlm.nih.gov/articles/PMC10601657/","QFhb-4B.1","4B","","","FHB resistance composite","author LD-defined QTL span","IWGSC Chinese Spring RefSeq v2.1","4B:29.0-35.5 Mb (RefSeq v2.1)","RefSeq v2.1 coordinate; no proportional conversion to v1.0","","","","265 Canadian/European durum cultivars and breeding lines","265","not applicable","not applicable","spring durum wheat","Canada and Europe","2023","coordinate_checked","false","RefSeq v2.1 and tetraploid evidence; retained in cross-assembly/ploidy sensitivity layer",""
"LR-2023-D265-QFhb-4B.2","SU-2023-DURUM-CANEU-265-MLGWAS","DF-DURUM-CANEU-265","PMID:37900749","https://pmc.ncbi.nlm.nih.gov/articles/PMC10601657/","QFhb-4B.2","4B","","","FHB resistance composite","author representative-marker point","IWGSC Chinese Spring RefSeq v2.1","4B:88.8 Mb (RefSeq v2.1)","RefSeq v2.1 coordinate; no proportional conversion to v1.0","","","","265 Canadian/European durum cultivars and breeding lines","265","not applicable","not applicable","spring durum wheat","Canada and Europe","2023","coordinate_checked","false","RefSeq v2.1 and tetraploid evidence; retained in cross-assembly/ploidy sensitivity layer",""
"LR-2023-D265-QFhb-4B.3","SU-2023-DURUM-CANEU-265-MLGWAS","DF-DURUM-CANEU-265","PMID:37900749","https://pmc.ncbi.nlm.nih.gov/articles/PMC10601657/","QFhb-4B.3","4B","","","FHB resistance composite","author representative-marker point","IWGSC Chinese Spring RefSeq v2.1","4B:181.7 Mb (RefSeq v2.1)","RefSeq v2.1 coordinate; no proportional conversion to v1.0","","","","265 Canadian/European durum cultivars and breeding lines","265","not applicable","not applicable","spring durum wheat","Canada and Europe","2023","coordinate_checked","false","RefSeq v2.1 and tetraploid evidence; retained in cross-assembly/ploidy sensitivity layer",""
"LR-2023-D265-QFhb-4B.4","SU-2023-DURUM-CANEU-265-MLGWAS","DF-DURUM-CANEU-265","PMID:37900749","https://pmc.ncbi.nlm.nih.gov/articles/PMC10601657/","QFhb-4B.4","4B","","","FHB resistance composite","author representative-marker point","IWGSC Chinese Spring RefSeq v2.1","4B:558.1 Mb (RefSeq v2.1)","RefSeq v2.1 coordinate; no proportional conversion to v1.0","","","","265 Canadian/European durum cultivars and breeding lines","265","not applicable","not applicable","spring durum wheat","Canada and Europe","2023","coordinate_checked","false","RefSeq v2.1 and tetraploid evidence; retained in cross-assembly/ploidy sensitivity layer",""
"LR-2023-D265-QFhb-4B.5","SU-2023-DURUM-CANEU-265-MLGWAS","DF-DURUM-CANEU-265","PMID:37900749","https://pmc.ncbi.nlm.nih.gov/articles/PMC10601657/","QFhb-4B.5","4B","","","FHB resistance composite","author representative-marker point","IWGSC Chinese Spring RefSeq v2.1","4B:657.8 Mb (RefSeq v2.1)","RefSeq v2.1 coordinate; no proportional conversion to v1.0","","","","265 Canadian/European durum cultivars and breeding lines","265","not applicable","not applicable","spring durum wheat","Canada and Europe","2023","coordinate_checked","false","RefSeq v2.1 and tetraploid evidence; retained in cross-assembly/ploidy sensitivity layer",""
"LR-2023-D265-QFhb-5A","SU-2023-DURUM-CANEU-265-MLGWAS","DF-DURUM-CANEU-265","PMID:37900749","https://pmc.ncbi.nlm.nih.gov/articles/PMC10601657/","QFhb-5A","5A","","","FHB resistance composite","author LD-defined QTL span","IWGSC Chinese Spring RefSeq v2.1","5A:586.6- 595.4 Mb (RefSeq v2.1)","RefSeq v2.1 coordinate; no proportional conversion to v1.0","","","","265 Canadian/European durum cultivars and breeding lines","265","not applicable","not applicable","spring durum wheat","Canada and Europe","2023","coordinate_checked","false","RefSeq v2.1 and tetraploid evidence; retained in cross-assembly/ploidy sensitivity layer",""
"LR-2023-D265-QFhb-5B.1","SU-2023-DURUM-CANEU-265-MLGWAS","DF-DURUM-CANEU-265","PMID:37900749","https://pmc.ncbi.nlm.nih.gov/articles/PMC10601657/","QFhb-5B.1","5B","","","FHB resistance composite","author representative-marker point","IWGSC Chinese Spring RefSeq v2.1","5B:508.8 Mb (RefSeq v2.1)","RefSeq v2.1 coordinate; no proportional conversion to v1.0","","","","265 Canadian/European durum cultivars and breeding lines","265","not applicable","not applicable","spring durum wheat","Canada and Europe","2023","coordinate_checked","false","RefSeq v2.1 and tetraploid evidence; retained in cross-assembly/ploidy sensitivity layer",""
"LR-2023-D265-QFhb-5B.2","SU-2023-DURUM-CANEU-265-MLGWAS","DF-DURUM-CANEU-265","PMID:37900749","https://pmc.ncbi.nlm.nih.gov/articles/PMC10601657/","QFhb-5B.2","5B","","","FHB resistance composite","author representative-marker point","IWGSC Chinese Spring RefSeq v2.1","5B:591.1 Mb (RefSeq v2.1)","RefSeq v2.1 coordinate; no proportional conversion to v1.0","","","","265 Canadian/European durum cultivars and breeding lines","265","not applicable","not applicable","spring durum wheat","Canada and Europe","2023","coordinate_checked","false","RefSeq v2.1 and tetraploid evidence; retained in cross-assembly/ploidy sensitivity layer",""
"LR-2023-D265-QFhb-6A","SU-2023-DURUM-CANEU-265-MLGWAS","DF-DURUM-CANEU-265","PMID:37900749","https://pmc.ncbi.nlm.nih.gov/articles/PMC10601657/","QFhb-6A","6A","","","FHB resistance composite","author representative-marker point","IWGSC Chinese Spring RefSeq v2.1","6A:18.5 Mb (RefSeq v2.1)","RefSeq v2.1 coordinate; no proportional conversion to v1.0","","","","265 Canadian/European durum cultivars and breeding lines","265","not applicable","not applicable","spring durum wheat","Canada and Europe","2023","coordinate_checked","false","RefSeq v2.1 and tetraploid evidence; retained in cross-assembly/ploidy sensitivity layer",""
"LR-2023-D265-QFhb-6B.1","SU-2023-DURUM-CANEU-265-MLGWAS","DF-DURUM-CANEU-265","PMID:37900749","https://pmc.ncbi.nlm.nih.gov/articles/PMC10601657/","QFhb-6B.1","6B","","","FHB resistance composite","author LD-defined QTL span","IWGSC Chinese Spring RefSeq v2.1","6B:11.5-18.5 Mb (RefSeq v2.1)","RefSeq v2.1 coordinate; no proportional conversion to v1.0","","","","265 Canadian/European durum cultivars and breeding lines","265","not applicable","not applicable","spring durum wheat","Canada and Europe","2023","coordinate_checked","false","RefSeq v2.1 and tetraploid evidence; retained in cross-assembly/ploidy sensitivity layer",""
"LR-2023-D265-QFhb-6B.2","SU-2023-DURUM-CANEU-265-MLGWAS","DF-DURUM-CANEU-265","PMID:37900749","https://pmc.ncbi.nlm.nih.gov/articles/PMC10601657/","QFhb-6B.2","6B","","","FHB resistance composite","author representative-marker point","IWGSC Chinese Spring RefSeq v2.1","6B:47.0 Mb (RefSeq v2.1)","RefSeq v2.1 coordinate; no proportional conversion to v1.0","","","","265 Canadian/European durum cultivars and breeding lines","265","not applicable","not applicable","spring durum wheat","Canada and Europe","2023","coordinate_checked","false","RefSeq v2.1 and tetraploid evidence; retained in cross-assembly/ploidy sensitivity layer",""
"LR-2023-D265-QFhb-6B.3","SU-2023-DURUM-CANEU-265-MLGWAS","DF-DURUM-CANEU-265","PMID:37900749","https://pmc.ncbi.nlm.nih.gov/articles/PMC10601657/","QFhb-6B.3","6B","","","FHB resistance composite","author LD-defined QTL span","IWGSC Chinese Spring RefSeq v2.1","6B:123.8-128.7 Mb (RefSeq v2.1)","RefSeq v2.1 coordinate; no proportional conversion to v1.0","","","","265 Canadian/European durum cultivars and breeding lines","265","not applicable","not applicable","spring durum wheat","Canada and Europe","2023","coordinate_checked","false","RefSeq v2.1 and tetraploid evidence; retained in cross-assembly/ploidy sensitivity layer",""
"LR-2023-D265-QFhb-7A","SU-2023-DURUM-CANEU-265-MLGWAS","DF-DURUM-CANEU-265","PMID:37900749","https://pmc.ncbi.nlm.nih.gov/articles/PMC10601657/","QFhb-7A","7A","","","FHB resistance composite","author LD-defined QTL span","IWGSC Chinese Spring RefSeq v2.1","7A:662.0- 671.0 Mb (RefSeq v2.1)","RefSeq v2.1 coordinate; no proportional conversion to v1.0","","","","265 Canadian/European durum cultivars and breeding lines","265","not applicable","not applicable","spring durum wheat","Canada and Europe","2023","coordinate_checked","false","RefSeq v2.1 and tetraploid evidence; retained in cross-assembly/ploidy sensitivity layer",""
"LR-2023-D265-QFhb-7B.1","SU-2023-DURUM-CANEU-265-MLGWAS","DF-DURUM-CANEU-265","PMID:37900749","https://pmc.ncbi.nlm.nih.gov/articles/PMC10601657/","QFhb-7B.1","7B","","","FHB resistance composite","author representative-marker point","IWGSC Chinese Spring RefSeq v2.1","7B:630.1 Mb (RefSeq v2.1)","RefSeq v2.1 coordinate; no proportional conversion to v1.0","","","","265 Canadian/European durum cultivars and breeding lines","265","not applicable","not applicable","spring durum wheat","Canada and Europe","2023","coordinate_checked","false","RefSeq v2.1 and tetraploid evidence; retained in cross-assembly/ploidy sensitivity layer",""
"LR-2023-D265-QFhb-7B.2","SU-2023-DURUM-CANEU-265-MLGWAS","DF-DURUM-CANEU-265","PMID:37900749","https://pmc.ncbi.nlm.nih.gov/articles/PMC10601657/","QFhb-7B.2","7B","","","FHB resistance composite","author LD-defined QTL span","IWGSC Chinese Spring RefSeq v2.1","7B:706.9 -728.7 Mb (RefSeq v2.1)","RefSeq v2.1 coordinate; no proportional conversion to v1.0","","","","265 Canadian/European durum cultivars and breeding lines","265","not applicable","not applicable","spring durum wheat","Canada and Europe","2023","coordinate_checked","false","RefSeq v2.1 and tetraploid evidence; retained in cross-assembly/ploidy sensitivity layer",""
"LR-2024-DON314-S2A-PART2-18053","SU-2024-US-SOFT-WINTER-314-DON-GWAS","DF-US-SOFT-WINTER-314-DON","PMID:39164367","https://pmc.ncbi.nlm.nih.gov/articles/PMC11336138/","MTA-S2A_PART2_18053","2A","642900000","642900000","Type III/DON","author-reported GBS marker point","IWGSC Chinese Spring RefSeq v1.0","2A:642900000 bp","association point; no LD interval promoted","","A /G","3.77","314 soft winter wheat advanced lines and cultivars","314","not applicable","not applicable","soft red and soft white winter wheat","Michigan, United States","2024","analysis_ready","true","",""
"LR-2024-DON314-S2B-PART2-24719","SU-2024-US-SOFT-WINTER-314-DON-GWAS","DF-US-SOFT-WINTER-314-DON","PMID:39164367","https://pmc.ncbi.nlm.nih.gov/articles/PMC11336138/","MTA-S2B_PART2_24719","2B","700400000","700400000","Type III/DON","author-reported GBS marker point","IWGSC Chinese Spring RefSeq v1.0","2B:700400000 bp","association point; no LD interval promoted","hcmQTL-17","T /C","2.47","314 soft winter wheat advanced lines and cultivars","314","not applicable","not applicable","soft red and soft white winter wheat","Michigan, United States","2024","analysis_ready","true","",""
"LR-2024-DON314-S3A-PART2-25234","SU-2024-US-SOFT-WINTER-314-DON-GWAS","DF-US-SOFT-WINTER-314-DON","PMID:39164367","https://pmc.ncbi.nlm.nih.gov/articles/PMC11336138/","MTA-S3A_PART2_25234","3A","706400000","706400000","Type III/DON","author-reported GBS marker point","IWGSC Chinese Spring RefSeq v1.0","3A:706400000 bp","association point; no LD interval promoted","","C /T","3.64","314 soft winter wheat advanced lines and cultivars","314","not applicable","not applicable","soft red and soft white winter wheat","Michigan, United States","2024","analysis_ready","true","",""
"LR-2024-DON314-S3A-PART2-25425","SU-2024-US-SOFT-WINTER-314-DON-GWAS","DF-US-SOFT-WINTER-314-DON","PMID:39164367","https://pmc.ncbi.nlm.nih.gov/articles/PMC11336138/","MTA-S3A_PART2_25425","3A","708400000","708400000","Type III/DON","author-reported GBS marker point","IWGSC Chinese Spring RefSeq v1.0","3A:708400000 bp","association point; no LD interval promoted","","C /T","4.24","314 soft winter wheat advanced lines and cultivars","314","not applicable","not applicable","soft red and soft white winter wheat","Michigan, United States","2024","analysis_ready","true","",""
"LR-2024-DON314-S5A-PART1-18813","SU-2024-US-SOFT-WINTER-314-DON-GWAS","DF-US-SOFT-WINTER-314-DON","PMID:39164367","https://pmc.ncbi.nlm.nih.gov/articles/PMC11336138/","MTA-S5A_PART1_18813","5A","18810000","18810000","Type III/DON","author-reported GBS marker point","IWGSC Chinese Spring RefSeq v1.0","5A:18810000 bp","association point; no LD interval promoted","","C /T","2.88","314 soft winter wheat advanced lines and cultivars","314","not applicable","not applicable","soft red and soft white winter wheat","Michigan, United States","2024","analysis_ready","true","",""
"LR-2020-DUR186-1A.1","SU-2020-DURUM-CANADIAN-186-GWAS","DF-DURUM-CANADIAN-186","PMID:33424887","https://pmc.ncbi.nlm.nih.gov/articles/PMC7786293/","1A.1","1A","13400000","20900000","FHB incidence/index/severity","author LD-grouped physical span","IWGSC Chinese Spring RefSeq v1.0","1A:13.4–20.9 Mb (Chinese Spring)","association-derived QTL span; not a causal interval","","","","186 durum cultivars, breeding materials and exotic introgression lines","186","not applicable","not applicable","spring durum wheat","Canada","2020","coordinate_checked","false","Tetraploid evidence; retained in ploidy-stratified sensitivity layer",""
"LR-2020-DUR186-1A.2","SU-2020-DURUM-CANADIAN-186-GWAS","DF-DURUM-CANADIAN-186","PMID:33424887","https://pmc.ncbi.nlm.nih.gov/articles/PMC7786293/","1A.2","1A","366000000","366000000","FHB incidence/index/severity","author representative-marker point","IWGSC Chinese Spring RefSeq v1.0","1A:366 Mb (Chinese Spring)","association-derived QTL span; not a causal interval","","","","186 durum cultivars, breeding materials and exotic introgression lines","186","not applicable","not applicable","spring durum wheat","Canada","2020","coordinate_checked","false","Tetraploid evidence; retained in ploidy-stratified sensitivity layer",""
"LR-2020-DUR186-1A.3","SU-2020-DURUM-CANADIAN-186-GWAS","DF-DURUM-CANADIAN-186","PMID:33424887","https://pmc.ncbi.nlm.nih.gov/articles/PMC7786293/","1A.3","1A","503000000","580000000","FHB incidence/index/severity","author LD-grouped physical span","IWGSC Chinese Spring RefSeq v1.0","1A:503–580 Mb (Chinese Spring)","association-derived QTL span; not a causal interval","","","","186 durum cultivars, breeding materials and exotic introgression lines","186","not applicable","not applicable","spring durum wheat","Canada","2020","coordinate_checked","false","Tetraploid evidence; retained in ploidy-stratified sensitivity layer",""
"LR-2020-DUR186-1B.1","SU-2020-DURUM-CANADIAN-186-GWAS","DF-DURUM-CANADIAN-186","PMID:33424887","https://pmc.ncbi.nlm.nih.gov/articles/PMC7786293/","1B.1","1B","544000000","581000000","FHB incidence/index/severity","author LD-grouped physical span","IWGSC Chinese Spring RefSeq v1.0","1B:544–581 Mb (Chinese Spring)","association-derived QTL span; not a causal interval","","","","186 durum cultivars, breeding materials and exotic introgression lines","186","not applicable","not applicable","spring durum wheat","Canada","2020","coordinate_checked","false","Tetraploid evidence; retained in ploidy-stratified sensitivity layer",""
"LR-2020-DUR186-1B.2","SU-2020-DURUM-CANADIAN-186-GWAS","DF-DURUM-CANADIAN-186","PMID:33424887","https://pmc.ncbi.nlm.nih.gov/articles/PMC7786293/","1B.2","1B","662000000","668000000","FHB incidence/index/severity","author LD-grouped physical span","IWGSC Chinese Spring RefSeq v1.0","1B:662–668 Mb (Chinese Spring)","association-derived QTL span; not a causal interval","","","","186 durum cultivars, breeding materials and exotic introgression lines","186","not applicable","not applicable","spring durum wheat","Canada","2020","coordinate_checked","false","Tetraploid evidence; retained in ploidy-stratified sensitivity layer",""
"LR-2020-DUR186-2A.1","SU-2020-DURUM-CANADIAN-186-GWAS","DF-DURUM-CANADIAN-186","PMID:33424887","https://pmc.ncbi.nlm.nih.gov/articles/PMC7786293/","2A.1","2A","30000000","31000000","FHB incidence/index/severity","author LD-grouped physical span","IWGSC Chinese Spring RefSeq v1.0","2A:30–31 Mb (Chinese Spring)","association-derived QTL span; not a causal interval","","","","186 durum cultivars, breeding materials and exotic introgression lines","186","not applicable","not applicable","spring durum wheat","Canada","2020","coordinate_checked","false","Tetraploid evidence; retained in ploidy-stratified sensitivity layer",""
"LR-2020-DUR186-2A.2","SU-2020-DURUM-CANADIAN-186-GWAS","DF-DURUM-CANADIAN-186","PMID:33424887","https://pmc.ncbi.nlm.nih.gov/articles/PMC7786293/","2A.2","2A","138000000","142000000","FHB incidence/index/severity","author LD-grouped physical span","IWGSC Chinese Spring RefSeq v1.0","2A:138–142 Mb (Chinese Spring)","association-derived QTL span; not a causal interval","","","","186 durum cultivars, breeding materials and exotic introgression lines","186","not applicable","not applicable","spring durum wheat","Canada","2020","coordinate_checked","false","Tetraploid evidence; retained in ploidy-stratified sensitivity layer",""
"LR-2020-DUR186-2A.3","SU-2020-DURUM-CANADIAN-186-GWAS","DF-DURUM-CANADIAN-186","PMID:33424887","https://pmc.ncbi.nlm.nih.gov/articles/PMC7786293/","2A.3","2A","713000000","717000000","FHB incidence/index/severity","author LD-grouped physical span","IWGSC Chinese Spring RefSeq v1.0","2A:713–717 Mb (Chinese Spring)","association-derived QTL span; not a causal interval","","","","186 durum cultivars, breeding materials and exotic introgression lines","186","not applicable","not applicable","spring durum wheat","Canada","2020","coordinate_checked","false","Tetraploid evidence; retained in ploidy-stratified sensitivity layer",""
"LR-2020-DUR186-2A.4","SU-2020-DURUM-CANADIAN-186-GWAS","DF-DURUM-CANADIAN-186","PMID:33424887","https://pmc.ncbi.nlm.nih.gov/articles/PMC7786293/","2A.4","2A","762000000","769000000","FHB incidence/index/severity","author LD-grouped physical span","IWGSC Chinese Spring RefSeq v1.0","2A:762–769 Mb (Chinese Spring)","association-derived QTL span; not a causal interval","","","","186 durum cultivars, breeding materials and exotic introgression lines","186","not applicable","not applicable","spring durum wheat","Canada","2020","coordinate_checked","false","Tetraploid evidence; retained in ploidy-stratified sensitivity layer",""
"LR-2020-DUR186-2B.1","SU-2020-DURUM-CANADIAN-186-GWAS","DF-DURUM-CANADIAN-186","PMID:33424887","https://pmc.ncbi.nlm.nih.gov/articles/PMC7786293/","2B.1","2B","8600000","22000000","FHB incidence/index/severity","author LD-grouped physical span","IWGSC Chinese Spring RefSeq v1.0","2B:8.6–22 Mb (Chinese Spring)","association-derived QTL span; not a causal interval","","","","186 durum cultivars, breeding materials and exotic introgression lines","186","not applicable","not applicable","spring durum wheat","Canada","2020","coordinate_checked","false","Tetraploid evidence; retained in ploidy-stratified sensitivity layer",""
"LR-2020-DUR186-2B.2","SU-2020-DURUM-CANADIAN-186-GWAS","DF-DURUM-CANADIAN-186","PMID:33424887","https://pmc.ncbi.nlm.nih.gov/articles/PMC7786293/","2B.2","2B","92000000","102000000","FHB incidence/index/severity","author LD-grouped physical span","IWGSC Chinese Spring RefSeq v1.0","2B:92–102 Mb (Chinese Spring)","association-derived QTL span; not a causal interval","","","","186 durum cultivars, breeding materials and exotic introgression lines","186","not applicable","not applicable","spring durum wheat","Canada","2020","coordinate_checked","false","Tetraploid evidence; retained in ploidy-stratified sensitivity layer",""
"LR-2020-DUR186-2B.3","SU-2020-DURUM-CANADIAN-186-GWAS","DF-DURUM-CANADIAN-186","PMID:33424887","https://pmc.ncbi.nlm.nih.gov/articles/PMC7786293/","2B.3","2B","717000000","781000000","FHB incidence/index/severity","author LD-grouped physical span","IWGSC Chinese Spring RefSeq v1.0","2B:717–781 Mb (Chinese Spring)","association-derived QTL span; not a causal interval","","","","186 durum cultivars, breeding materials and exotic introgression lines","186","not applicable","not applicable","spring durum wheat","Canada","2020","coordinate_checked","false","Tetraploid evidence; retained in ploidy-stratified sensitivity layer",""
"LR-2020-DUR186-3A.1","SU-2020-DURUM-CANADIAN-186-GWAS","DF-DURUM-CANADIAN-186","PMID:33424887","https://pmc.ncbi.nlm.nih.gov/articles/PMC7786293/","3A.1","3A","9600000","13000000","FHB incidence/index/severity","author LD-grouped physical span","IWGSC Chinese Spring RefSeq v1.0","3A:9.6–13 Mb (Chinese Spring)","association-derived QTL span; not a causal interval","","","","186 durum cultivars, breeding materials and exotic introgression lines","186","not applicable","not applicable","spring durum wheat","Canada","2020","coordinate_checked","false","Tetraploid evidence; retained in ploidy-stratified sensitivity layer",""
"LR-2020-DUR186-3A.2","SU-2020-DURUM-CANADIAN-186-GWAS","DF-DURUM-CANADIAN-186","PMID:33424887","https://pmc.ncbi.nlm.nih.gov/articles/PMC7786293/","3A.2","3A","512000000","556000000","FHB incidence/index/severity","author LD-grouped physical span","IWGSC Chinese Spring RefSeq v1.0","3A:512–556 Mb (Chinese Spring)","association-derived QTL span; not a causal interval","","","","186 durum cultivars, breeding materials and exotic introgression lines","186","not applicable","not applicable","spring durum wheat","Canada","2020","coordinate_checked","false","Tetraploid evidence; retained in ploidy-stratified sensitivity layer",""
"LR-2020-DUR186-3B.1","SU-2020-DURUM-CANADIAN-186-GWAS","DF-DURUM-CANADIAN-186","PMID:33424887","https://pmc.ncbi.nlm.nih.gov/articles/PMC7786293/","3B.1","3B","3700000","3700000","FHB incidence/index/severity","author representative-marker point","IWGSC Chinese Spring RefSeq v1.0","3B:3.7 Mb (Chinese Spring)","association-derived QTL span; not a causal interval","","","","186 durum cultivars, breeding materials and exotic introgression lines","186","not applicable","not applicable","spring durum wheat","Canada","2020","coordinate_checked","false","Tetraploid evidence; retained in ploidy-stratified sensitivity layer",""
"LR-2020-DUR186-3B.2","SU-2020-DURUM-CANADIAN-186-GWAS","DF-DURUM-CANADIAN-186","PMID:33424887","https://pmc.ncbi.nlm.nih.gov/articles/PMC7786293/","3B.2","3B","9800000","9800000","FHB incidence/index/severity","author representative-marker point","IWGSC Chinese Spring RefSeq v1.0","3B:9.8 Mb (Chinese Spring)","association-derived QTL span; not a causal interval","","","","186 durum cultivars, breeding materials and exotic introgression lines","186","not applicable","not applicable","spring durum wheat","Canada","2020","coordinate_checked","false","Tetraploid evidence; retained in ploidy-stratified sensitivity layer",""
"LR-2020-DUR186-3B.3","SU-2020-DURUM-CANADIAN-186-GWAS","DF-DURUM-CANADIAN-186","PMID:33424887","https://pmc.ncbi.nlm.nih.gov/articles/PMC7786293/","3B.3","3B","148000000","233000000","FHB incidence/index/severity","author LD-grouped physical span","IWGSC Chinese Spring RefSeq v1.0","3B:148–233 Mb (Chinese Spring)","association-derived QTL span; not a causal interval","","","","186 durum cultivars, breeding materials and exotic introgression lines","186","not applicable","not applicable","spring durum wheat","Canada","2020","coordinate_checked","false","Tetraploid evidence; retained in ploidy-stratified sensitivity layer",""
"LR-2020-DUR186-4A.1","SU-2020-DURUM-CANADIAN-186-GWAS","DF-DURUM-CANADIAN-186","PMID:33424887","https://pmc.ncbi.nlm.nih.gov/articles/PMC7786293/","4A.1","4A","664000000","737000000","FHB incidence/index/severity","author LD-grouped physical span","IWGSC Chinese Spring RefSeq v1.0","4A:664–737 Mb (Chinese Spring)","association-derived QTL span; not a causal interval","","","","186 durum cultivars, breeding materials and exotic introgression lines","186","not applicable","not applicable","spring durum wheat","Canada","2020","coordinate_checked","false","Tetraploid evidence; retained in ploidy-stratified sensitivity layer",""
"LR-2020-DUR186-4B.1","SU-2020-DURUM-CANADIAN-186-GWAS","DF-DURUM-CANADIAN-186","PMID:33424887","https://pmc.ncbi.nlm.nih.gov/articles/PMC7786293/","4B.1","4B","3800000","3800000","FHB incidence/index/severity","author representative-marker point","IWGSC Chinese Spring RefSeq v1.0","4B:3.8 Mb (Chinese Spring)","association-derived QTL span; not a causal interval","","","","186 durum cultivars, breeding materials and exotic introgression lines","186","not applicable","not applicable","spring durum wheat","Canada","2020","coordinate_checked","false","Tetraploid evidence; retained in ploidy-stratified sensitivity layer",""
"LR-2020-DUR186-4B.2","SU-2020-DURUM-CANADIAN-186-GWAS","DF-DURUM-CANADIAN-186","PMID:33424887","https://pmc.ncbi.nlm.nih.gov/articles/PMC7786293/","4B.2","4B","197000000","347000000","FHB incidence/index/severity","author LD-grouped physical span","IWGSC Chinese Spring RefSeq v1.0","4B:197–347 Mb (Chinese Spring)","association-derived QTL span; not a causal interval","","","","186 durum cultivars, breeding materials and exotic introgression lines","186","not applicable","not applicable","spring durum wheat","Canada","2020","coordinate_checked","false","Tetraploid evidence; retained in ploidy-stratified sensitivity layer",""
"LR-2020-DUR186-4B.3","SU-2020-DURUM-CANADIAN-186-GWAS","DF-DURUM-CANADIAN-186","PMID:33424887","https://pmc.ncbi.nlm.nih.gov/articles/PMC7786293/","4B.3","4B","673000000","673000000","FHB incidence/index/severity","author representative-marker point","IWGSC Chinese Spring RefSeq v1.0","4B:673 Mb (Chinese Spring)","association-derived QTL span; not a causal interval","","","","186 durum cultivars, breeding materials and exotic introgression lines","186","not applicable","not applicable","spring durum wheat","Canada","2020","coordinate_checked","false","Tetraploid evidence; retained in ploidy-stratified sensitivity layer",""
"LR-2020-DUR186-5A.1","SU-2020-DURUM-CANADIAN-186-GWAS","DF-DURUM-CANADIAN-186","PMID:33424887","https://pmc.ncbi.nlm.nih.gov/articles/PMC7786293/","5A.1","5A","585000000","591000000","FHB incidence/index/severity","author LD-grouped physical span","IWGSC Chinese Spring RefSeq v1.0","5A:585–591 Mb (Chinese Spring)","association-derived QTL span; not a causal interval","","","","186 durum cultivars, breeding materials and exotic introgression lines","186","not applicable","not applicable","spring durum wheat","Canada","2020","coordinate_checked","false","Tetraploid evidence; retained in ploidy-stratified sensitivity layer",""
"LR-2020-DUR186-5B.1","SU-2020-DURUM-CANADIAN-186-GWAS","DF-DURUM-CANADIAN-186","PMID:33424887","https://pmc.ncbi.nlm.nih.gov/articles/PMC7786293/","5B.1","5B","19500000","19500000","FHB incidence/index/severity","author representative-marker point","IWGSC Chinese Spring RefSeq v1.0","5B:19.5 Mb (Chinese Spring)","association-derived QTL span; not a causal interval","","","","186 durum cultivars, breeding materials and exotic introgression lines","186","not applicable","not applicable","spring durum wheat","Canada","2020","coordinate_checked","false","Tetraploid evidence; retained in ploidy-stratified sensitivity layer",""
"LR-2020-DUR186-5B.2","SU-2020-DURUM-CANADIAN-186-GWAS","DF-DURUM-CANADIAN-186","PMID:33424887","https://pmc.ncbi.nlm.nih.gov/articles/PMC7786293/","5B.2","5B","577000000","691000000","FHB incidence/index/severity","author LD-grouped physical span","IWGSC Chinese Spring RefSeq v1.0","5B:577–691 Mb (Chinese Spring)","association-derived QTL span; not a causal interval","","","","186 durum cultivars, breeding materials and exotic introgression lines","186","not applicable","not applicable","spring durum wheat","Canada","2020","coordinate_checked","false","Tetraploid evidence; retained in ploidy-stratified sensitivity layer",""
"LR-2020-DUR186-6A.1","SU-2020-DURUM-CANADIAN-186-GWAS","DF-DURUM-CANADIAN-186","PMID:33424887","https://pmc.ncbi.nlm.nih.gov/articles/PMC7786293/","6A.1","6A","12000000","23000000","FHB incidence/index/severity","author LD-grouped physical span","IWGSC Chinese Spring RefSeq v1.0","6A:12–23 Mb (Chinese Spring)","association-derived QTL span; not a causal interval","","","","186 durum cultivars, breeding materials and exotic introgression lines","186","not applicable","not applicable","spring durum wheat","Canada","2020","coordinate_checked","false","Tetraploid evidence; retained in ploidy-stratified sensitivity layer",""
"LR-2020-DUR186-6A.2","SU-2020-DURUM-CANADIAN-186-GWAS","DF-DURUM-CANADIAN-186","PMID:33424887","https://pmc.ncbi.nlm.nih.gov/articles/PMC7786293/","6A.2","6A","601000000","694000000","FHB incidence/index/severity","author LD-grouped physical span","IWGSC Chinese Spring RefSeq v1.0","6A:601–694 Mb (Chinese Spring)","association-derived QTL span; not a causal interval","","","","186 durum cultivars, breeding materials and exotic introgression lines","186","not applicable","not applicable","spring durum wheat","Canada","2020","coordinate_checked","false","Tetraploid evidence; retained in ploidy-stratified sensitivity layer",""
"LR-2020-DUR186-6B.1","SU-2020-DURUM-CANADIAN-186-GWAS","DF-DURUM-CANADIAN-186","PMID:33424887","https://pmc.ncbi.nlm.nih.gov/articles/PMC7786293/","6B.1","6B","585000000","707000000","FHB incidence/index/severity","author LD-grouped physical span","IWGSC Chinese Spring RefSeq v1.0","6B:585–707 Mb (Chinese Spring)","association-derived QTL span; not a causal interval","","","","186 durum cultivars, breeding materials and exotic introgression lines","186","not applicable","not applicable","spring durum wheat","Canada","2020","coordinate_checked","false","Tetraploid evidence; retained in ploidy-stratified sensitivity layer",""
"LR-2020-DUR186-7A.1","SU-2020-DURUM-CANADIAN-186-GWAS","DF-DURUM-CANADIAN-186","PMID:33424887","https://pmc.ncbi.nlm.nih.gov/articles/PMC7786293/","7A.1","7A","7500000","12000000","FHB incidence/index/severity","author LD-grouped physical span","IWGSC Chinese Spring RefSeq v1.0","7A:7.5–12 Mb (Chinese Spring)","association-derived QTL span; not a causal interval","","","","186 durum cultivars, breeding materials and exotic introgression lines","186","not applicable","not applicable","spring durum wheat","Canada","2020","coordinate_checked","false","Tetraploid evidence; retained in ploidy-stratified sensitivity layer",""
"LR-2020-DUR186-7A.2","SU-2020-DURUM-CANADIAN-186-GWAS","DF-DURUM-CANADIAN-186","PMID:33424887","https://pmc.ncbi.nlm.nih.gov/articles/PMC7786293/","7A.2","7A","102000000","113000000","FHB incidence/index/severity","author LD-grouped physical span","IWGSC Chinese Spring RefSeq v1.0","7A:102–113 Mb (Chinese Spring)","association-derived QTL span; not a causal interval","","","","186 durum cultivars, breeding materials and exotic introgression lines","186","not applicable","not applicable","spring durum wheat","Canada","2020","coordinate_checked","false","Tetraploid evidence; retained in ploidy-stratified sensitivity layer",""
"LR-2020-DUR186-7A.3","SU-2020-DURUM-CANADIAN-186-GWAS","DF-DURUM-CANADIAN-186","PMID:33424887","https://pmc.ncbi.nlm.nih.gov/articles/PMC7786293/","7A.3","7A","671000000","671000000","FHB incidence/index/severity","author representative-marker point","IWGSC Chinese Spring RefSeq v1.0","7A:671 Mb (Chinese Spring)","association-derived QTL span; not a causal interval","","","","186 durum cultivars, breeding materials and exotic introgression lines","186","not applicable","not applicable","spring durum wheat","Canada","2020","coordinate_checked","false","Tetraploid evidence; retained in ploidy-stratified sensitivity layer",""
"LR-2020-DUR186-7B.1","SU-2020-DURUM-CANADIAN-186-GWAS","DF-DURUM-CANADIAN-186","PMID:33424887","https://pmc.ncbi.nlm.nih.gov/articles/PMC7786293/","7B.1","7B","610000000","658000000","FHB incidence/index/severity","author LD-grouped physical span","IWGSC Chinese Spring RefSeq v1.0","7B:610–658 Mb (Chinese Spring)","association-derived QTL span; not a causal interval","","","","186 durum cultivars, breeding materials and exotic introgression lines","186","not applicable","not applicable","spring durum wheat","Canada","2020","coordinate_checked","false","Tetraploid evidence; retained in ploidy-stratified sensitivity layer",""
"LR-2021-AGFHB-SLUfhbchr1B.1","SU-2021-NORDIC-WINTER-432-AGFHB-GWAS","DF-NORDIC-WINTER-AGFHB-432","PMID:34512690","https://pmc.ncbi.nlm.nih.gov/articles/PMC8425451/","SLUfhbchr1B.1","1B","","","visual FHB severity/AUDPC","author QTL grouping on consensus genetic map","wheat 90K consensus genetic map; physical assembly not reported for QTL bounds","1B: genetic-map position only","no physical coordinate promoted","","","NA","432 phenotyped/genotyped lines from breeding and genebank sets","432","not applicable","not applicable","winter wheat","Nordic/Swedish breeding and genebank material","2021","coordinate_checked","false","Only genetic-map positions are available; no physical interval invented",""
"LR-2021-AGFHB-SLUfhbchr2A.2","SU-2021-NORDIC-WINTER-432-AGFHB-GWAS","DF-NORDIC-WINTER-AGFHB-432","PMID:34512690","https://pmc.ncbi.nlm.nih.gov/articles/PMC8425451/","SLUfhbchr2A.2","2A","","","visual FHB severity/AUDPC","author QTL grouping on consensus genetic map","wheat 90K consensus genetic map; physical assembly not reported for QTL bounds","2A: genetic-map position only","no physical coordinate promoted","","","NA","432 phenotyped/genotyped lines from breeding and genebank sets","432","not applicable","not applicable","winter wheat","Nordic/Swedish breeding and genebank material","2021","coordinate_checked","false","Only genetic-map positions are available; no physical interval invented",""
"LR-2021-AGFHB-SLUfhbchr3A.3","SU-2021-NORDIC-WINTER-432-AGFHB-GWAS","DF-NORDIC-WINTER-AGFHB-432","PMID:34512690","https://pmc.ncbi.nlm.nih.gov/articles/PMC8425451/","SLUfhbchr3A.3","3A","","","visual FHB severity/AUDPC","author QTL grouping on consensus genetic map","wheat 90K consensus genetic map; physical assembly not reported for QTL bounds","3A: genetic-map position only","no physical coordinate promoted","","","27.84 to 28.10","432 phenotyped/genotyped lines from breeding and genebank sets","432","not applicable","not applicable","winter wheat","Nordic/Swedish breeding and genebank material","2021","coordinate_checked","false","Only genetic-map positions are available; no physical interval invented",""
"LR-2021-AGFHB-SLUfhbchr3B.4","SU-2021-NORDIC-WINTER-432-AGFHB-GWAS","DF-NORDIC-WINTER-AGFHB-432","PMID:34512690","https://pmc.ncbi.nlm.nih.gov/articles/PMC8425451/","SLUfhbchr3B.4","3B","","","visual FHB severity/AUDPC","author QTL grouping on consensus genetic map","wheat 90K consensus genetic map; physical assembly not reported for QTL bounds","3B: genetic-map position only","no physical coordinate promoted","","","65.78 to 82.47; GLM, MLM, CMLM, SUPER; SUPER","432 phenotyped/genotyped lines from breeding and genebank sets","432","not applicable","not applicable","winter wheat","Nordic/Swedish breeding and genebank material","2021","coordinate_checked","false","Only genetic-map positions are available; no physical interval invented",""
"LR-2021-AGFHB-SLUfhbchr3D.5","SU-2021-NORDIC-WINTER-432-AGFHB-GWAS","DF-NORDIC-WINTER-AGFHB-432","PMID:34512690","https://pmc.ncbi.nlm.nih.gov/articles/PMC8425451/","SLUfhbchr3D.5","3D","","","visual FHB severity/AUDPC","author QTL grouping on consensus genetic map","wheat 90K consensus genetic map; physical assembly not reported for QTL bounds","3D: genetic-map position only","author counts 3D.5a and 3D.5b as one QTL but reports disjoint subgroup positions; no physical coordinate promoted","","","51.94 to 54.69 *; Blink; NA","432 phenotyped/genotyped lines from breeding and genebank sets","432","not applicable","not applicable","winter wheat","Nordic/Swedish breeding and genebank material","2021","coordinate_checked","false","Only genetic-map positions are available; no physical interval invented",""
"LR-2021-AGFHB-SLUfhbchr5A.6","SU-2021-NORDIC-WINTER-432-AGFHB-GWAS","DF-NORDIC-WINTER-AGFHB-432","PMID:34512690","https://pmc.ncbi.nlm.nih.gov/articles/PMC8425451/","SLUfhbchr5A.6","5A","","","visual FHB severity/AUDPC","author QTL grouping on consensus genetic map","wheat 90K consensus genetic map; physical assembly not reported for QTL bounds","5A: genetic-map position only","no physical coordinate promoted","","","−31.55 to −29.40","432 phenotyped/genotyped lines from breeding and genebank sets","432","not applicable","not applicable","winter wheat","Nordic/Swedish breeding and genebank material","2021","coordinate_checked","false","Only genetic-map positions are available; no physical interval invented",""
"LR-2021-AGFHB-SLUfhbch6A.7","SU-2021-NORDIC-WINTER-432-AGFHB-GWAS","DF-NORDIC-WINTER-AGFHB-432","PMID:34512690","https://pmc.ncbi.nlm.nih.gov/articles/PMC8425451/","SLUfhbch6A.7","6A","","","visual FHB severity/AUDPC","author QTL grouping on consensus genetic map","wheat 90K consensus genetic map; physical assembly not reported for QTL bounds","6A: genetic-map position only","no physical coordinate promoted","","","NA","432 phenotyped/genotyped lines from breeding and genebank sets","432","not applicable","not applicable","winter wheat","Nordic/Swedish breeding and genebank material","2021","coordinate_checked","false","Only genetic-map positions are available; no physical interval invented",""
"LR-2021-AGFHB-SLUfhbchr7A.8","SU-2021-NORDIC-WINTER-432-AGFHB-GWAS","DF-NORDIC-WINTER-AGFHB-432","PMID:34512690","https://pmc.ncbi.nlm.nih.gov/articles/PMC8425451/","SLUfhbchr7A.8","7A","","","visual FHB severity/AUDPC","author QTL grouping on consensus genetic map","wheat 90K consensus genetic map; physical assembly not reported for QTL bounds","7A: genetic-map position only","no physical coordinate promoted","","","44.1; GLM, MLM, CMLM, SUPER, MLMM, FarmCPU, Blink","432 phenotyped/genotyped lines from breeding and genebank sets","432","not applicable","not applicable","winter wheat","Nordic/Swedish breeding and genebank material","2021","coordinate_checked","false","Only genetic-map positions are available; no physical interval invented",""
"LR-2021-AGFHB-SLUfhbchr7B.9","SU-2021-NORDIC-WINTER-432-AGFHB-GWAS","DF-NORDIC-WINTER-AGFHB-432","PMID:34512690","https://pmc.ncbi.nlm.nih.gov/articles/PMC8425451/","SLUfhbchr7B.9","7B","","","visual FHB severity/AUDPC","author QTL grouping on consensus genetic map","wheat 90K consensus genetic map; physical assembly not reported for QTL bounds","7B: genetic-map position only","no physical coordinate promoted","","","NA; SUPER; (CMLM) *","432 phenotyped/genotyped lines from breeding and genebank sets","432","not applicable","not applicable","winter wheat","Nordic/Swedish breeding and genebank material","2021","coordinate_checked","false","Only genetic-map positions are available; no physical interval invented",""
"LR-2022-WSP-Qfhb.ndwp-3A","SU-2022-WHEATON-SURPRESA-187-RIL","DF-WHEATON-SURPRESA-187","PMID:35140729","https://pmc.ncbi.nlm.nih.gov/articles/PMC8818699/","Qfhb.ndwp-3A","3A","64027637","516888164","Type II/spread","author flanking-marker physical span","IWGSC Chinese Spring RefSeq v1.0","3A:64027637-516888164 bp","low-resolution linkage projection (453 Mb)","","WHTN","–3.09","Wheaton x Surpresa F2:7 RILs","187","Surpresa for three severity QTL; Wheaton for two trait-specific QTL","Wheaton overall","spring wheat","North Dakota, United States","2022","coordinate_checked","false","Interval exceeds prespecified 200 Mb primary-analysis width gate",""
"LR-2022-WSP-Qfhb.ndwp-5A","SU-2022-WHEATON-SURPRESA-187-RIL","DF-WHEATON-SURPRESA-187","PMID:35140729","https://pmc.ncbi.nlm.nih.gov/articles/PMC8818699/","Qfhb.ndwp-5A","5A","419786980","533294156","Type II/spread","author flanking-marker physical span","IWGSC Chinese Spring RefSeq v1.0","5A:419786980-533294156 bp","linkage-marker span; not a causal interval","hcmQTL-45|hcmQTL-46","SPRS","5.53","Wheaton x Surpresa F2:7 RILs","187","Surpresa for three severity QTL; Wheaton for two trait-specific QTL","Wheaton overall","spring wheat","North Dakota, United States","2022","analysis_ready","true","",""
"LR-2022-WSP-Qfhb.ndwp-6A","SU-2022-WHEATON-SURPRESA-187-RIL","DF-WHEATON-SURPRESA-187","PMID:35140729","https://pmc.ncbi.nlm.nih.gov/articles/PMC8818699/","Qfhb.ndwp-6A","6A","24773746","573400299","Type II/spread","author flanking-marker physical span","IWGSC Chinese Spring RefSeq v1.0","6A:24773746-573400299 bp","low-resolution linkage projection (549 Mb)","","SPRS","5.53","Wheaton x Surpresa F2:7 RILs","187","Surpresa for three severity QTL; Wheaton for two trait-specific QTL","Wheaton overall","spring wheat","North Dakota, United States","2022","coordinate_checked","false","Interval exceeds prespecified 200 Mb primary-analysis width gate",""
"LR-2022-WSP-Qfhb.ndwp-7A","SU-2022-WHEATON-SURPRESA-187-RIL","DF-WHEATON-SURPRESA-187","PMID:35140729","https://pmc.ncbi.nlm.nih.gov/articles/PMC8818699/","Qfhb.ndwp-7A","7A","64598458","496824831","Type II/spread","author flanking-marker physical span","IWGSC Chinese Spring RefSeq v1.0","7A:64598458-496824831 bp","low-resolution linkage projection (432 Mb)","","WHTN","–7.55","Wheaton x Surpresa F2:7 RILs","187","Surpresa for three severity QTL; Wheaton for two trait-specific QTL","Wheaton overall","spring wheat","North Dakota, United States","2022","coordinate_checked","false","Interval exceeds prespecified 200 Mb primary-analysis width gate",""
"LR-2022-WSP-Qdon.ndwp-1B","SU-2022-WHEATON-SURPRESA-187-RIL","DF-WHEATON-SURPRESA-187","PMID:35140729","https://pmc.ncbi.nlm.nih.gov/articles/PMC8818699/","Qdon.ndwp-1B","1B","432817546","432817546","Type III/DON","author marker point","IWGSC Chinese Spring RefSeq v1.0","1B:432817546-432817546 bp","linkage-marker span; not a causal interval","","WHTN","–0.81","Wheaton x Surpresa F2:7 RILs","187","Surpresa for three severity QTL; Wheaton for two trait-specific QTL","Wheaton overall","spring wheat","North Dakota, United States","2022","analysis_ready","true","",""
"LR-2017-QFHS-IFA-5A-RADIATION-UPDATE","SU-2017-QFHS-IFA-5A-RADIATION-MAP","DF-CM82036-REMUS-QFHS-IFA-5A","PMID:29024288","https://pmc.ncbi.nlm.nih.gov/articles/PMC5902775/","Qfhs.ifa-5A","5A","","","FHB resistance locus-life-cycle","NI-RIL linkage plus radiation-selfing/radiation-hybrid marker ordering","TGACv1 scaffold anchors plus cytogenetic deletion bins","No continuous RefSeq physical resistance interval newly delimited in this publication","deletion panels were not phenotyped here; enhanced marker order is not equivalent to a narrowed resistance interval","","","","CM-82036 x Remus Qfhs.ifa-5A lineage; NIL3 and Chinese Spring radiation panels","","CM-82036-derived NIL3","Remus background","spring wheat","Austria","2017","coordinate_checked","false","No newly phenotype-delimited continuous RefSeq physical interval",""
"LR-2013-EU372-GWM1097","SU-2013-EUROPE-WHEAT-372-SSR-GWAS","DF-EUROPE-WHEAT-372-SSR","PMID:23451238","https://pmc.ncbi.nlm.nih.gov/articles/PMC3579808/","stable-MTA-GWM1097","1A","","","FHB index/score","stable base-marker entity reconstructed from source allele-by-environment rows","ITMI/consensus SSR genetic maps; no physical reference assembly","1A: 44-44 cM on reference genetic map","genetic-map position only; no physical coordinate promoted","","","","372 recent European wheat varieties","372","not applicable","not applicable","358 winter plus 14 spring wheat varieties","Europe","2013","coordinate_checked","false","Only genetic-map evidence is available; no physical interval invented",""
"LR-2013-EU372-GWM0164","SU-2013-EUROPE-WHEAT-372-SSR-GWAS","DF-EUROPE-WHEAT-372-SSR","PMID:23451238","https://pmc.ncbi.nlm.nih.gov/articles/PMC3579808/","stable-MTA-GWM0164","1A","","","FHB index/score","stable base-marker entity reconstructed from source allele-by-environment rows","ITMI/consensus SSR genetic maps; no physical reference assembly","1A: 73.9-73.9 cM on reference genetic map","genetic-map position only; no physical coordinate promoted","","","","372 recent European wheat varieties","372","not applicable","not applicable","358 winter plus 14 spring wheat varieties","Europe","2013","coordinate_checked","false","Only genetic-map evidence is available; no physical interval invented",""
"LR-2013-EU372-GWM0357","SU-2013-EUROPE-WHEAT-372-SSR-GWAS","DF-EUROPE-WHEAT-372-SSR","PMID:23451238","https://pmc.ncbi.nlm.nih.gov/articles/PMC3579808/","stable-MTA-GWM0357","1A","","","FHB index/score","stable base-marker entity reconstructed from source allele-by-environment rows","ITMI/consensus SSR genetic maps; no physical reference assembly","1A: 92.3-92.3 cM on reference genetic map","genetic-map position only; no physical coordinate promoted","","","","372 recent European wheat varieties","372","not applicable","not applicable","358 winter plus 14 spring wheat varieties","Europe","2013","coordinate_checked","false","Only genetic-map evidence is available; no physical interval invented",""
"LR-2013-EU372-CFD0015","SU-2013-EUROPE-WHEAT-372-SSR-GWAS","DF-EUROPE-WHEAT-372-SSR","PMID:23451238","https://pmc.ncbi.nlm.nih.gov/articles/PMC3579808/","stable-MTA-CFD0015","1D","","","FHB index/score","stable base-marker entity reconstructed from source allele-by-environment rows","ITMI/consensus SSR genetic maps; no physical reference assembly","1D: 22.1-22.1 cM on reference genetic map","genetic-map position only; no physical coordinate promoted","","","","372 recent European wheat varieties","372","not applicable","not applicable","358 winter plus 14 spring wheat varieties","Europe","2013","coordinate_checked","false","Only genetic-map evidence is available; no physical interval invented",""
"LR-2013-EU372-BARC0152","SU-2013-EUROPE-WHEAT-372-SSR-GWAS","DF-EUROPE-WHEAT-372-SSR","PMID:23451238","https://pmc.ncbi.nlm.nih.gov/articles/PMC3579808/","stable-MTA-BARC0152","1D","","","FHB index/score","stable base-marker entity reconstructed from source allele-by-environment rows","ITMI/consensus SSR genetic maps; no physical reference assembly","1D: 38-38 cM on reference genetic map","genetic-map position only; no physical coordinate promoted","","","","372 recent European wheat varieties","372","not applicable","not applicable","358 winter plus 14 spring wheat varieties","Europe","2013","coordinate_checked","false","Only genetic-map evidence is available; no physical interval invented",""
"LR-2013-EU372-GWM1291","SU-2013-EUROPE-WHEAT-372-SSR-GWAS","DF-EUROPE-WHEAT-372-SSR","PMID:23451238","https://pmc.ncbi.nlm.nih.gov/articles/PMC3579808/","stable-MTA-GWM1291","1D","","","FHB index/score","stable base-marker entity reconstructed from source allele-by-environment rows","ITMI/consensus SSR genetic maps; no physical reference assembly","1D: 64.4-64.4 cM on reference genetic map","genetic-map position only; no physical coordinate promoted","","","","372 recent European wheat varieties","372","not applicable","not applicable","358 winter plus 14 spring wheat varieties","Europe","2013","coordinate_checked","false","Only genetic-map evidence is available; no physical interval invented",""
"LR-2013-EU372-CFD0282","SU-2013-EUROPE-WHEAT-372-SSR-GWAS","DF-EUROPE-WHEAT-372-SSR","PMID:23451238","https://pmc.ncbi.nlm.nih.gov/articles/PMC3579808/","stable-MTA-CFD0282","1D","","","FHB index/score","stable base-marker entity reconstructed from source allele-by-environment rows","ITMI/consensus SSR genetic maps; no physical reference assembly","1D: 192.5-192.6 cM on reference genetic map","genetic-map position only; no physical coordinate promoted","","","","372 recent European wheat varieties","372","not applicable","not applicable","358 winter plus 14 spring wheat varieties","Europe","2013","coordinate_checked","false","Only genetic-map evidence is available; no physical interval invented",""
"LR-2013-EU372-WMC0154","SU-2013-EUROPE-WHEAT-372-SSR-GWAS","DF-EUROPE-WHEAT-372-SSR","PMID:23451238","https://pmc.ncbi.nlm.nih.gov/articles/PMC3579808/","stable-MTA-WMC0154","2B","","","FHB index/score","stable base-marker entity reconstructed from source allele-by-environment rows","ITMI/consensus SSR genetic maps; no physical reference assembly","2B: 0.4-0.4 cM on reference genetic map","genetic-map position only; no physical coordinate promoted","","","","372 recent European wheat varieties","372","not applicable","not applicable","358 winter plus 14 spring wheat varieties","Europe","2013","coordinate_checked","false","Only genetic-map evidence is available; no physical interval invented",""
"LR-2013-EU372-WMC0257","SU-2013-EUROPE-WHEAT-372-SSR-GWAS","DF-EUROPE-WHEAT-372-SSR","PMID:23451238","https://pmc.ncbi.nlm.nih.gov/articles/PMC3579808/","stable-MTA-WMC0257","2B","","","FHB index/score","stable base-marker entity reconstructed from source allele-by-environment rows","ITMI/consensus SSR genetic maps; no physical reference assembly","2B: 4.9-5.1 cM on reference genetic map","genetic-map position only; no physical coordinate promoted","","","","372 recent European wheat varieties","372","not applicable","not applicable","358 winter plus 14 spring wheat varieties","Europe","2013","coordinate_checked","false","Only genetic-map evidence is available; no physical interval invented",""
"LR-2013-EU372-GWM1128","SU-2013-EUROPE-WHEAT-372-SSR-GWAS","DF-EUROPE-WHEAT-372-SSR","PMID:23451238","https://pmc.ncbi.nlm.nih.gov/articles/PMC3579808/","stable-MTA-GWM1128","2B","","","FHB index/score","stable base-marker entity reconstructed from source allele-by-environment rows","ITMI/consensus SSR genetic maps; no physical reference assembly","2B: 16-16.4 cM on reference genetic map","genetic-map position only; no physical coordinate promoted","","","","372 recent European wheat varieties","372","not applicable","not applicable","358 winter plus 14 spring wheat varieties","Europe","2013","coordinate_checked","false","Only genetic-map evidence is available; no physical interval invented",""
"LR-2013-EU372-CFD0073","SU-2013-EUROPE-WHEAT-372-SSR-GWAS","DF-EUROPE-WHEAT-372-SSR","PMID:23451238","https://pmc.ncbi.nlm.nih.gov/articles/PMC3579808/","stable-MTA-CFD0073","2B","","","FHB index/score","stable base-marker entity reconstructed from source allele-by-environment rows","ITMI/consensus SSR genetic maps; no physical reference assembly","2B: 117.9-117.9 cM on reference genetic map","genetic-map position only; no physical coordinate promoted","","","","372 recent European wheat varieties","372","not applicable","not applicable","358 winter plus 14 spring wheat varieties","Europe","2013","coordinate_checked","false","Only genetic-map evidence is available; no physical interval invented",""
"LR-2013-EU372-CFD0116","SU-2013-EUROPE-WHEAT-372-SSR-GWAS","DF-EUROPE-WHEAT-372-SSR","PMID:23451238","https://pmc.ncbi.nlm.nih.gov/articles/PMC3579808/","stable-MTA-CFD0116","2D","","","FHB index/score","stable base-marker entity reconstructed from source allele-by-environment rows","ITMI/consensus SSR genetic maps; no physical reference assembly","2D: 93.1-93.3 cM on reference genetic map","genetic-map position only; no physical coordinate promoted","","","","372 recent European wheat varieties","372","not applicable","not applicable","358 winter plus 14 spring wheat varieties","Europe","2013","coordinate_checked","false","Only genetic-map evidence is available; no physical interval invented",""
"LR-2013-EU372-GWM1204","SU-2013-EUROPE-WHEAT-372-SSR-GWAS","DF-EUROPE-WHEAT-372-SSR","PMID:23451238","https://pmc.ncbi.nlm.nih.gov/articles/PMC3579808/","stable-MTA-GWM1204","2D","","","FHB index/score","stable base-marker entity reconstructed from source allele-by-environment rows","ITMI/consensus SSR genetic maps; no physical reference assembly","2D: 140.4-140.4 cM on reference genetic map","genetic-map position only; no physical coordinate promoted","","","","372 recent European wheat varieties","372","not applicable","not applicable","358 winter plus 14 spring wheat varieties","Europe","2013","coordinate_checked","false","Only genetic-map evidence is available; no physical interval invented",""
"LR-2013-EU372-CFD0233","SU-2013-EUROPE-WHEAT-372-SSR-GWAS","DF-EUROPE-WHEAT-372-SSR","PMID:23451238","https://pmc.ncbi.nlm.nih.gov/articles/PMC3579808/","stable-MTA-CFD0233","2D","","","FHB index/score","stable base-marker entity reconstructed from source allele-by-environment rows","ITMI/consensus SSR genetic maps; no physical reference assembly","2D: 149.6-149.9 cM on reference genetic map","genetic-map position only; no physical coordinate promoted","","","","372 recent European wheat varieties","372","not applicable","not applicable","358 winter plus 14 spring wheat varieties","Europe","2013","coordinate_checked","false","Only genetic-map evidence is available; no physical interval invented",""
"LR-2013-EU372-BARC0012a","SU-2013-EUROPE-WHEAT-372-SSR-GWAS","DF-EUROPE-WHEAT-372-SSR","PMID:23451238","https://pmc.ncbi.nlm.nih.gov/articles/PMC3579808/","stable-MTA-BARC0012a","3A","","","FHB index/score","stable base-marker entity reconstructed from source allele-by-environment rows","ITMI/consensus SSR genetic maps; no physical reference assembly","3A: 18.8-18.8 cM on reference genetic map","genetic-map position only; no physical coordinate promoted","","","","372 recent European wheat varieties","372","not applicable","not applicable","358 winter plus 14 spring wheat varieties","Europe","2013","coordinate_checked","false","Only genetic-map evidence is available; no physical interval invented",""
"LR-2013-EU372-CFA2193","SU-2013-EUROPE-WHEAT-372-SSR-GWAS","DF-EUROPE-WHEAT-372-SSR","PMID:23451238","https://pmc.ncbi.nlm.nih.gov/articles/PMC3579808/","stable-MTA-CFA2193","3A","","","FHB index/score","stable base-marker entity reconstructed from source allele-by-environment rows","ITMI/consensus SSR genetic maps; no physical reference assembly","3A: 155.2-155.5 cM on reference genetic map","genetic-map position only; no physical coordinate promoted","","","","372 recent European wheat varieties","372","not applicable","not applicable","358 winter plus 14 spring wheat varieties","Europe","2013","coordinate_checked","false","Only genetic-map evidence is available; no physical interval invented",""
"LR-2013-EU372-WMC0808","SU-2013-EUROPE-WHEAT-372-SSR-GWAS","DF-EUROPE-WHEAT-372-SSR","PMID:23451238","https://pmc.ncbi.nlm.nih.gov/articles/PMC3579808/","stable-MTA-WMC0808","3B","","","FHB index/score","stable base-marker entity reconstructed from source allele-by-environment rows","ITMI/consensus SSR genetic maps; no physical reference assembly","3B: 67.6-67.9 cM on reference genetic map","genetic-map position only; no physical coordinate promoted","","","","372 recent European wheat varieties","372","not applicable","not applicable","358 winter plus 14 spring wheat varieties","Europe","2013","coordinate_checked","false","Only genetic-map evidence is available; no physical interval invented",""
"LR-2013-EU372-GWM4145","SU-2013-EUROPE-WHEAT-372-SSR-GWAS","DF-EUROPE-WHEAT-372-SSR","PMID:23451238","https://pmc.ncbi.nlm.nih.gov/articles/PMC3579808/","stable-MTA-GWM4145","3B","","","FHB index/score","stable base-marker entity reconstructed from source allele-by-environment rows","ITMI/consensus SSR genetic maps; no physical reference assembly","3B: 74-74.3 cM on reference genetic map","genetic-map position only; no physical coordinate promoted","","","","372 recent European wheat varieties","372","not applicable","not applicable","358 winter plus 14 spring wheat varieties","Europe","2013","coordinate_checked","false","Only genetic-map evidence is available; no physical interval invented",""
"LR-2013-EU372-GWM3144","SU-2013-EUROPE-WHEAT-372-SSR-GWAS","DF-EUROPE-WHEAT-372-SSR","PMID:23451238","https://pmc.ncbi.nlm.nih.gov/articles/PMC3579808/","stable-MTA-GWM3144","3B","","","FHB index/score","stable base-marker entity reconstructed from source allele-by-environment rows","ITMI/consensus SSR genetic maps; no physical reference assembly","3B: 132.5-132.9 cM on reference genetic map","genetic-map position only; no physical coordinate promoted","","","","372 recent European wheat varieties","372","not applicable","not applicable","358 winter plus 14 spring wheat varieties","Europe","2013","coordinate_checked","false","Only genetic-map evidence is available; no physical interval invented",""
"LR-2013-EU372-GWM0938","SU-2013-EUROPE-WHEAT-372-SSR-GWAS","DF-EUROPE-WHEAT-372-SSR","PMID:23451238","https://pmc.ncbi.nlm.nih.gov/articles/PMC3579808/","stable-MTA-GWM0938","3B","","","FHB index/score","stable base-marker entity reconstructed from source allele-by-environment rows","ITMI/consensus SSR genetic maps; no physical reference assembly","3B: 176.4-176.5 cM on reference genetic map","genetic-map position only; no physical coordinate promoted","","","","372 recent European wheat varieties","372","not applicable","not applicable","358 winter plus 14 spring wheat varieties","Europe","2013","coordinate_checked","false","Only genetic-map evidence is available; no physical interval invented",""
"LR-2013-EU372-BARC0284","SU-2013-EUROPE-WHEAT-372-SSR-GWAS","DF-EUROPE-WHEAT-372-SSR","PMID:23451238","https://pmc.ncbi.nlm.nih.gov/articles/PMC3579808/","stable-MTA-BARC0284","3D","","","FHB index/score","stable base-marker entity reconstructed from source allele-by-environment rows","ITMI/consensus SSR genetic maps; no physical reference assembly","3D: 214.8-214.9 cM on reference genetic map","genetic-map position only; no physical coordinate promoted","","","","372 recent European wheat varieties","372","not applicable","not applicable","358 winter plus 14 spring wheat varieties","Europe","2013","coordinate_checked","false","Only genetic-map evidence is available; no physical interval invented",""
"LR-2013-EU372-CFD0071","SU-2013-EUROPE-WHEAT-372-SSR-GWAS","DF-EUROPE-WHEAT-372-SSR","PMID:23451238","https://pmc.ncbi.nlm.nih.gov/articles/PMC3579808/","stable-MTA-CFD0071","4A","","","FHB index/score","stable base-marker entity reconstructed from source allele-by-environment rows","ITMI/consensus SSR genetic maps; no physical reference assembly","4A: 26.3-26.6 cM on reference genetic map","genetic-map position only; no physical coordinate promoted","","","","372 recent European wheat varieties","372","not applicable","not applicable","358 winter plus 14 spring wheat varieties","Europe","2013","coordinate_checked","false","Only genetic-map evidence is available; no physical interval invented",""
"LR-2013-EU372-GWM0165b","SU-2013-EUROPE-WHEAT-372-SSR-GWAS","DF-EUROPE-WHEAT-372-SSR","PMID:23451238","https://pmc.ncbi.nlm.nih.gov/articles/PMC3579808/","stable-MTA-GWM0165b","4D","","","FHB index/score","stable base-marker entity reconstructed from source allele-by-environment rows","ITMI/consensus SSR genetic maps; no physical reference assembly","4D: 23.3-23.3 cM on reference genetic map","genetic-map position only; no physical coordinate promoted","","","","372 recent European wheat varieties","372","not applicable","not applicable","358 winter plus 14 spring wheat varieties","Europe","2013","coordinate_checked","false","Only genetic-map evidence is available; no physical interval invented",""
"LR-2013-EU372-WMC0473b","SU-2013-EUROPE-WHEAT-372-SSR-GWAS","DF-EUROPE-WHEAT-372-SSR","PMID:23451238","https://pmc.ncbi.nlm.nih.gov/articles/PMC3579808/","stable-MTA-WMC0473b","4D","","","FHB index/score","stable base-marker entity reconstructed from source allele-by-environment rows","ITMI/consensus SSR genetic maps; no physical reference assembly","4D: 33.2-33.2 cM on reference genetic map","genetic-map position only; no physical coordinate promoted","","","","372 recent European wheat varieties","372","not applicable","not applicable","358 winter plus 14 spring wheat varieties","Europe","2013","coordinate_checked","false","Only genetic-map evidence is available; no physical interval invented",""
"LR-2013-EU372-GWM0819","SU-2013-EUROPE-WHEAT-372-SSR-GWAS","DF-EUROPE-WHEAT-372-SSR","PMID:23451238","https://pmc.ncbi.nlm.nih.gov/articles/PMC3579808/","stable-MTA-GWM0819","4D","","","FHB index/score","stable base-marker entity reconstructed from source allele-by-environment rows","ITMI/consensus SSR genetic maps; no physical reference assembly","4D: 34.7-34.8 cM on reference genetic map","genetic-map position only; no physical coordinate promoted","","","","372 recent European wheat varieties","372","not applicable","not applicable","358 winter plus 14 spring wheat varieties","Europe","2013","coordinate_checked","false","Only genetic-map evidence is available; no physical interval invented",""
"LR-2013-EU372-GWM4346","SU-2013-EUROPE-WHEAT-372-SSR-GWAS","DF-EUROPE-WHEAT-372-SSR","PMID:23451238","https://pmc.ncbi.nlm.nih.gov/articles/PMC3579808/","stable-MTA-GWM4346","4D","","","FHB index/score","stable base-marker entity reconstructed from source allele-by-environment rows","ITMI/consensus SSR genetic maps; no physical reference assembly","4D: 41.5-41.5 cM on reference genetic map","genetic-map position only; no physical coordinate promoted","","","","372 recent European wheat varieties","372","not applicable","not applicable","358 winter plus 14 spring wheat varieties","Europe","2013","coordinate_checked","false","Only genetic-map evidence is available; no physical interval invented",""
"LR-2013-EU372-WMC0331","SU-2013-EUROPE-WHEAT-372-SSR-GWAS","DF-EUROPE-WHEAT-372-SSR","PMID:23451238","https://pmc.ncbi.nlm.nih.gov/articles/PMC3579808/","stable-MTA-WMC0331","4D","","","FHB index/score","stable base-marker entity reconstructed from source allele-by-environment rows","ITMI/consensus SSR genetic maps; no physical reference assembly","4D: 80-80.2 cM on reference genetic map","genetic-map position only; no physical coordinate promoted","","","","372 recent European wheat varieties","372","not applicable","not applicable","358 winter plus 14 spring wheat varieties","Europe","2013","coordinate_checked","false","Only genetic-map evidence is available; no physical interval invented",""
"LR-2013-EU372-GWM4001a","SU-2013-EUROPE-WHEAT-372-SSR-GWAS","DF-EUROPE-WHEAT-372-SSR","PMID:23451238","https://pmc.ncbi.nlm.nih.gov/articles/PMC3579808/","stable-MTA-GWM4001a","4D","","","FHB index/score","stable base-marker entity reconstructed from source allele-by-environment rows","ITMI/consensus SSR genetic maps; no physical reference assembly","4D: 100.6-100.7 cM on reference genetic map","genetic-map position only; no physical coordinate promoted","","","","372 recent European wheat varieties","372","not applicable","not applicable","358 winter plus 14 spring wheat varieties","Europe","2013","coordinate_checked","false","Only genetic-map evidence is available; no physical interval invented",""
"LR-2013-EU372-rht2","SU-2013-EUROPE-WHEAT-372-SSR-GWAS","DF-EUROPE-WHEAT-372-SSR","PMID:23451238","https://pmc.ncbi.nlm.nih.gov/articles/PMC3579808/","stable-MTA-rht2","4D","","","FHB index/score","stable base-marker entity reconstructed from source allele-by-environment rows","ITMI/consensus SSR genetic maps; no physical reference assembly","4D: position not mapped","chromosome known but source map position is unmapped","","","","372 recent European wheat varieties","372","not applicable","not applicable","358 winter plus 14 spring wheat varieties","Europe","2013","coordinate_checked","false","Only genetic-map evidence is available; no physical interval invented",""
"LR-2013-EU372-BARC0004b","SU-2013-EUROPE-WHEAT-372-SSR-GWAS","DF-EUROPE-WHEAT-372-SSR","PMID:23451238","https://pmc.ncbi.nlm.nih.gov/articles/PMC3579808/","stable-MTA-BARC0004b","5A","","","FHB index/score","stable base-marker entity reconstructed from source allele-by-environment rows","ITMI/consensus SSR genetic maps; no physical reference assembly","5A: 87.2-87.3 cM on reference genetic map","genetic-map position only; no physical coordinate promoted","","","","372 recent European wheat varieties","372","not applicable","not applicable","358 winter plus 14 spring wheat varieties","Europe","2013","coordinate_checked","false","Only genetic-map evidence is available; no physical interval invented",""
"LR-2013-EU372-GWM4141","SU-2013-EUROPE-WHEAT-372-SSR-GWAS","DF-EUROPE-WHEAT-372-SSR","PMID:23451238","https://pmc.ncbi.nlm.nih.gov/articles/PMC3579808/","stable-MTA-GWM4141","5B","","","FHB index/score","stable base-marker entity reconstructed from source allele-by-environment rows","ITMI/consensus SSR genetic maps; no physical reference assembly","5B: 42.2-42.4 cM on reference genetic map","genetic-map position only; no physical coordinate promoted","","","","372 recent European wheat varieties","372","not applicable","not applicable","358 winter plus 14 spring wheat varieties","Europe","2013","coordinate_checked","false","Only genetic-map evidence is available; no physical interval invented",""
"LR-2013-EU372-WMC0073","SU-2013-EUROPE-WHEAT-372-SSR-GWAS","DF-EUROPE-WHEAT-372-SSR","PMID:23451238","https://pmc.ncbi.nlm.nih.gov/articles/PMC3579808/","stable-MTA-WMC0073","5B","","","FHB index/score","stable base-marker entity reconstructed from source allele-by-environment rows","ITMI/consensus SSR genetic maps; no physical reference assembly","5B: 54.2-54.3 cM on reference genetic map","genetic-map position only; no physical coordinate promoted","","","","372 recent European wheat varieties","372","not applicable","not applicable","358 winter plus 14 spring wheat varieties","Europe","2013","coordinate_checked","false","Only genetic-map evidence is available; no physical interval invented",""
"LR-2013-EU372-GWM0843","SU-2013-EUROPE-WHEAT-372-SSR-GWAS","DF-EUROPE-WHEAT-372-SSR","PMID:23451238","https://pmc.ncbi.nlm.nih.gov/articles/PMC3579808/","stable-MTA-GWM0843","5B","","","FHB index/score","stable base-marker entity reconstructed from source allele-by-environment rows","ITMI/consensus SSR genetic maps; no physical reference assembly","5B: 60.6-60.7 cM on reference genetic map","genetic-map position only; no physical coordinate promoted","","","","372 recent European wheat varieties","372","not applicable","not applicable","358 winter plus 14 spring wheat varieties","Europe","2013","coordinate_checked","false","Only genetic-map evidence is available; no physical interval invented",""
"LR-2013-EU372-GWM0213","SU-2013-EUROPE-WHEAT-372-SSR-GWAS","DF-EUROPE-WHEAT-372-SSR","PMID:23451238","https://pmc.ncbi.nlm.nih.gov/articles/PMC3579808/","stable-MTA-GWM0213","5B","","","FHB index/score","stable base-marker entity reconstructed from source allele-by-environment rows","ITMI/consensus SSR genetic maps; no physical reference assembly","5B: 64.1-64.3 cM on reference genetic map","genetic-map position only; no physical coordinate promoted","","","","372 recent European wheat varieties","372","not applicable","not applicable","358 winter plus 14 spring wheat varieties","Europe","2013","coordinate_checked","false","Only genetic-map evidence is available; no physical interval invented",""
"LR-2013-EU372-GWM0335a","SU-2013-EUROPE-WHEAT-372-SSR-GWAS","DF-EUROPE-WHEAT-372-SSR","PMID:23451238","https://pmc.ncbi.nlm.nih.gov/articles/PMC3579808/","stable-MTA-GWM0335a","5B","","","FHB index/score","stable base-marker entity reconstructed from source allele-by-environment rows","ITMI/consensus SSR genetic maps; no physical reference assembly","5B: 64.7-64.8 cM on reference genetic map","genetic-map position only; no physical coordinate promoted","","","","372 recent European wheat varieties","372","not applicable","not applicable","358 winter plus 14 spring wheat varieties","Europe","2013","coordinate_checked","false","Only genetic-map evidence is available; no physical interval invented",""
"LR-2013-EU372-GWM1108","SU-2013-EUROPE-WHEAT-372-SSR-GWAS","DF-EUROPE-WHEAT-372-SSR","PMID:23451238","https://pmc.ncbi.nlm.nih.gov/articles/PMC3579808/","stable-MTA-GWM1108","5B","","","FHB index/score","stable base-marker entity reconstructed from source allele-by-environment rows","ITMI/consensus SSR genetic maps; no physical reference assembly","5B: 66-66.1 cM on reference genetic map","genetic-map position only; no physical coordinate promoted","","","","372 recent European wheat varieties","372","not applicable","not applicable","358 winter plus 14 spring wheat varieties","Europe","2013","coordinate_checked","false","Only genetic-map evidence is available; no physical interval invented",""
"LR-2013-EU372-GWM1475a","SU-2013-EUROPE-WHEAT-372-SSR-GWAS","DF-EUROPE-WHEAT-372-SSR","PMID:23451238","https://pmc.ncbi.nlm.nih.gov/articles/PMC3579808/","stable-MTA-GWM1475a","5B","","","FHB index/score","stable base-marker entity reconstructed from source allele-by-environment rows","ITMI/consensus SSR genetic maps; no physical reference assembly","5B: 108.2-108.5 cM on reference genetic map","genetic-map position only; no physical coordinate promoted","","","","372 recent European wheat varieties","372","not applicable","not applicable","358 winter plus 14 spring wheat varieties","Europe","2013","coordinate_checked","false","Only genetic-map evidence is available; no physical interval invented",""
"LR-2013-EU372-GWM0777","SU-2013-EUROPE-WHEAT-372-SSR-GWAS","DF-EUROPE-WHEAT-372-SSR","PMID:23451238","https://pmc.ncbi.nlm.nih.gov/articles/PMC3579808/","stable-MTA-GWM0777","5B","","","FHB index/score","stable base-marker entity reconstructed from source allele-by-environment rows","ITMI/consensus SSR genetic maps; no physical reference assembly","5B: 115.1-115.1 cM on reference genetic map","genetic-map position only; no physical coordinate promoted","","","","372 recent European wheat varieties","372","not applicable","not applicable","358 winter plus 14 spring wheat varieties","Europe","2013","coordinate_checked","false","Only genetic-map evidence is available; no physical interval invented",""
"LR-2013-EU372-GWM1252","SU-2013-EUROPE-WHEAT-372-SSR-GWAS","DF-EUROPE-WHEAT-372-SSR","PMID:23451238","https://pmc.ncbi.nlm.nih.gov/articles/PMC3579808/","stable-MTA-GWM1252","5D","","","FHB index/score","stable base-marker entity reconstructed from source allele-by-environment rows","ITMI/consensus SSR genetic maps; no physical reference assembly","5D: 13.7-14 cM on reference genetic map","genetic-map position only; no physical coordinate promoted","","","","372 recent European wheat varieties","372","not applicable","not applicable","358 winter plus 14 spring wheat varieties","Europe","2013","coordinate_checked","false","Only genetic-map evidence is available; no physical interval invented",""
"LR-2013-EU372-BARC0143","SU-2013-EUROPE-WHEAT-372-SSR-GWAS","DF-EUROPE-WHEAT-372-SSR","PMID:23451238","https://pmc.ncbi.nlm.nih.gov/articles/PMC3579808/","stable-MTA-BARC0143","5D","","","FHB index/score","stable base-marker entity reconstructed from source allele-by-environment rows","ITMI/consensus SSR genetic maps; no physical reference assembly","5D: 44-44 cM on reference genetic map","genetic-map position only; no physical coordinate promoted","","","","372 recent European wheat varieties","372","not applicable","not applicable","358 winter plus 14 spring wheat varieties","Europe","2013","coordinate_checked","false","Only genetic-map evidence is available; no physical interval invented",""
"LR-2013-EU372-WMC0799","SU-2013-EUROPE-WHEAT-372-SSR-GWAS","DF-EUROPE-WHEAT-372-SSR","PMID:23451238","https://pmc.ncbi.nlm.nih.gov/articles/PMC3579808/","stable-MTA-WMC0799","5D","","","FHB index/score","stable base-marker entity reconstructed from source allele-by-environment rows","ITMI/consensus SSR genetic maps; no physical reference assembly","5D: 129-129.2 cM on reference genetic map","genetic-map position only; no physical coordinate promoted","","","","372 recent European wheat varieties","372","not applicable","not applicable","358 winter plus 14 spring wheat varieties","Europe","2013","coordinate_checked","false","Only genetic-map evidence is available; no physical interval invented",""
"LR-2013-EU372-GWM0427","SU-2013-EUROPE-WHEAT-372-SSR-GWAS","DF-EUROPE-WHEAT-372-SSR","PMID:23451238","https://pmc.ncbi.nlm.nih.gov/articles/PMC3579808/","stable-MTA-GWM0427","6A","","","FHB index/score","stable base-marker entity reconstructed from source allele-by-environment rows","ITMI/consensus SSR genetic maps; no physical reference assembly","6A: 151.2-151.4 cM on reference genetic map","genetic-map position only; no physical coordinate promoted","","","","372 recent European wheat varieties","372","not applicable","not applicable","358 winter plus 14 spring wheat varieties","Europe","2013","coordinate_checked","false","Only genetic-map evidence is available; no physical interval invented",""
"LR-2013-EU372-GWM0469","SU-2013-EUROPE-WHEAT-372-SSR-GWAS","DF-EUROPE-WHEAT-372-SSR","PMID:23451238","https://pmc.ncbi.nlm.nih.gov/articles/PMC3579808/","stable-MTA-GWM0469","6D","","","FHB index/score","stable base-marker entity reconstructed from source allele-by-environment rows","ITMI/consensus SSR genetic maps; no physical reference assembly","6D: 65.6-65.6 cM on reference genetic map","genetic-map position only; no physical coordinate promoted","","","","372 recent European wheat varieties","372","not applicable","not applicable","358 winter plus 14 spring wheat varieties","Europe","2013","coordinate_checked","false","Only genetic-map evidence is available; no physical interval invented",""
"LR-2013-EU372-BARC0273","SU-2013-EUROPE-WHEAT-372-SSR-GWAS","DF-EUROPE-WHEAT-372-SSR","PMID:23451238","https://pmc.ncbi.nlm.nih.gov/articles/PMC3579808/","stable-MTA-BARC0273","6D","","","FHB index/score","stable base-marker entity reconstructed from source allele-by-environment rows","ITMI/consensus SSR genetic maps; no physical reference assembly","6D: 164.6-164.8 cM on reference genetic map","genetic-map position only; no physical coordinate promoted","","","","372 recent European wheat varieties","372","not applicable","not applicable","358 winter plus 14 spring wheat varieties","Europe","2013","coordinate_checked","false","Only genetic-map evidence is available; no physical interval invented",""
"LR-2013-EU372-WMC0479","SU-2013-EUROPE-WHEAT-372-SSR-GWAS","DF-EUROPE-WHEAT-372-SSR","PMID:23451238","https://pmc.ncbi.nlm.nih.gov/articles/PMC3579808/","stable-MTA-WMC0479","7A","","","FHB index/score","stable base-marker entity reconstructed from source allele-by-environment rows","ITMI/consensus SSR genetic maps; no physical reference assembly","7A: 0.3-0.5 cM on reference genetic map","genetic-map position only; no physical coordinate promoted","","","","372 recent European wheat varieties","372","not applicable","not applicable","358 winter plus 14 spring wheat varieties","Europe","2013","coordinate_checked","false","Only genetic-map evidence is available; no physical interval invented",""
"LR-2013-EU372-GWM0681","SU-2013-EUROPE-WHEAT-372-SSR-GWAS","DF-EUROPE-WHEAT-372-SSR","PMID:23451238","https://pmc.ncbi.nlm.nih.gov/articles/PMC3579808/","stable-MTA-GWM0681","7A","","","FHB index/score","stable base-marker entity reconstructed from source allele-by-environment rows","ITMI/consensus SSR genetic maps; no physical reference assembly","7A: 13.6-13.8 cM on reference genetic map","genetic-map position only; no physical coordinate promoted","","","","372 recent European wheat varieties","372","not applicable","not applicable","358 winter plus 14 spring wheat varieties","Europe","2013","coordinate_checked","false","Only genetic-map evidence is available; no physical interval invented",""
"LR-2013-EU372-GWM0735","SU-2013-EUROPE-WHEAT-372-SSR-GWAS","DF-EUROPE-WHEAT-372-SSR","PMID:23451238","https://pmc.ncbi.nlm.nih.gov/articles/PMC3579808/","stable-MTA-GWM0735","7A","","","FHB index/score","stable base-marker entity reconstructed from source allele-by-environment rows","ITMI/consensus SSR genetic maps; no physical reference assembly","7A: 15.9-16 cM on reference genetic map","genetic-map position only; no physical coordinate promoted","","","","372 recent European wheat varieties","372","not applicable","not applicable","358 winter plus 14 spring wheat varieties","Europe","2013","coordinate_checked","false","Only genetic-map evidence is available; no physical interval invented",""
"LR-2013-EU372-CFA2049b","SU-2013-EUROPE-WHEAT-372-SSR-GWAS","DF-EUROPE-WHEAT-372-SSR","PMID:23451238","https://pmc.ncbi.nlm.nih.gov/articles/PMC3579808/","stable-MTA-CFA2049b","7A","","","FHB index/score","stable base-marker entity reconstructed from source allele-by-environment rows","ITMI/consensus SSR genetic maps; no physical reference assembly","7A: 43.9-44 cM on reference genetic map","genetic-map position only; no physical coordinate promoted","","","","372 recent European wheat varieties","372","not applicable","not applicable","358 winter plus 14 spring wheat varieties","Europe","2013","coordinate_checked","false","Only genetic-map evidence is available; no physical interval invented",""
"LR-2013-EU372-WMC0488a","SU-2013-EUROPE-WHEAT-372-SSR-GWAS","DF-EUROPE-WHEAT-372-SSR","PMID:23451238","https://pmc.ncbi.nlm.nih.gov/articles/PMC3579808/","stable-MTA-WMC0488a","7A","","","FHB index/score","stable base-marker entity reconstructed from source allele-by-environment rows","ITMI/consensus SSR genetic maps; no physical reference assembly","7A: 143.1-143.3 cM on reference genetic map","genetic-map position only; no physical coordinate promoted","","","","372 recent European wheat varieties","372","not applicable","not applicable","358 winter plus 14 spring wheat varieties","Europe","2013","coordinate_checked","false","Only genetic-map evidence is available; no physical interval invented",""
"LR-2013-EU372-BARC0267a","SU-2013-EUROPE-WHEAT-372-SSR-GWAS","DF-EUROPE-WHEAT-372-SSR","PMID:23451238","https://pmc.ncbi.nlm.nih.gov/articles/PMC3579808/","stable-MTA-BARC0267a","7B","","","FHB index/score","stable base-marker entity reconstructed from source allele-by-environment rows","ITMI/consensus SSR genetic maps; no physical reference assembly","7B: 36-36 cM on reference genetic map","genetic-map position only; no physical coordinate promoted","","","","372 recent European wheat varieties","372","not applicable","not applicable","358 winter plus 14 spring wheat varieties","Europe","2013","coordinate_checked","false","Only genetic-map evidence is available; no physical interval invented",""
"LR-2013-EU372-WMC0662","SU-2013-EUROPE-WHEAT-372-SSR-GWAS","DF-EUROPE-WHEAT-372-SSR","PMID:23451238","https://pmc.ncbi.nlm.nih.gov/articles/PMC3579808/","stable-MTA-WMC0662","7B","","","FHB index/score","stable base-marker entity reconstructed from source allele-by-environment rows","ITMI/consensus SSR genetic maps; no physical reference assembly","7B: 40.1-40.1 cM on reference genetic map","genetic-map position only; no physical coordinate promoted","","","","372 recent European wheat varieties","372","not applicable","not applicable","358 winter plus 14 spring wheat varieties","Europe","2013","coordinate_checked","false","Only genetic-map evidence is available; no physical interval invented",""
"LR-2013-EU372-GWM0808","SU-2013-EUROPE-WHEAT-372-SSR-GWAS","DF-EUROPE-WHEAT-372-SSR","PMID:23451238","https://pmc.ncbi.nlm.nih.gov/articles/PMC3579808/","stable-MTA-GWM0808","7B","","","FHB index/score","stable base-marker entity reconstructed from source allele-by-environment rows","ITMI/consensus SSR genetic maps; no physical reference assembly","7B: 54.1-54.2 cM on reference genetic map","genetic-map position only; no physical coordinate promoted","","","","372 recent European wheat varieties","372","not applicable","not applicable","358 winter plus 14 spring wheat varieties","Europe","2013","coordinate_checked","false","Only genetic-map evidence is available; no physical interval invented",""
"LR-2013-EU372-BARC0176","SU-2013-EUROPE-WHEAT-372-SSR-GWAS","DF-EUROPE-WHEAT-372-SSR","PMID:23451238","https://pmc.ncbi.nlm.nih.gov/articles/PMC3579808/","stable-MTA-BARC0176","7B","","","FHB index/score","stable base-marker entity reconstructed from source allele-by-environment rows","ITMI/consensus SSR genetic maps; no physical reference assembly","7B: 60.2-60.4 cM on reference genetic map","genetic-map position only; no physical coordinate promoted","","","","372 recent European wheat varieties","372","not applicable","not applicable","358 winter plus 14 spring wheat varieties","Europe","2013","coordinate_checked","false","Only genetic-map evidence is available; no physical interval invented",""
"LR-2013-EU372-BARC0278","SU-2013-EUROPE-WHEAT-372-SSR-GWAS","DF-EUROPE-WHEAT-372-SSR","PMID:23451238","https://pmc.ncbi.nlm.nih.gov/articles/PMC3579808/","stable-MTA-BARC0278","7B","","","FHB index/score","stable base-marker entity reconstructed from source allele-by-environment rows","ITMI/consensus SSR genetic maps; no physical reference assembly","7B: 65.4-65.6 cM on reference genetic map","genetic-map position only; no physical coordinate promoted","","","","372 recent European wheat varieties","372","not applicable","not applicable","358 winter plus 14 spring wheat varieties","Europe","2013","coordinate_checked","false","Only genetic-map evidence is available; no physical interval invented",""
"LR-2013-EU372-WMC0517","SU-2013-EUROPE-WHEAT-372-SSR-GWAS","DF-EUROPE-WHEAT-372-SSR","PMID:23451238","https://pmc.ncbi.nlm.nih.gov/articles/PMC3579808/","stable-MTA-WMC0517","7B","","","FHB index/score","stable base-marker entity reconstructed from source allele-by-environment rows","ITMI/consensus SSR genetic maps; no physical reference assembly","7B: 101.5-101.5 cM on reference genetic map","genetic-map position only; no physical coordinate promoted","","","","372 recent European wheat varieties","372","not applicable","not applicable","358 winter plus 14 spring wheat varieties","Europe","2013","coordinate_checked","false","Only genetic-map evidence is available; no physical interval invented",""
"LR-2013-EU372-BARC0182","SU-2013-EUROPE-WHEAT-372-SSR-GWAS","DF-EUROPE-WHEAT-372-SSR","PMID:23451238","https://pmc.ncbi.nlm.nih.gov/articles/PMC3579808/","stable-MTA-BARC0182","7B","","","FHB index/score","stable base-marker entity reconstructed from source allele-by-environment rows","ITMI/consensus SSR genetic maps; no physical reference assembly","7B: 176.2-176.6 cM on reference genetic map","genetic-map position only; no physical coordinate promoted","","","","372 recent European wheat varieties","372","not applicable","not applicable","358 winter plus 14 spring wheat varieties","Europe","2013","coordinate_checked","false","Only genetic-map evidence is available; no physical interval invented",""
"LR-2013-EU372-GWM1650b","SU-2013-EUROPE-WHEAT-372-SSR-GWAS","DF-EUROPE-WHEAT-372-SSR","PMID:23451238","https://pmc.ncbi.nlm.nih.gov/articles/PMC3579808/","stable-MTA-GWM1650b","7D","","","FHB index/score","stable base-marker entity reconstructed from source allele-by-environment rows","ITMI/consensus SSR genetic maps; no physical reference assembly","7D: 29.7-29.7 cM on reference genetic map","genetic-map position only; no physical coordinate promoted","","","","372 recent European wheat varieties","372","not applicable","not applicable","358 winter plus 14 spring wheat varieties","Europe","2013","coordinate_checked","false","Only genetic-map evidence is available; no physical interval invented",""
"LR-2013-EU372-BARC0235","SU-2013-EUROPE-WHEAT-372-SSR-GWAS","DF-EUROPE-WHEAT-372-SSR","PMID:23451238","https://pmc.ncbi.nlm.nih.gov/articles/PMC3579808/","stable-MTA-BARC0235","7D","","","FHB index/score","stable base-marker entity reconstructed from source allele-by-environment rows","ITMI/consensus SSR genetic maps; no physical reference assembly","7D: 213-213 cM on reference genetic map","genetic-map position only; no physical coordinate promoted","","","","372 recent European wheat varieties","372","not applicable","not applicable","358 winter plus 14 spring wheat varieties","Europe","2013","coordinate_checked","false","Only genetic-map evidence is available; no physical interval invented",""
"LR-2018-DT707-QFHB-DT696-5A1","SU-2018-DURUM-DT707-DT696-423-QTL","DF-DURUM-DT707-DT696","PMID:30307951","https://pmc.ncbi.nlm.nih.gov/articles/PMC6181299/","QFHB-DT696-5A1","5A","","","FHB incidence/severity/index/intensity","author-defined QTL; aggregate envelope of environment-specific MQM intervals in supplementary table","population-specific high-density genetic linkage map; no physical assembly reported for QTL bounds","5A:3.8-19.3 cM aggregate source envelope","genetic-map interval only; the aggregate envelope is descriptive and not a physical projection","","DT696","","A0132: DT707 x DT696","423","DT696","DT707","spring durum wheat","Canada","2018","coordinate_checked","false","Tetraploid, population-specific genetic-map interval; no physical interval invented",""
"LR-2018-DT707-QFHB-DT696-5A2","SU-2018-DURUM-DT707-DT696-423-QTL","DF-DURUM-DT707-DT696","PMID:30307951","https://pmc.ncbi.nlm.nih.gov/articles/PMC6181299/","QFHB-DT696-5A2","5A","","","FHB incidence/severity/index/intensity","author-defined QTL; aggregate envelope of environment-specific MQM intervals in supplementary table","population-specific high-density genetic linkage map; no physical assembly reported for QTL bounds","5A:86.2-96.7 cM aggregate source envelope","genetic-map interval only; the aggregate envelope is descriptive and not a physical projection","","DT696","","A0132: DT707 x DT696","423","DT696","DT707","spring durum wheat","Canada","2018","coordinate_checked","false","Tetraploid, population-specific genetic-map interval; no physical interval invented",""
"LR-2018-DT707-QFHB-DT696-1B","SU-2018-DURUM-DT707-DT696-423-QTL","DF-DURUM-DT707-DT696","PMID:30307951","https://pmc.ncbi.nlm.nih.gov/articles/PMC6181299/","QFHB-DT696-1B","1B","","","FHB incidence/severity/index/intensity","author-defined QTL; aggregate envelope of environment-specific MQM intervals in supplementary table","population-specific high-density genetic linkage map; no physical assembly reported for QTL bounds","1B:25-27.2 cM aggregate source envelope","genetic-map interval only; the aggregate envelope is descriptive and not a physical projection","","DT696","","A0132: DT707 x DT696","423","DT696","DT707","spring durum wheat","Canada","2018","coordinate_checked","false","Tetraploid, population-specific genetic-map interval; no physical interval invented",""
"LR-2018-DT707-QFHB-DT696-2B","SU-2018-DURUM-DT707-DT696-423-QTL","DF-DURUM-DT707-DT696","PMID:30307951","https://pmc.ncbi.nlm.nih.gov/articles/PMC6181299/","QFHB-DT696-2B","2B","","","FHB incidence/severity/index/intensity","author-defined QTL; aggregate envelope of environment-specific MQM intervals in supplementary table","population-specific high-density genetic linkage map; no physical assembly reported for QTL bounds","2B:162.8-188.6 cM aggregate source envelope","genetic-map interval only; the aggregate envelope is descriptive and not a physical projection","","DT696","","A0132: DT707 x DT696","423","DT696","DT707","spring durum wheat","Canada","2018","coordinate_checked","false","Tetraploid, population-specific genetic-map interval; no physical interval invented",""
"LR-2018-DT707-QFHB-DT696-7A","SU-2018-DURUM-DT707-DT696-423-QTL","DF-DURUM-DT707-DT696","PMID:30307951","https://pmc.ncbi.nlm.nih.gov/articles/PMC6181299/","QFHB-DT696-7A","7A","","","FHB incidence/severity/index/intensity","author-defined QTL; aggregate envelope of environment-specific MQM intervals in supplementary table","population-specific high-density genetic linkage map; no physical assembly reported for QTL bounds","7A:60.3-78.9 cM aggregate source envelope","genetic-map interval only; the aggregate envelope is descriptive and not a physical projection","","DT696","","A0132: DT707 x DT696","423","DT696","DT707","spring durum wheat","Canada","2018","coordinate_checked","false","Tetraploid, population-specific genetic-map interval; no physical interval invented",""
"LR-2018-STRONGFIELD-QFHB-BB-1A","SU-2018-DURUM-STRONGFIELD-BLACKBIRD-102-QTL","DF-DURUM-STRONGFIELD-BLACKBIRD","PMID:30307951","https://pmc.ncbi.nlm.nih.gov/articles/PMC6181299/","QFHB-BB-1A","1A","","","FHB incidence/severity/index/intensity","author-defined QTL; aggregate envelope of environment-specific MQM intervals in supplementary table","population-specific high-density genetic linkage map; no physical assembly reported for QTL bounds","1A:0-9 cM aggregate source envelope","genetic-map interval only; the aggregate envelope is descriptive and not a physical projection","","Blackbird","","A0022: Strongfield x Blackbird","102","Blackbird (overall; Strongfield contributes alleles at 2B, 6A and 7B)","Strongfield (overall)","spring durum wheat","Canada","2018","coordinate_checked","false","Tetraploid, population-specific genetic-map interval; no physical interval invented",""
"LR-2018-STRONGFIELD-QFHB-BB-2A","SU-2018-DURUM-STRONGFIELD-BLACKBIRD-102-QTL","DF-DURUM-STRONGFIELD-BLACKBIRD","PMID:30307951","https://pmc.ncbi.nlm.nih.gov/articles/PMC6181299/","QFHB-BB-2A","2A","","","FHB incidence/severity/index/intensity","author-defined QTL; aggregate envelope of environment-specific MQM intervals in supplementary table","population-specific high-density genetic linkage map; no physical assembly reported for QTL bounds","2A:129.2-133.2 cM aggregate source envelope","genetic-map interval only; the aggregate envelope is descriptive and not a physical projection","","Blackbird","","A0022: Strongfield x Blackbird","102","Blackbird (overall; Strongfield contributes alleles at 2B, 6A and 7B)","Strongfield (overall)","spring durum wheat","Canada","2018","coordinate_checked","false","Tetraploid, population-specific genetic-map interval; no physical interval invented",""
"LR-2018-STRONGFIELD-QFHB-BB-3A","SU-2018-DURUM-STRONGFIELD-BLACKBIRD-102-QTL","DF-DURUM-STRONGFIELD-BLACKBIRD","PMID:30307951","https://pmc.ncbi.nlm.nih.gov/articles/PMC6181299/","QFHB-BB-3A","3A","","","FHB incidence/severity/index/intensity","author-defined QTL; aggregate envelope of environment-specific MQM intervals in supplementary table","population-specific high-density genetic linkage map; no physical assembly reported for QTL bounds","3A:54.1-81.9 cM aggregate source envelope","genetic-map interval only; the aggregate envelope is descriptive and not a physical projection","","Blackbird","","A0022: Strongfield x Blackbird","102","Blackbird (overall; Strongfield contributes alleles at 2B, 6A and 7B)","Strongfield (overall)","spring durum wheat","Canada","2018","coordinate_checked","false","Tetraploid, population-specific genetic-map interval; no physical interval invented",""
"LR-2018-STRONGFIELD-QFHB-SF-6A","SU-2018-DURUM-STRONGFIELD-BLACKBIRD-102-QTL","DF-DURUM-STRONGFIELD-BLACKBIRD","PMID:30307951","https://pmc.ncbi.nlm.nih.gov/articles/PMC6181299/","QFHB-SF-6A","6A","","","FHB incidence/severity/index/intensity","author-defined QTL; aggregate envelope of environment-specific MQM intervals in supplementary table","population-specific high-density genetic linkage map; no physical assembly reported for QTL bounds","6A:78.2-80.1 cM aggregate source envelope","genetic-map interval only; the aggregate envelope is descriptive and not a physical projection","","Strongfield","","A0022: Strongfield x Blackbird","102","Blackbird (overall; Strongfield contributes alleles at 2B, 6A and 7B)","Strongfield (overall)","spring durum wheat","Canada","2018","coordinate_checked","false","Tetraploid, population-specific genetic-map interval; no physical interval invented",""
"LR-2018-STRONGFIELD-QFHB-SF-7B","SU-2018-DURUM-STRONGFIELD-BLACKBIRD-102-QTL","DF-DURUM-STRONGFIELD-BLACKBIRD","PMID:30307951","https://pmc.ncbi.nlm.nih.gov/articles/PMC6181299/","QFHB-SF-7B","7B","","","FHB incidence/severity/index/intensity","author-defined QTL; aggregate envelope of environment-specific MQM intervals in supplementary table","population-specific high-density genetic linkage map; no physical assembly reported for QTL bounds","7B:88.2-99.8 cM aggregate source envelope","genetic-map interval only; the aggregate envelope is descriptive and not a physical projection","","Strongfield","","A0022: Strongfield x Blackbird","102","Blackbird (overall; Strongfield contributes alleles at 2B, 6A and 7B)","Strongfield (overall)","spring durum wheat","Canada","2018","coordinate_checked","false","Tetraploid, population-specific genetic-map interval; no physical interval invented",""
"LR-2018-STRONGFIELD-QFHB-SF-2B-TypeII","SU-2018-DURUM-STRONGFIELD-BLACKBIRD-102-QTL","DF-DURUM-STRONGFIELD-BLACKBIRD","PMID:30307951","https://pmc.ncbi.nlm.nih.gov/articles/PMC6181299/","QFHB-SF-2B-TypeII","2B","","","FHB incidence/severity/index/intensity","author-defined QTL; aggregate envelope of environment-specific MQM intervals in supplementary table","population-specific high-density genetic linkage map; no physical assembly reported for QTL bounds","2B:106.2-118.9 cM aggregate source envelope","genetic-map interval only; the aggregate envelope is descriptive and not a physical projection","","Strongfield","","A0022: Strongfield x Blackbird","102","Blackbird (overall; Strongfield contributes alleles at 2B, 6A and 7B)","Strongfield (overall)","spring durum wheat","Canada","2018","coordinate_checked","false","Tetraploid, population-specific genetic-map interval; no physical interval invented",""
"LR-2018-STRONGFIELD-QFHB-BB-6B-TypeII","SU-2018-DURUM-STRONGFIELD-BLACKBIRD-102-QTL","DF-DURUM-STRONGFIELD-BLACKBIRD","PMID:30307951","https://pmc.ncbi.nlm.nih.gov/articles/PMC6181299/","QFHB-BB-6B-TypeII","6B","","","FHB incidence/severity/index/intensity","author-defined QTL; aggregate envelope of environment-specific MQM intervals in supplementary table","population-specific high-density genetic linkage map; no physical assembly reported for QTL bounds","6B:53.7-54.7 cM aggregate source envelope","genetic-map interval only; the aggregate envelope is descriptive and not a physical projection","","Blackbird","","A0022: Strongfield x Blackbird","102","Blackbird (overall; Strongfield contributes alleles at 2B, 6A and 7B)","Strongfield (overall)","spring durum wheat","Canada","2018","coordinate_checked","false","Tetraploid, population-specific genetic-map interval; no physical interval invented",""
"LR-2020-DT696-5A2","SU-2020-DURUM-DT696-DERIVATIVES-223-GWAS","DF-DURUM-DT696-DERIVATIVES","PMID:32372012","https://pmc.ncbi.nlm.nih.gov/articles/PMC7200731/","5A2","5A","582961427","598904939","FHB severity/index","author-defined GWAS refinement; source significant-marker envelope","IWGSC Chinese Spring RefSeq v1.0","5A:582.96-598.90 Mb on IWGSC RefSeq v1.0 (15.94-Mb marker envelope; paper rounds to 15.8 Mb)","complete marker envelope retained; paper reports 15.8 Mb after rounding/author boundary selection","","","","223 phenotyped/genotyped DT696 derivatives selected from 72 breeding populations","223","not applicable","not applicable","spring durum wheat","Canada","2020","analysis_ready","false","Tetraploid evidence; retained in ploidy-stratified sensitivity and locus-life-cycle layers",""
"LR-2020-DT696-DERIV-6B","SU-2020-DURUM-DT696-DERIVATIVES-223-GWAS","DF-DURUM-DT696-DERIVATIVES","PMID:32372012","https://pmc.ncbi.nlm.nih.gov/articles/PMC7200731/","DT696-derivative 6B locus","6B","156265774","470800958","FHB severity/index","author-defined single low-recombination QTL; complete significant-marker envelope","IWGSC Chinese Spring RefSeq v1.0","6B:156.27-470.80 Mb IWGSC marker envelope; source describes a single 10.4-cM low-recombination locus","low-resolution projection (314.5 Mb); not split despite physically separated marker clusters because the source treats one 10.4-cM locus","","","","223 phenotyped/genotyped DT696 derivatives selected from 72 breeding populations","223","not applicable","not applicable","spring durum wheat","Canada","2020","coordinate_checked","false","Tetraploid and >200-Mb low-resolution interval; excluded by prespecified primary width/ploidy gates",""
"LR-2026-NB332-1B-AX-95245523","SU-2026-NORDIC-BALTIC-WHEAT-332-GWAS","DF-NORDIC-BALTIC-332-LONGITUDINAL","PMID:42528954","https://pmc.ncbi.nlm.nih.gov/articles/PMC13415879/","QFHB_1B@1B:15745730","1B","","","FHB severity","author-reported LD interval from Supplementary Table S2; target-assembly promotion withheld","assembly version not explicitly stated for the 2026 GWAS marker map; coordinates are consistent with the authors' earlier RefSeq-v1.1 Nordic-Baltic dataset but require explicit source confirmation","1B:14875730-16615730 bp","source gives physical bounds but does not explicitly state the GWAS marker-map assembly version in the accessible methods text; three shared markers match the earlier panel's v1.1 positions, which supports but does not prove whole-table equivalence","","","-2.22","332 genotypes after genetic QC (335 initially evaluated)","332","not applicable","not applicable","primarily Nordic-Baltic wheat breeding lines and varieties","Nordic-Baltic and European/exotic panel","2026","assembly_provenance_pending","false","Exact marker-map assembly version requires source/author confirmation before target-coordinate analysis",""
"LR-2026-NB332-1B-Tdurum-contig70304-781","SU-2026-NORDIC-BALTIC-WHEAT-332-GWAS","DF-NORDIC-BALTIC-332-LONGITUDINAL","PMID:42528954","https://pmc.ncbi.nlm.nih.gov/articles/PMC13415879/","QFHB_1B@1B:447000000","1B","","","FHB severity","author-reported LD interval from Supplementary Table S2; target-assembly promotion withheld","assembly version not explicitly stated for the 2026 GWAS marker map; coordinates are consistent with the authors' earlier RefSeq-v1.1 Nordic-Baltic dataset but require explicit source confirmation","1B:446453283-448000000 bp","source gives physical bounds but does not explicitly state the GWAS marker-map assembly version in the accessible methods text; three shared markers match the earlier panel's v1.1 positions, which supports but does not prove whole-table equivalence","","","2.66","332 genotypes after genetic QC (335 initially evaluated)","332","not applicable","not applicable","primarily Nordic-Baltic wheat breeding lines and varieties","Nordic-Baltic and European/exotic panel","2026","assembly_provenance_pending","false","Exact marker-map assembly version requires source/author confirmation before target-coordinate analysis",""
"LR-2026-NB332-2B-RAC875-rep-c72879-435","SU-2026-NORDIC-BALTIC-WHEAT-332-GWAS","DF-NORDIC-BALTIC-332-LONGITUDINAL","PMID:42528954","https://pmc.ncbi.nlm.nih.gov/articles/PMC13415879/","QFHB_2B@2B:647000000","2B","","","FHB severity","author-reported LD interval from Supplementary Table S2; target-assembly promotion withheld","assembly version not explicitly stated for the 2026 GWAS marker map; coordinates are consistent with the authors' earlier RefSeq-v1.1 Nordic-Baltic dataset but require explicit source confirmation","2B:646324183-648000000 bp","source gives physical bounds but does not explicitly state the GWAS marker-map assembly version in the accessible methods text; three shared markers match the earlier panel's v1.1 positions, which supports but does not prove whole-table equivalence","","","3.01","332 genotypes after genetic QC (335 initially evaluated)","332","not applicable","not applicable","primarily Nordic-Baltic wheat breeding lines and varieties","Nordic-Baltic and European/exotic panel","2026","assembly_provenance_pending","false","Exact marker-map assembly version requires source/author confirmation before target-coordinate analysis",""
"LR-2026-NB332-3A-Excalibur-c52772-1592","SU-2026-NORDIC-BALTIC-WHEAT-332-GWAS","DF-NORDIC-BALTIC-332-LONGITUDINAL","PMID:42528954","https://pmc.ncbi.nlm.nih.gov/articles/PMC13415879/","QFHB_3A@3A:341000000","3A","","","FHB severity","author-reported LD interval from Supplementary Table S2; target-assembly promotion withheld","assembly version not explicitly stated for the 2026 GWAS marker map; coordinates are consistent with the authors' earlier RefSeq-v1.1 Nordic-Baltic dataset but require explicit source confirmation","3A:340954496-342000000 bp","source gives physical bounds but does not explicitly state the GWAS marker-map assembly version in the accessible methods text; three shared markers match the earlier panel's v1.1 positions, which supports but does not prove whole-table equivalence","","","4.32","332 genotypes after genetic QC (335 initially evaluated)","332","not applicable","not applicable","primarily Nordic-Baltic wheat breeding lines and varieties","Nordic-Baltic and European/exotic panel","2026","assembly_provenance_pending","false","Exact marker-map assembly version requires source/author confirmation before target-coordinate analysis",""
"LR-2026-NB332-3B-AX-158548708","SU-2026-NORDIC-BALTIC-WHEAT-332-GWAS","DF-NORDIC-BALTIC-332-LONGITUDINAL","PMID:42528954","https://pmc.ncbi.nlm.nih.gov/articles/PMC13415879/","QFHB_3B@3B:649000000","3B","","","FHB severity","author-reported LD interval from Supplementary Table S2; target-assembly promotion withheld","assembly version not explicitly stated for the 2026 GWAS marker map; coordinates are consistent with the authors' earlier RefSeq-v1.1 Nordic-Baltic dataset but require explicit source confirmation","3B:647707827-650000000 bp","source gives physical bounds but does not explicitly state the GWAS marker-map assembly version in the accessible methods text; three shared markers match the earlier panel's v1.1 positions, which supports but does not prove whole-table equivalence","","","3.17","332 genotypes after genetic QC (335 initially evaluated)","332","not applicable","not applicable","primarily Nordic-Baltic wheat breeding lines and varieties","Nordic-Baltic and European/exotic panel","2026","assembly_provenance_pending","false","Exact marker-map assembly version requires source/author confirmation before target-coordinate analysis",""
"LR-2026-NB332-3B-AX-158579070","SU-2026-NORDIC-BALTIC-WHEAT-332-GWAS","DF-NORDIC-BALTIC-332-LONGITUDINAL","PMID:42528954","https://pmc.ncbi.nlm.nih.gov/articles/PMC13415879/","QFHB_3B@3B:825000000","3B","","","FHB severity","author-reported LD interval from Supplementary Table S2; target-assembly promotion withheld","assembly version not explicitly stated for the 2026 GWAS marker map; coordinates are consistent with the authors' earlier RefSeq-v1.1 Nordic-Baltic dataset but require explicit source confirmation","3B:824416049-826000000 bp","source gives physical bounds but does not explicitly state the GWAS marker-map assembly version in the accessible methods text; three shared markers match the earlier panel's v1.1 positions, which supports but does not prove whole-table equivalence","","","-2.31","332 genotypes after genetic QC (335 initially evaluated)","332","not applicable","not applicable","primarily Nordic-Baltic wheat breeding lines and varieties","Nordic-Baltic and European/exotic panel","2026","assembly_provenance_pending","false","Exact marker-map assembly version requires source/author confirmation before target-coordinate analysis",""
"LR-2026-NB332-5B-Kukri-rep-c72329-163","SU-2026-NORDIC-BALTIC-WHEAT-332-GWAS","DF-NORDIC-BALTIC-332-LONGITUDINAL","PMID:42528954","https://pmc.ncbi.nlm.nih.gov/articles/PMC13415879/","QFHB_5B@5B:65079083","5B","","","FHB severity","author-reported LD interval from Supplementary Table S2; target-assembly promotion withheld","assembly version not explicitly stated for the 2026 GWAS marker map; coordinates are consistent with the authors' earlier RefSeq-v1.1 Nordic-Baltic dataset but require explicit source confirmation","5B:64489083-65669083 bp","source gives physical bounds but does not explicitly state the GWAS marker-map assembly version in the accessible methods text; three shared markers match the earlier panel's v1.1 positions, which supports but does not prove whole-table equivalence","","","6.22","332 genotypes after genetic QC (335 initially evaluated)","332","not applicable","not applicable","primarily Nordic-Baltic wheat breeding lines and varieties","Nordic-Baltic and European/exotic panel","2026","assembly_provenance_pending","false","Exact marker-map assembly version requires source/author confirmation before target-coordinate analysis",""
"LR-2026-NB332-7B-AX-158556354","SU-2026-NORDIC-BALTIC-WHEAT-332-GWAS","DF-NORDIC-BALTIC-332-LONGITUDINAL","PMID:42528954","https://pmc.ncbi.nlm.nih.gov/articles/PMC13415879/","QFHB_7B@7B:713000000","7B","","","FHB severity","author-reported LD interval from Supplementary Table S2; target-assembly promotion withheld","assembly version not explicitly stated for the 2026 GWAS marker map; coordinates are consistent with the authors' earlier RefSeq-v1.1 Nordic-Baltic dataset but require explicit source confirmation","7B:712323364-713000000 bp","source gives physical bounds but does not explicitly state the GWAS marker-map assembly version in the accessible methods text; three shared markers match the earlier panel's v1.1 positions, which supports but does not prove whole-table equivalence","","","5.24","332 genotypes after genetic QC (335 initially evaluated)","332","not applicable","not applicable","primarily Nordic-Baltic wheat breeding lines and varieties","Nordic-Baltic and European/exotic panel","2026","assembly_provenance_pending","false","Exact marker-map assembly version requires source/author confirmation before target-coordinate analysis",""
"LR-2016-MGB-2AS","SU-2016-DURUM-02-5B-318-SARAGOLLA-135-QTL","DF-DURUM-02-5B-318-SARAGOLLA","PMID:27746787","https://pmc.ncbi.nlm.nih.gov/articles/PMC5040704/","QFhi/QFhs.mgb-2AS","2A","","","incidence and severity; ICIM plus MTMIM","author-defined genetic-map QTL/association region","population-specific genetic linkage map; no physical reference assembly reported for locus bounds","2A:28.4 cM on the population linkage map","genetic-map evidence only; no physical coordinate was inferred","","02-5B-318 unless source table indicates otherwise","","02-5B-318 x Saragolla durum subset","135","02-5B-318 (Sumai-3-derived hexaploid donor)","Saragolla","spring durum wheat","Italy","2016","coordinate_checked","false","Genetic-map-only evidence; no physical interval invented","LE-2019-QFHB-MGB-2A-FINEMAP|LE-2019-QFHB-MGB-2A-WAK2"
"LR-2016-MGB-3AL","SU-2016-DURUM-02-5B-318-SARAGOLLA-135-QTL","DF-DURUM-02-5B-318-SARAGOLLA","PMID:27746787","https://pmc.ncbi.nlm.nih.gov/articles/PMC5040704/","QFhi.mgb-3AL","3A","","","incidence; ICIM plus nearby MTMIM support","author-defined genetic-map QTL/association region","population-specific genetic linkage map; no physical reference assembly reported for locus bounds","3A:49.8 cM on the population linkage map","genetic-map evidence only; no physical coordinate was inferred","","02-5B-318 unless source table indicates otherwise","","02-5B-318 x Saragolla durum subset","135","02-5B-318 (Sumai-3-derived hexaploid donor)","Saragolla","spring durum wheat","Italy","2016","coordinate_checked","false","Genetic-map-only evidence; no physical interval invented",""
"LR-2016-MGB-3BS","SU-2016-DURUM-02-5B-318-SARAGOLLA-135-QTL","DF-DURUM-02-5B-318-SARAGOLLA","PMID:27746787","https://pmc.ncbi.nlm.nih.gov/articles/PMC5040704/","QFhi.mgb-3BS","3B","","","incidence; ICIM","author-defined genetic-map QTL/association region","population-specific genetic linkage map; no physical reference assembly reported for locus bounds","3B:68.4 cM on the population linkage map","genetic-map evidence only; no physical coordinate was inferred","","02-5B-318 unless source table indicates otherwise","","02-5B-318 x Saragolla durum subset","135","02-5B-318 (Sumai-3-derived hexaploid donor)","Saragolla","spring durum wheat","Italy","2016","coordinate_checked","false","Genetic-map-only evidence; no physical interval invented",""
"LR-2016-MGB-5BL-I","SU-2016-DURUM-02-5B-318-SARAGOLLA-135-QTL","DF-DURUM-02-5B-318-SARAGOLLA","PMID:27746787","https://pmc.ncbi.nlm.nih.gov/articles/PMC5040704/","QFhi.mgb-5BL","5B","","","incidence; ICIM","author-defined genetic-map QTL/association region","population-specific genetic linkage map; no physical reference assembly reported for locus bounds","5B:45.3 cM on the population linkage map","genetic-map evidence only; no physical coordinate was inferred","","02-5B-318 unless source table indicates otherwise","","02-5B-318 x Saragolla durum subset","135","02-5B-318 (Sumai-3-derived hexaploid donor)","Saragolla","spring durum wheat","Italy","2016","coordinate_checked","false","Genetic-map-only evidence; no physical interval invented",""
"LR-2016-MGB-6BS","SU-2016-DURUM-02-5B-318-SARAGOLLA-135-QTL","DF-DURUM-02-5B-318-SARAGOLLA","PMID:27746787","https://pmc.ncbi.nlm.nih.gov/articles/PMC5040704/","QFhi.mgb-6BS","6B","","","incidence; ICIM","author-defined genetic-map QTL/association region","population-specific genetic linkage map; no physical reference assembly reported for locus bounds","6B:20.2 cM on the population linkage map","genetic-map evidence only; no physical coordinate was inferred","","02-5B-318 unless source table indicates otherwise","","02-5B-318 x Saragolla durum subset","135","02-5B-318 (Sumai-3-derived hexaploid donor)","Saragolla","spring durum wheat","Italy","2016","coordinate_checked","false","Genetic-map-only evidence; no physical interval invented",""
"LR-2016-MGB-7AL-I","SU-2016-DURUM-02-5B-318-SARAGOLLA-135-QTL","DF-DURUM-02-5B-318-SARAGOLLA","PMID:27746787","https://pmc.ncbi.nlm.nih.gov/articles/PMC5040704/","QFhi.mgb-7AL","7A","","","incidence; ICIM","author-defined genetic-map QTL/association region","population-specific genetic linkage map; no physical reference assembly reported for locus bounds","7A:109.9 cM on the population linkage map","genetic-map evidence only; no physical coordinate was inferred","","Saragolla","","02-5B-318 x Saragolla durum subset","135","02-5B-318 (Sumai-3-derived hexaploid donor)","Saragolla","spring durum wheat","Italy","2016","coordinate_checked","false","Genetic-map-only evidence; no physical interval invented",""
"LR-2016-MGB-1BL","SU-2016-DURUM-02-5B-318-SARAGOLLA-135-QTL","DF-DURUM-02-5B-318-SARAGOLLA","PMID:27746787","https://pmc.ncbi.nlm.nih.gov/articles/PMC5040704/","QFhs.mgb-1BL","1B","","","severity; ICIM","author-defined genetic-map QTL/association region","population-specific genetic linkage map; no physical reference assembly reported for locus bounds","1B:120.2 cM on the population linkage map","genetic-map evidence only; no physical coordinate was inferred","","02-5B-318 unless source table indicates otherwise","","02-5B-318 x Saragolla durum subset","135","02-5B-318 (Sumai-3-derived hexaploid donor)","Saragolla","spring durum wheat","Italy","2016","coordinate_checked","false","Genetic-map-only evidence; no physical interval invented",""
"LR-2016-MGB-2BS","SU-2016-DURUM-02-5B-318-SARAGOLLA-135-QTL","DF-DURUM-02-5B-318-SARAGOLLA","PMID:27746787","https://pmc.ncbi.nlm.nih.gov/articles/PMC5040704/","QFhs.mgb-2BS","2B","","","severity; ICIM plus nearby MTMIM support","author-defined genetic-map QTL/association region","population-specific genetic linkage map; no physical reference assembly reported for locus bounds","2B:52 cM on the population linkage map","genetic-map evidence only; no physical coordinate was inferred","","Saragolla","","02-5B-318 x Saragolla durum subset","135","02-5B-318 (Sumai-3-derived hexaploid donor)","Saragolla","spring durum wheat","Italy","2016","coordinate_checked","false","Genetic-map-only evidence; no physical interval invented",""
"LR-2016-MGB-4BL","SU-2016-DURUM-02-5B-318-SARAGOLLA-135-QTL","DF-DURUM-02-5B-318-SARAGOLLA","PMID:27746787","https://pmc.ncbi.nlm.nih.gov/articles/PMC5040704/","QFhs.mgb-4BL","4B","","","severity; ICIM plus nearby MTMIM support","author-defined genetic-map QTL/association region","population-specific genetic linkage map; no physical reference assembly reported for locus bounds","4B:34.6 cM on the population linkage map","genetic-map evidence only; no physical coordinate was inferred","","02-5B-318 unless source table indicates otherwise","","02-5B-318 x Saragolla durum subset","135","02-5B-318 (Sumai-3-derived hexaploid donor)","Saragolla","spring durum wheat","Italy","2016","coordinate_checked","false","Genetic-map-only evidence; no physical interval invented",""
"LR-2016-MGB-5BS-S","SU-2016-DURUM-02-5B-318-SARAGOLLA-135-QTL","DF-DURUM-02-5B-318-SARAGOLLA","PMID:27746787","https://pmc.ncbi.nlm.nih.gov/articles/PMC5040704/","QFhs.mgb-5BS","5B","","","severity; ICIM","author-defined genetic-map QTL/association region","population-specific genetic linkage map; no physical reference assembly reported for locus bounds","5B:0 cM on the population linkage map","genetic-map evidence only; no physical coordinate was inferred","","02-5B-318 unless source table indicates otherwise","","02-5B-318 x Saragolla durum subset","135","02-5B-318 (Sumai-3-derived hexaploid donor)","Saragolla","spring durum wheat","Italy","2016","coordinate_checked","false","Genetic-map-only evidence; no physical interval invented",""
"LR-2016-MGB-1AL-MT","SU-2016-DURUM-02-5B-318-SARAGOLLA-135-QTL","DF-DURUM-02-5B-318-SARAGOLLA","PMID:27746787","https://pmc.ncbi.nlm.nih.gov/articles/PMC5040704/","MTMIM-1AL","1A","","","joint incidence/severity; MTMIM-only","author-defined genetic-map QTL/association region","population-specific genetic linkage map; no physical reference assembly reported for locus bounds","1A:161.8 cM on the population linkage map","genetic-map evidence only; no physical coordinate was inferred","","02-5B-318 unless source table indicates otherwise","","02-5B-318 x Saragolla durum subset","135","02-5B-318 (Sumai-3-derived hexaploid donor)","Saragolla","spring durum wheat","Italy","2016","coordinate_checked","false","Genetic-map-only evidence; no physical interval invented",""
"LR-2016-MGB-4AS-MT","SU-2016-DURUM-02-5B-318-SARAGOLLA-135-QTL","DF-DURUM-02-5B-318-SARAGOLLA","PMID:27746787","https://pmc.ncbi.nlm.nih.gov/articles/PMC5040704/","MTMIM-4AS","4A","","","joint incidence/severity; MTMIM-only","author-defined genetic-map QTL/association region","population-specific genetic linkage map; no physical reference assembly reported for locus bounds","4A:63.6 cM on the population linkage map","genetic-map evidence only; no physical coordinate was inferred","","02-5B-318 unless source table indicates otherwise","","02-5B-318 x Saragolla durum subset","135","02-5B-318 (Sumai-3-derived hexaploid donor)","Saragolla","spring durum wheat","Italy","2016","coordinate_checked","false","Genetic-map-only evidence; no physical interval invented",""
"LR-2016-MGB-4AL-MT","SU-2016-DURUM-02-5B-318-SARAGOLLA-135-QTL","DF-DURUM-02-5B-318-SARAGOLLA","PMID:27746787","https://pmc.ncbi.nlm.nih.gov/articles/PMC5040704/","MTMIM-4AL","4A","","","joint incidence/severity; MTMIM-only","author-defined genetic-map QTL/association region","population-specific genetic linkage map; no physical reference assembly reported for locus bounds","4A:135.7 cM on the population linkage map","genetic-map evidence only; no physical coordinate was inferred","","02-5B-318 unless source table indicates otherwise","","02-5B-318 x Saragolla durum subset","135","02-5B-318 (Sumai-3-derived hexaploid donor)","Saragolla","spring durum wheat","Italy","2016","coordinate_checked","false","Genetic-map-only evidence; no physical interval invented",""
"LR-2016-MGB-5BL-MT","SU-2016-DURUM-02-5B-318-SARAGOLLA-135-QTL","DF-DURUM-02-5B-318-SARAGOLLA","PMID:27746787","https://pmc.ncbi.nlm.nih.gov/articles/PMC5040704/","MTMIM-5BL","5B","","","joint incidence/severity; MTMIM-only on a distinct linkage group","author-defined genetic-map QTL/association region","population-specific genetic linkage map; no physical reference assembly reported for locus bounds","5B:44 cM on the population linkage map","genetic-map evidence only; no physical coordinate was inferred","","02-5B-318 unless source table indicates otherwise","","02-5B-318 x Saragolla durum subset","135","02-5B-318 (Sumai-3-derived hexaploid donor)","Saragolla","spring durum wheat","Italy","2016","coordinate_checked","false","Genetic-map-only evidence; no physical interval invented",""
"LR-2016-MGB-7AL-MT","SU-2016-DURUM-02-5B-318-SARAGOLLA-135-QTL","DF-DURUM-02-5B-318-SARAGOLLA","PMID:27746787","https://pmc.ncbi.nlm.nih.gov/articles/PMC5040704/","MTMIM-7AL","7A","","","joint incidence/severity; MTMIM-only on a distinct linkage group","author-defined genetic-map QTL/association region","population-specific genetic linkage map; no physical reference assembly reported for locus bounds","7A:106.1 cM on the population linkage map","genetic-map evidence only; no physical coordinate was inferred","","02-5B-318 unless source table indicates otherwise","","02-5B-318 x Saragolla durum subset","135","02-5B-318 (Sumai-3-derived hexaploid donor)","Saragolla","spring durum wheat","Italy","2016","coordinate_checked","false","Genetic-map-only evidence; no physical interval invented",""
"LR-2016-SORU1-2AS","SU-2016-SORU1-NAXOS-131-QTL","DF-SORU1-NAXOS-131","PMID:27351632","https://pmc.ncbi.nlm.nih.gov/articles/PMC4924825/","Soru#1-2AS","2A","","","covariate-adjusted FHB; minor region","author-defined genetic-map QTL/association region","population-specific genetic linkage map; no physical reference assembly reported for locus bounds","2A:7.2-8.6 cM on the population linkage map","genetic-map evidence only; no physical coordinate was inferred","","Naxos","","Soru#1 x Naxos F6 RILs","131","Soru#1","Naxos","spring wheat","Mexico, Norway and China","2016","coordinate_checked","false","Genetic-map-only evidence; no physical interval invented",""
"LR-2016-SORU1-2DS","SU-2016-SORU1-NAXOS-131-QTL","DF-SORU1-NAXOS-131","PMID:27351632","https://pmc.ncbi.nlm.nih.gov/articles/PMC4924825/","Soru#1-2DS","2D","","","point-inoculated Type II severity","author-defined genetic-map QTL/association region","population-specific genetic linkage map; no physical reference assembly reported for locus bounds","2D:16-22 cM on the population linkage map","genetic-map evidence only; no physical coordinate was inferred","","Naxos","","Soru#1 x Naxos F6 RILs","131","Soru#1","Naxos","spring wheat","Mexico, Norway and China","2016","coordinate_checked","false","Genetic-map-only evidence; no physical interval invented",""
"LR-2016-SORU1-2DLc","SU-2016-SORU1-NAXOS-131-QTL","DF-SORU1-NAXOS-131","PMID:27351632","https://pmc.ncbi.nlm.nih.gov/articles/PMC4924825/","Soru#1-2DLc","2D","","","major Type I/FDK/DON region; unadjusted and adjusted","author-defined genetic-map QTL/association region","population-specific genetic linkage map; no physical reference assembly reported for locus bounds","2D:53.2-58.2 cM on the population linkage map","genetic-map evidence only; no physical coordinate was inferred","","Soru#1","","Soru#1 x Naxos F6 RILs","131","Soru#1","Naxos","spring wheat","Mexico, Norway and China","2016","coordinate_checked","false","Genetic-map-only evidence; no physical interval invented",""
"LR-2016-SORU1-2DL","SU-2016-SORU1-NAXOS-131-QTL","DF-SORU1-NAXOS-131","PMID:27351632","https://pmc.ncbi.nlm.nih.gov/articles/PMC4924825/","Soru#1-2DL","2D","","","FHB and DON; unadjusted and adjusted","author-defined genetic-map QTL/association region","population-specific genetic linkage map; no physical reference assembly reported for locus bounds","2D:162.6-164.4 cM on the population linkage map","genetic-map evidence only; no physical coordinate was inferred","","Naxos","","Soru#1 x Naxos F6 RILs","131","Soru#1","Naxos","spring wheat","Mexico, Norway and China","2016","coordinate_checked","false","Genetic-map-only evidence; no physical interval invented",""
"LR-2016-SORU1-3AS","SU-2016-SORU1-NAXOS-131-QTL","DF-SORU1-NAXOS-131","PMID:27351632","https://pmc.ncbi.nlm.nih.gov/articles/PMC4924825/","Soru#1-3AS","3A","","","point-inoculated Type II severity","author-defined genetic-map QTL/association region","population-specific genetic linkage map; no physical reference assembly reported for locus bounds","3A:12.5-18 cM on the population linkage map","genetic-map evidence only; no physical coordinate was inferred","","Soru#1","","Soru#1 x Naxos F6 RILs","131","Soru#1","Naxos","spring wheat","Mexico, Norway and China","2016","coordinate_checked","false","Genetic-map-only evidence; no physical interval invented",""
"LR-2016-SORU1-4AL","SU-2016-SORU1-NAXOS-131-QTL","DF-SORU1-NAXOS-131","PMID:27351632","https://pmc.ncbi.nlm.nih.gov/articles/PMC4924825/","Soru#1-4AL","4A","","","FHB across inoculation methods","author-defined genetic-map QTL/association region","population-specific genetic linkage map; no physical reference assembly reported for locus bounds","4A:101.2-102.6 cM on the population linkage map","genetic-map evidence only; no physical coordinate was inferred","","Soru#1","","Soru#1 x Naxos F6 RILs","131","Soru#1","Naxos","spring wheat","Mexico, Norway and China","2016","coordinate_checked","false","Genetic-map-only evidence; no physical interval invented",""
"LR-2016-SORU1-4DS","SU-2016-SORU1-NAXOS-131-QTL","DF-SORU1-NAXOS-131","PMID:27351632","https://pmc.ncbi.nlm.nih.gov/articles/PMC4924825/","Soru#1-4DS","4D","","","FDK/unadjusted and FHB/DON after covariate adjustment","author-defined genetic-map QTL/association region","population-specific genetic linkage map; no physical reference assembly reported for locus bounds","4D:0-15.9 cM on the population linkage map","genetic-map evidence only; no physical coordinate was inferred","","model-dependent","","Soru#1 x Naxos F6 RILs","131","Soru#1","Naxos","spring wheat","Mexico, Norway and China","2016","coordinate_checked","false","Genetic-map-only evidence; no physical interval invented",""
"LR-2016-SORU1-5AL","SU-2016-SORU1-NAXOS-131-QTL","DF-SORU1-NAXOS-131","PMID:27351632","https://pmc.ncbi.nlm.nih.gov/articles/PMC4924825/","Soru#1-5AL","5A","","","FHB/FDK/DON across models and point inoculation","author-defined genetic-map QTL/association region","population-specific genetic linkage map; no physical reference assembly reported for locus bounds","5A:167.2-175.2 cM on the population linkage map","genetic-map evidence only; no physical coordinate was inferred","","Soru#1","","Soru#1 x Naxos F6 RILs","131","Soru#1","Naxos","spring wheat","Mexico, Norway and China","2016","coordinate_checked","false","Genetic-map-only evidence; no physical interval invented",""
"LR-2016-SORU1-5DL","SU-2016-SORU1-NAXOS-131-QTL","DF-SORU1-NAXOS-131","PMID:27351632","https://pmc.ncbi.nlm.nih.gov/articles/PMC4924825/","Soru#1-5DL","5D","","","covariate-adjusted FHB/DON minor region","author-defined genetic-map QTL/association region","population-specific genetic linkage map; no physical reference assembly reported for locus bounds","5D:5.8-10.6 cM on the population linkage map","genetic-map evidence only; no physical coordinate was inferred","","Soru#1","","Soru#1 x Naxos F6 RILs","131","Soru#1","Naxos","spring wheat","Mexico, Norway and China","2016","coordinate_checked","false","Genetic-map-only evidence; no physical interval invented",""
"LR-2018-C615-QFhbp-jaas.1AL","SU-2018-C615-YANGMAI13-198-QTL","DF-C615-YANGMAI13-198","PMID:29780395","https://pmc.ncbi.nlm.nih.gov/articles/PMC5946024/","QFhbp-jaas.1AL","1A","","","point-inoculated FHB severity","author-defined genetic-map QTL/association region","population-specific genetic linkage map; no physical reference assembly reported for locus bounds","1A:94.5-107.8 cM on the population linkage map","genetic-map evidence only; no physical coordinate was inferred","","Yangmai 13","","C615 x Yangmai 13 F7 RILs","198","C615","Yangmai 13","spring wheat","Yangzhou, China","2018","coordinate_checked","false","Genetic-map-only evidence; no physical interval invented",""
"LR-2018-C615-QFhbp-jaas.2DS-1","SU-2018-C615-YANGMAI13-198-QTL","DF-C615-YANGMAI13-198","PMID:29780395","https://pmc.ncbi.nlm.nih.gov/articles/PMC5946024/","QFhbp-jaas.2DS-1","2D","","","point-inoculated FHB severity","author-defined genetic-map QTL/association region","population-specific genetic linkage map; no physical reference assembly reported for locus bounds","2D:0-17.4 cM on the population linkage map","genetic-map evidence only; no physical coordinate was inferred","","C615","","C615 x Yangmai 13 F7 RILs","198","C615","Yangmai 13","spring wheat","Yangzhou, China","2018","coordinate_checked","false","Genetic-map-only evidence; no physical interval invented",""
"LR-2018-C615-QFhbp-jaas.2DL-1","SU-2018-C615-YANGMAI13-198-QTL","DF-C615-YANGMAI13-198","PMID:29780395","https://pmc.ncbi.nlm.nih.gov/articles/PMC5946024/","QFhbp-jaas.2DL-1","2D","","","point-inoculated FHB severity","author-defined genetic-map QTL/association region","population-specific genetic linkage map; no physical reference assembly reported for locus bounds","2D:40.8-55 cM on the population linkage map","genetic-map evidence only; no physical coordinate was inferred","","C615","","C615 x Yangmai 13 F7 RILs","198","C615","Yangmai 13","spring wheat","Yangzhou, China","2018","coordinate_checked","false","Genetic-map-only evidence; no physical interval invented",""
"LR-2018-C615-QFhbp-jaas.4AL-1","SU-2018-C615-YANGMAI13-198-QTL","DF-C615-YANGMAI13-198","PMID:29780395","https://pmc.ncbi.nlm.nih.gov/articles/PMC5946024/","QFhbp-jaas.4AL-1","4A","","","point-inoculated FHB severity","author-defined genetic-map QTL/association region","population-specific genetic linkage map; no physical reference assembly reported for locus bounds","4A:5.8-30 cM on the population linkage map","genetic-map evidence only; no physical coordinate was inferred","","C615","","C615 x Yangmai 13 F7 RILs","198","C615","Yangmai 13","spring wheat","Yangzhou, China","2018","coordinate_checked","false","Genetic-map-only evidence; no physical interval invented",""
"LR-2018-C615-QFhbp-jaas.5AL-1","SU-2018-C615-YANGMAI13-198-QTL","DF-C615-YANGMAI13-198","PMID:29780395","https://pmc.ncbi.nlm.nih.gov/articles/PMC5946024/","QFhbp-jaas.5AL-1","5A","","","point-inoculated FHB severity","author-defined genetic-map QTL/association region","population-specific genetic linkage map; no physical reference assembly reported for locus bounds","5A:26.5-36.8 cM on the population linkage map","genetic-map evidence only; no physical coordinate was inferred","","Yangmai 13","","C615 x Yangmai 13 F7 RILs","198","C615","Yangmai 13","spring wheat","Yangzhou, China","2018","coordinate_checked","false","Genetic-map-only evidence; no physical interval invented",""
"LR-2018-C615-QFhbp-jaas.5DL-1","SU-2018-C615-YANGMAI13-198-QTL","DF-C615-YANGMAI13-198","PMID:29780395","https://pmc.ncbi.nlm.nih.gov/articles/PMC5946024/","QFhbp-jaas.5DL-1","5D","","","point-inoculated FHB severity","author-defined genetic-map QTL/association region","population-specific genetic linkage map; no physical reference assembly reported for locus bounds","5D:53-69.8 cM on the population linkage map","genetic-map evidence only; no physical coordinate was inferred","","C615","","C615 x Yangmai 13 F7 RILs","198","C615","Yangmai 13","spring wheat","Yangzhou, China","2018","coordinate_checked","false","Genetic-map-only evidence; no physical interval invented",""
"LR-2018-C615-QFhbp-jaas.6AS-1","SU-2018-C615-YANGMAI13-198-QTL","DF-C615-YANGMAI13-198","PMID:29780395","https://pmc.ncbi.nlm.nih.gov/articles/PMC5946024/","QFhbp-jaas.6AS-1","6A","","","point-inoculated FHB severity","author-defined genetic-map QTL/association region","population-specific genetic linkage map; no physical reference assembly reported for locus bounds","6A:22-30.6 cM on the population linkage map","genetic-map evidence only; no physical coordinate was inferred","","Yangmai 13","","C615 x Yangmai 13 F7 RILs","198","C615","Yangmai 13","spring wheat","Yangzhou, China","2018","coordinate_checked","false","Genetic-map-only evidence; no physical interval invented",""
"LR-2018-C615-QFhbs-jaas.1AS","SU-2018-C615-YANGMAI13-198-QTL","DF-C615-YANGMAI13-198","PMID:29780395","https://pmc.ncbi.nlm.nih.gov/articles/PMC5946024/","QFhbs-jaas.1AS","1A","","","spray-inoculated FHB severity","author-defined genetic-map QTL/association region","population-specific genetic linkage map; no physical reference assembly reported for locus bounds","1A:20-35.1 cM on the population linkage map","genetic-map evidence only; no physical coordinate was inferred","","C615","","C615 x Yangmai 13 F7 RILs","198","C615","Yangmai 13","spring wheat","Yangzhou, China","2018","coordinate_checked","false","Genetic-map-only evidence; no physical interval invented",""
"LR-2018-C615-QFhbs-jaas.1AL","SU-2018-C615-YANGMAI13-198-QTL","DF-C615-YANGMAI13-198","PMID:29780395","https://pmc.ncbi.nlm.nih.gov/articles/PMC5946024/","QFhbs-jaas.1AL","1A","","","spray-inoculated FHB severity","author-defined genetic-map QTL/association region","population-specific genetic linkage map; no physical reference assembly reported for locus bounds","1A:81.6-97.2 cM on the population linkage map","genetic-map evidence only; no physical coordinate was inferred","","Yangmai 13","","C615 x Yangmai 13 F7 RILs","198","C615","Yangmai 13","spring wheat","Yangzhou, China","2018","coordinate_checked","false","Genetic-map-only evidence; no physical interval invented",""
"LR-2018-C615-QFhbs-jaas.2AL","SU-2018-C615-YANGMAI13-198-QTL","DF-C615-YANGMAI13-198","PMID:29780395","https://pmc.ncbi.nlm.nih.gov/articles/PMC5946024/","QFhbs-jaas.2AL","2A","","","spray-inoculated FHB severity","author-defined genetic-map QTL/association region","population-specific genetic linkage map; no physical reference assembly reported for locus bounds","2A:121.5-135.9 cM on the population linkage map","genetic-map evidence only; no physical coordinate was inferred","","C615","","C615 x Yangmai 13 F7 RILs","198","C615","Yangmai 13","spring wheat","Yangzhou, China","2018","coordinate_checked","false","Genetic-map-only evidence; no physical interval invented",""
"LR-2018-C615-QFhbs-jaas.2DL-1","SU-2018-C615-YANGMAI13-198-QTL","DF-C615-YANGMAI13-198","PMID:29780395","https://pmc.ncbi.nlm.nih.gov/articles/PMC5946024/","QFhbs-jaas.2DL-1","2D","","","spray-inoculated FHB severity","author-defined genetic-map QTL/association region","population-specific genetic linkage map; no physical reference assembly reported for locus bounds","2D:40.8-55 cM on the population linkage map","genetic-map evidence only; no physical coordinate was inferred","","C615","","C615 x Yangmai 13 F7 RILs","198","C615","Yangmai 13","spring wheat","Yangzhou, China","2018","coordinate_checked","false","Genetic-map-only evidence; no physical interval invented",""
"LR-2018-C615-QFhbs-jaas.4AL-1","SU-2018-C615-YANGMAI13-198-QTL","DF-C615-YANGMAI13-198","PMID:29780395","https://pmc.ncbi.nlm.nih.gov/articles/PMC5946024/","QFhbs-jaas.4AL-1","4A","","","spray-inoculated FHB severity","author-defined genetic-map QTL/association region","population-specific genetic linkage map; no physical reference assembly reported for locus bounds","4A:5.8-30 cM on the population linkage map","genetic-map evidence only; no physical coordinate was inferred","","C615","","C615 x Yangmai 13 F7 RILs","198","C615","Yangmai 13","spring wheat","Yangzhou, China","2018","coordinate_checked","false","Genetic-map-only evidence; no physical interval invented",""
"LR-2018-C615-QFhbs-jaas.6AS-1","SU-2018-C615-YANGMAI13-198-QTL","DF-C615-YANGMAI13-198","PMID:29780395","https://pmc.ncbi.nlm.nih.gov/articles/PMC5946024/","QFhbs-jaas.6AS-1","6A","","","spray-inoculated FHB severity","author-defined genetic-map QTL/association region","population-specific genetic linkage map; no physical reference assembly reported for locus bounds","6A:0-10 cM on the population linkage map","genetic-map evidence only; no physical coordinate was inferred","","C615","","C615 x Yangmai 13 F7 RILs","198","C615","Yangmai 13","spring wheat","Yangzhou, China","2018","coordinate_checked","false","Genetic-map-only evidence; no physical interval invented",""
"LR-2018-C615-COND-QFhbp-Sc-jaas.1AS","SU-2018-C615-YANGMAI13-198-QTL","DF-C615-YANGMAI13-198","PMID:29780395","https://pmc.ncbi.nlm.nih.gov/articles/PMC5946024/","QFhbp|Sc-jaas.1AS","1A","","","conditional-only FHB|spike-compactness QTL","author-defined genetic-map QTL/association region","population-specific genetic linkage map; no physical reference assembly reported for locus bounds","1A:40-47 cM on the population linkage map","genetic-map evidence only; no physical coordinate was inferred","","C615","","C615 x Yangmai 13 F7 RILs","198","C615","Yangmai 13","spring wheat","Yangzhou, China","2018","coordinate_checked_conditional_only","false","Conditional-only, genetic-map-only evidence; retained as sensitivity/modifier evidence, not ordinary discovery QTL",""
"LR-2018-C615-COND-QFhbp-Sc-jaas.7BL-1","SU-2018-C615-YANGMAI13-198-QTL","DF-C615-YANGMAI13-198","PMID:29780395","https://pmc.ncbi.nlm.nih.gov/articles/PMC5946024/","QFhbp|Sc-jaas.7BL-1","7B","","","conditional-only FHB|spike-compactness QTL","author-defined genetic-map QTL/association region","population-specific genetic linkage map; no physical reference assembly reported for locus bounds","7B:60-70.1 cM on the population linkage map","genetic-map evidence only; no physical coordinate was inferred","","C615","","C615 x Yangmai 13 F7 RILs","198","C615","Yangmai 13","spring wheat","Yangzhou, China","2018","coordinate_checked_conditional_only","false","Conditional-only, genetic-map-only evidence; retained as sensitivity/modifier evidence, not ordinary discovery QTL",""
"LR-2018-C615-COND-QFhbs-Sc-jaas.3AL","SU-2018-C615-YANGMAI13-198-QTL","DF-C615-YANGMAI13-198","PMID:29780395","https://pmc.ncbi.nlm.nih.gov/articles/PMC5946024/","QFhbs|Sc-jaas.3AL","3A","","","conditional-only FHB|spike-compactness QTL","author-defined genetic-map QTL/association region","population-specific genetic linkage map; no physical reference assembly reported for locus bounds","3A:42.9-53 cM on the population linkage map","genetic-map evidence only; no physical coordinate was inferred","","Yangmai 13","","C615 x Yangmai 13 F7 RILs","198","C615","Yangmai 13","spring wheat","Yangzhou, China","2018","coordinate_checked_conditional_only","false","Conditional-only, genetic-map-only evidence; retained as sensitivity/modifier evidence, not ordinary discovery QTL",""
"LR-2018-C615-COND-QFhbs-Sc-jaas.6DS-1","SU-2018-C615-YANGMAI13-198-QTL","DF-C615-YANGMAI13-198","PMID:29780395","https://pmc.ncbi.nlm.nih.gov/articles/PMC5946024/","QFhbs|Sc-jaas.6DS-1","6D","","","conditional-only FHB|spike-compactness QTL","author-defined genetic-map QTL/association region","population-specific genetic linkage map; no physical reference assembly reported for locus bounds","6D:0-12.9 cM on the population linkage map","genetic-map evidence only; no physical coordinate was inferred","","Yangmai 13","","C615 x Yangmai 13 F7 RILs","198","C615","Yangmai 13","spring wheat","Yangzhou, China","2018","coordinate_checked_conditional_only","false","Conditional-only, genetic-map-only evidence; retained as sensitivity/modifier evidence, not ordinary discovery QTL",""
"LR-2018-C615-COND-QFhbs-Sc-jaas.7BL-1","SU-2018-C615-YANGMAI13-198-QTL","DF-C615-YANGMAI13-198","PMID:29780395","https://pmc.ncbi.nlm.nih.gov/articles/PMC5946024/","QFhbs|Sc-jaas.7BL-1","7B","","","conditional-only FHB|spike-compactness QTL","author-defined genetic-map QTL/association region","population-specific genetic linkage map; no physical reference assembly reported for locus bounds","7B:109.7-116.4 cM on the population linkage map","genetic-map evidence only; no physical coordinate was inferred","","C615","","C615 x Yangmai 13 F7 RILs","198","C615","Yangmai 13","spring wheat","Yangzhou, China","2018","coordinate_checked_conditional_only","false","Conditional-only, genetic-map-only evidence; retained as sensitivity/modifier evidence, not ordinary discovery QTL",""
"LR-2016-TO-2A","SU-2016-TO-135-DH-QTL","DF-TO-DH-135","PMID:27606928","https://pmc.ncbi.nlm.nih.gov/articles/PMC5015901/","TO-2A","2A","","","FHB index, FDK and/or DON after spray inoculation","author-defined genetic-map QTL/association region","population-specific genetic linkage map; no physical reference assembly reported for locus bounds","2A:78.4-90.4 cM on the population linkage map","genetic-map evidence only; no physical coordinate was inferred","","AE","","TRAP#1/BOW//Taigu derivative x Ocoroni F86 (TO)","135","TRAP#1/BOW//Taigu derivative","Ocoroni F86","spring wheat","Mexico","2016","coordinate_checked","false","Genetic-map-only evidence; no physical interval invented",""
"LR-2016-TO-4B","SU-2016-TO-135-DH-QTL","DF-TO-DH-135","PMID:27606928","https://pmc.ncbi.nlm.nih.gov/articles/PMC5015901/","TO-4B","4B","","","FHB index, FDK and/or DON after spray inoculation","author-defined genetic-map QTL/association region","population-specific genetic linkage map; no physical reference assembly reported for locus bounds","4B:13.4-30.5 cM on the population linkage map","genetic-map evidence only; no physical coordinate was inferred","","PH, AE","","TRAP#1/BOW//Taigu derivative x Ocoroni F86 (TO)","135","TRAP#1/BOW//Taigu derivative","Ocoroni F86","spring wheat","Mexico","2016","coordinate_checked","false","Genetic-map-only evidence; no physical interval invented",""
"LR-2016-TO-4D","SU-2016-TO-135-DH-QTL","DF-TO-DH-135","PMID:27606928","https://pmc.ncbi.nlm.nih.gov/articles/PMC5015901/","TO-4D","4D","","","FHB index, FDK and/or DON after spray inoculation","author-defined genetic-map QTL/association region","population-specific genetic linkage map; no physical reference assembly reported for locus bounds","4D:0-16.5 cM on the population linkage map","genetic-map evidence only; no physical coordinate was inferred","","PH, AE","","TRAP#1/BOW//Taigu derivative x Ocoroni F86 (TO)","135","TRAP#1/BOW//Taigu derivative","Ocoroni F86","spring wheat","Mexico","2016","coordinate_checked","false","Genetic-map-only evidence; no physical interval invented",""
"LR-2016-TO-5A","SU-2016-TO-135-DH-QTL","DF-TO-DH-135","PMID:27606928","https://pmc.ncbi.nlm.nih.gov/articles/PMC5015901/","TO-5A","5A","","","FHB index, FDK and/or DON after spray inoculation","author-defined genetic-map QTL/association region","population-specific genetic linkage map; no physical reference assembly reported for locus bounds","5A:62-72.4 cM on the population linkage map","genetic-map evidence only; no physical coordinate was inferred","","DH, PH","","TRAP#1/BOW//Taigu derivative x Ocoroni F86 (TO)","135","TRAP#1/BOW//Taigu derivative","Ocoroni F86","spring wheat","Mexico","2016","coordinate_checked","false","Genetic-map-only evidence; no physical interval invented",""
"LR-2016-IO-1B","SU-2016-IO-92-DH-QTL","DF-IO-DH-92","PMID:27606928","https://pmc.ncbi.nlm.nih.gov/articles/PMC5015901/","IO-1B","1B","","","FHB index, FDK and/or DON after spray inoculation","author-defined genetic-map QTL/association region","population-specific genetic linkage map; no physical reference assembly reported for locus bounds","1B:17.7-22.6 cM on the population linkage map","genetic-map evidence only; no physical coordinate was inferred","","I","","Ivan/Soru#2 x Ocoroni F86 (IO)","92","Ivan/Soru#2","Ocoroni F86","spring wheat","Mexico","2016","coordinate_checked","false","Genetic-map-only evidence; no physical interval invented",""
"LR-2016-IO-2A","SU-2016-IO-92-DH-QTL","DF-IO-DH-92","PMID:27606928","https://pmc.ncbi.nlm.nih.gov/articles/PMC5015901/","IO-2A","2A","","","FHB index, FDK and/or DON after spray inoculation","author-defined genetic-map QTL/association region","population-specific genetic linkage map; no physical reference assembly reported for locus bounds","2A:124.1-131.3 cM on the population linkage map","genetic-map evidence only; no physical coordinate was inferred","","I","","Ivan/Soru#2 x Ocoroni F86 (IO)","92","Ivan/Soru#2","Ocoroni F86","spring wheat","Mexico","2016","coordinate_checked","false","Genetic-map-only evidence; no physical interval invented",""
"LR-2016-IO-3B-2","SU-2016-IO-92-DH-QTL","DF-IO-DH-92","PMID:27606928","https://pmc.ncbi.nlm.nih.gov/articles/PMC5015901/","IO-3B_2","3B","","","FHB index, FDK and/or DON after spray inoculation","author-defined genetic-map QTL/association region","population-specific genetic linkage map; no physical reference assembly reported for locus bounds","3B:53.5-82.1 cM on the population linkage map","genetic-map evidence only; no physical coordinate was inferred","","I","","Ivan/Soru#2 x Ocoroni F86 (IO)","92","Ivan/Soru#2","Ocoroni F86","spring wheat","Mexico","2016","coordinate_checked","false","Genetic-map-only evidence; no physical interval invented",""
"LR-2016-IO-3B-3","SU-2016-IO-92-DH-QTL","DF-IO-DH-92","PMID:27606928","https://pmc.ncbi.nlm.nih.gov/articles/PMC5015901/","IO-3B_3","3B","","","FHB index, FDK and/or DON after spray inoculation","author-defined genetic-map QTL/association region","population-specific genetic linkage map; no physical reference assembly reported for locus bounds","3B:78.6-85 cM on the population linkage map","genetic-map evidence only; no physical coordinate was inferred","","O","","Ivan/Soru#2 x Ocoroni F86 (IO)","92","Ivan/Soru#2","Ocoroni F86","spring wheat","Mexico","2016","coordinate_checked","false","Genetic-map-only evidence; no physical interval invented",""
"LR-2016-IO-4B","SU-2016-IO-92-DH-QTL","DF-IO-DH-92","PMID:27606928","https://pmc.ncbi.nlm.nih.gov/articles/PMC5015901/","IO-4B","4B","","","FHB index, FDK and/or DON after spray inoculation","author-defined genetic-map QTL/association region","population-specific genetic linkage map; no physical reference assembly reported for locus bounds","4B:33.2-65.5 cM on the population linkage map","genetic-map evidence only; no physical coordinate was inferred","","O","","Ivan/Soru#2 x Ocoroni F86 (IO)","92","Ivan/Soru#2","Ocoroni F86","spring wheat","Mexico","2016","coordinate_checked","false","Genetic-map-only evidence; no physical interval invented",""
"LR-2016-IO-4D","SU-2016-IO-92-DH-QTL","DF-IO-DH-92","PMID:27606928","https://pmc.ncbi.nlm.nih.gov/articles/PMC5015901/","IO-4D","4D","","","FHB index, FDK and/or DON after spray inoculation","author-defined genetic-map QTL/association region","population-specific genetic linkage map; no physical reference assembly reported for locus bounds","4D:0-26.4 cM on the population linkage map","genetic-map evidence only; no physical coordinate was inferred","","I","","Ivan/Soru#2 x Ocoroni F86 (IO)","92","Ivan/Soru#2","Ocoroni F86","spring wheat","Mexico","2016","coordinate_checked","false","Genetic-map-only evidence; no physical interval invented",""
"LR-2016-IO-5A","SU-2016-IO-92-DH-QTL","DF-IO-DH-92","PMID:27606928","https://pmc.ncbi.nlm.nih.gov/articles/PMC5015901/","IO-5A","5A","","","FHB index, FDK and/or DON after spray inoculation","author-defined genetic-map QTL/association region","population-specific genetic linkage map; no physical reference assembly reported for locus bounds","5A:238.8-275.1 cM on the population linkage map","genetic-map evidence only; no physical coordinate was inferred","","I","","Ivan/Soru#2 x Ocoroni F86 (IO)","92","Ivan/Soru#2","Ocoroni F86","spring wheat","Mexico","2016","coordinate_checked","false","Genetic-map-only evidence; no physical interval invented",""
"LR-2016-IO-5B","SU-2016-IO-92-DH-QTL","DF-IO-DH-92","PMID:27606928","https://pmc.ncbi.nlm.nih.gov/articles/PMC5015901/","IO-5B","5B","","","FHB index, FDK and/or DON after spray inoculation","author-defined genetic-map QTL/association region","population-specific genetic linkage map; no physical reference assembly reported for locus bounds","5B:156.7-168.6 cM on the population linkage map","genetic-map evidence only; no physical coordinate was inferred","","I","","Ivan/Soru#2 x Ocoroni F86 (IO)","92","Ivan/Soru#2","Ocoroni F86","spring wheat","Mexico","2016","coordinate_checked","false","Genetic-map-only evidence; no physical interval invented",""
"LR-2013-BM-Qfhs.vt-2DS","SU-2013-BECKER-MASSEY-152-QTL","DF-BECKER-MASSEY-152","PMID:23832049","https://pmc.ncbi.nlm.nih.gov/articles/PMC3782633/","Qfhs.vt-2DS","2D","","","incidence","author-defined genetic-map QTL/association region","population-specific genetic linkage map; no physical reference assembly reported for locus bounds","2D:0 cM on the population linkage map","genetic-map evidence only; no physical coordinate was inferred","","","","Becker x Massey F7:14 RILs","152","Massey for most FHB loci; Becker at selected loci","population-specific/trait-dependent","soft red winter wheat","Virginia, Missouri and Kentucky, USA","2013","coordinate_checked","false","Genetic-map-only evidence; no physical interval invented",""
"LR-2013-BM-Qfhs.vt-4BS","SU-2013-BECKER-MASSEY-152-QTL","DF-BECKER-MASSEY-152","PMID:23832049","https://pmc.ncbi.nlm.nih.gov/articles/PMC3782633/","Qfhs.vt-4BS","4B","","","incidence/index/FDK","author-defined genetic-map QTL/association region","population-specific genetic linkage map; no physical reference assembly reported for locus bounds","4B:12.2 cM on the population linkage map","genetic-map evidence only; no physical coordinate was inferred","","","","Becker x Massey F7:14 RILs","152","Massey for most FHB loci; Becker at selected loci","population-specific/trait-dependent","soft red winter wheat","Virginia, Missouri and Kentucky, USA","2013","coordinate_checked","false","Genetic-map-only evidence; no physical interval invented",""
"LR-2013-BM-Qfhs.vt-1DS","SU-2013-BECKER-MASSEY-152-QTL","DF-BECKER-MASSEY-152","PMID:23832049","https://pmc.ncbi.nlm.nih.gov/articles/PMC3782633/","Qfhs.vt-1DS","1D","","","greenhouse severity","author-defined genetic-map QTL/association region","population-specific genetic linkage map; no physical reference assembly reported for locus bounds","1D:0.8 cM on the population linkage map","genetic-map evidence only; no physical coordinate was inferred","","","","Becker x Massey F7:14 RILs","152","Massey for most FHB loci; Becker at selected loci","population-specific/trait-dependent","soft red winter wheat","Virginia, Missouri and Kentucky, USA","2013","coordinate_checked","false","Genetic-map-only evidence; no physical interval invented",""
"LR-2013-BM-Qfhs.vt-3BL","SU-2013-BECKER-MASSEY-152-QTL","DF-BECKER-MASSEY-152","PMID:23832049","https://pmc.ncbi.nlm.nih.gov/articles/PMC3782633/","Qfhs.vt-3BL","3B","","","greenhouse severity","author-defined genetic-map QTL/association region","population-specific genetic linkage map; no physical reference assembly reported for locus bounds","3B:24.9 cM on the population linkage map","genetic-map evidence only; no physical coordinate was inferred","","","","Becker x Massey F7:14 RILs","152","Massey for most FHB loci; Becker at selected loci","population-specific/trait-dependent","soft red winter wheat","Virginia, Missouri and Kentucky, USA","2013","coordinate_checked","false","Genetic-map-only evidence; no physical interval invented",""
"LR-2013-BM-Qfhs.vt-1AS","SU-2013-BECKER-MASSEY-152-QTL","DF-BECKER-MASSEY-152","PMID:23832049","https://pmc.ncbi.nlm.nih.gov/articles/PMC3782633/","Qfhs.vt-1AS","1A","","","FHB index","author-defined genetic-map QTL/association region","population-specific genetic linkage map; no physical reference assembly reported for locus bounds","1A:36.5 cM on the population linkage map","genetic-map evidence only; no physical coordinate was inferred","","","","Becker x Massey F7:14 RILs","152","Massey for most FHB loci; Becker at selected loci","population-specific/trait-dependent","soft red winter wheat","Virginia, Missouri and Kentucky, USA","2013","coordinate_checked","false","Genetic-map-only evidence; no physical interval invented",""
"LR-2013-BM-Qfhs.vt-2BL","SU-2013-BECKER-MASSEY-152-QTL","DF-BECKER-MASSEY-152","PMID:23832049","https://pmc.ncbi.nlm.nih.gov/articles/PMC3782633/","Qfhs.vt-2BL","2B","","","FHB index","author-defined genetic-map QTL/association region","population-specific genetic linkage map; no physical reference assembly reported for locus bounds","2B:0.9 cM on the population linkage map","genetic-map evidence only; no physical coordinate was inferred","","","","Becker x Massey F7:14 RILs","152","Massey for most FHB loci; Becker at selected loci","population-specific/trait-dependent","soft red winter wheat","Virginia, Missouri and Kentucky, USA","2013","coordinate_checked","false","Genetic-map-only evidence; no physical interval invented",""
"LR-2013-BM-Qfhs.vt-4DS","SU-2013-BECKER-MASSEY-152-QTL","DF-BECKER-MASSEY-152","PMID:23832049","https://pmc.ncbi.nlm.nih.gov/articles/PMC3782633/","Qfhs.vt-4DS","4D","","","FHB index","author-defined genetic-map QTL/association region","population-specific genetic linkage map; no physical reference assembly reported for locus bounds","4D:1 cM on the population linkage map","genetic-map evidence only; no physical coordinate was inferred","","","","Becker x Massey F7:14 RILs","152","Massey for most FHB loci; Becker at selected loci","population-specific/trait-dependent","soft red winter wheat","Virginia, Missouri and Kentucky, USA","2013","coordinate_checked","false","Genetic-map-only evidence; no physical interval invented",""
"LR-2013-BM-Qdon.vt-4DL","SU-2013-BECKER-MASSEY-152-QTL","DF-BECKER-MASSEY-152","PMID:23832049","https://pmc.ncbi.nlm.nih.gov/articles/PMC3782633/","Qdon.vt-4DL","4D","","","DON","author-defined genetic-map QTL/association region","population-specific genetic linkage map; no physical reference assembly reported for locus bounds","4D:34.5 cM on the population linkage map","genetic-map evidence only; no physical coordinate was inferred","","","","Becker x Massey F7:14 RILs","152","Massey for most FHB loci; Becker at selected loci","population-specific/trait-dependent","soft red winter wheat","Virginia, Missouri and Kentucky, USA","2013","coordinate_checked","false","Genetic-map-only evidence; no physical interval invented",""
"LR-2013-EMO-Qfhs.umc-4BS","SU-2013-ERNIE-MO94317-231-QTL","DF-ERNIE-MO94317-231","PMID:23832049","https://pmc.ncbi.nlm.nih.gov/articles/PMC3782633/","Qfhs.umc-4BS","4B","","","incidence/severity/index/FDK and greenhouse traits","author-defined genetic-map QTL/association region","population-specific genetic linkage map; no physical reference assembly reported for locus bounds","4B:6 cM on the population linkage map","genetic-map evidence only; no physical coordinate was inferred","","","","Ernie x MO 94-317 F11 RILs","231","Ernie for most FHB loci","MO 94-317 overall","soft red winter wheat","Virginia and Missouri, USA","2013","coordinate_checked","false","Genetic-map-only evidence; no physical interval invented",""
"LR-2013-EMO-Qfhs.umc-4DS","SU-2013-ERNIE-MO94317-231-QTL","DF-ERNIE-MO94317-231","PMID:23832049","https://pmc.ncbi.nlm.nih.gov/articles/PMC3782633/","Qfhs.umc-4DS","4D","","","incidence/severity/index/FDK/DON","author-defined genetic-map QTL/association region","population-specific genetic linkage map; no physical reference assembly reported for locus bounds","4D:3 cM on the population linkage map","genetic-map evidence only; no physical coordinate was inferred","","","","Ernie x MO 94-317 F11 RILs","231","Ernie for most FHB loci","MO 94-317 overall","soft red winter wheat","Virginia and Missouri, USA","2013","coordinate_checked","false","Genetic-map-only evidence; no physical interval invented",""
"LR-2013-EMO-Qfhs.umc-5AL","SU-2013-ERNIE-MO94317-231-QTL","DF-ERNIE-MO94317-231","PMID:23832049","https://pmc.ncbi.nlm.nih.gov/articles/PMC3782633/","Qfhs.umc-5AL","5A","","","incidence/severity/index","author-defined genetic-map QTL/association region","population-specific genetic linkage map; no physical reference assembly reported for locus bounds","5A:20.7 cM on the population linkage map","genetic-map evidence only; no physical coordinate was inferred","","","","Ernie x MO 94-317 F11 RILs","231","Ernie for most FHB loci","MO 94-317 overall","soft red winter wheat","Virginia and Missouri, USA","2013","coordinate_checked","false","Genetic-map-only evidence; no physical interval invented",""
"LR-2013-EMO-Qfhs.umc-2DS","SU-2013-ERNIE-MO94317-231-QTL","DF-ERNIE-MO94317-231","PMID:23832049","https://pmc.ncbi.nlm.nih.gov/articles/PMC3782633/","Qfhs.umc-2DS","2D","","","severity/index","author-defined genetic-map QTL/association region","population-specific genetic linkage map; no physical reference assembly reported for locus bounds","2D:53.4 cM on the population linkage map","genetic-map evidence only; no physical coordinate was inferred","","","","Ernie x MO 94-317 F11 RILs","231","Ernie for most FHB loci","MO 94-317 overall","soft red winter wheat","Virginia and Missouri, USA","2013","coordinate_checked","false","Genetic-map-only evidence; no physical interval invented",""
"LR-2013-EMO-Qfhs.umc-3BL","SU-2013-ERNIE-MO94317-231-QTL","DF-ERNIE-MO94317-231","PMID:23832049","https://pmc.ncbi.nlm.nih.gov/articles/PMC3782633/","Qfhs.umc-3BL","3B","","","greenhouse severity/FDK/DON","author-defined genetic-map QTL/association region","population-specific genetic linkage map; no physical reference assembly reported for locus bounds","3B:16.2 cM on the population linkage map","genetic-map evidence only; no physical coordinate was inferred","","","","Ernie x MO 94-317 F11 RILs","231","Ernie for most FHB loci","MO 94-317 overall","soft red winter wheat","Virginia and Missouri, USA","2013","coordinate_checked","false","Genetic-map-only evidence; no physical interval invented",""
"LR-2013-EMO-Qdon.umc-6AL","SU-2013-ERNIE-MO94317-231-QTL","DF-ERNIE-MO94317-231","PMID:23832049","https://pmc.ncbi.nlm.nih.gov/articles/PMC3782633/","Qdon.umc-6AL","6A","","","DON","author-defined genetic-map QTL/association region","population-specific genetic linkage map; no physical reference assembly reported for locus bounds","6A:11 cM on the population linkage map","genetic-map evidence only; no physical coordinate was inferred","","","","Ernie x MO 94-317 F11 RILs","231","Ernie for most FHB loci","MO 94-317 overall","soft red winter wheat","Virginia and Missouri, USA","2013","coordinate_checked","false","Genetic-map-only evidence; no physical interval invented",""
"LR-2011-TUN-Qfhs.ndsu-5BL","SU-2011-TUNISIAN-DURUM-340-AM-QTL","DF-TUNISIAN-DURUM-BACKCROSS-340","PMID:22384332","https://pmc.ncbi.nlm.nih.gov/articles/PMC3276138/","Qfhs.ndsu-5BL","5B","","","Type II FHB severity","author-defined genetic-map QTL/association region","population-specific genetic linkage map; no physical reference assembly reported for locus bounds","5B:243-249 cM on the population linkage map","genetic-map evidence only; no physical coordinate was inferred","","","","Tunisian-derived durum lines; 340 association lines, including 169 Tun34 x Lebsock BC1F6 lines","340","Tunisian sources (lineage dependent)","Ben/Maier/Lebsock/Mountrail backgrounds","spring durum wheat","North Dakota, USA","2011","coordinate_checked","false","Tetraploid genetic-map-only evidence; no physical interval invented",""
"LR-2011-TUN-Tun34-2A-KW","SU-2011-TUNISIAN-DURUM-340-AM-QTL","DF-TUNISIAN-DURUM-BACKCROSS-340","PMID:22384332","https://pmc.ncbi.nlm.nih.gov/articles/PMC3276138/","Tun34-2A-KW","2A","","","Type II FHB severity","author-defined genetic-map QTL/association region","population-specific genetic linkage map; no physical reference assembly reported for locus bounds","2A:20-22 cM on the population linkage map","genetic-map evidence only; no physical coordinate was inferred","","","","Tunisian-derived durum lines; 340 association lines, including 169 Tun34 x Lebsock BC1F6 lines","340","Tunisian sources (lineage dependent)","Ben/Maier/Lebsock/Mountrail backgrounds","spring durum wheat","North Dakota, USA","2011","coordinate_checked_lower_confidence","false","Tetraploid, genetic-map-only, unconfirmed after source multiple-testing gate; lower-confidence evidence only",""
"LR-2011-TUN-Tun34-6B-KW","SU-2011-TUNISIAN-DURUM-340-AM-QTL","DF-TUNISIAN-DURUM-BACKCROSS-340","PMID:22384332","https://pmc.ncbi.nlm.nih.gov/articles/PMC3276138/","Tun34-6B-KW","6B","","","Type II FHB severity","author-defined genetic-map QTL/association region","population-specific genetic linkage map; no physical reference assembly reported for locus bounds","6B:156-156 cM on the population linkage map","genetic-map evidence only; no physical coordinate was inferred","","","","Tunisian-derived durum lines; 340 association lines, including 169 Tun34 x Lebsock BC1F6 lines","340","Tunisian sources (lineage dependent)","Ben/Maier/Lebsock/Mountrail backgrounds","spring durum wheat","North Dakota, USA","2011","coordinate_checked_lower_confidence","false","Tetraploid, genetic-map-only, unconfirmed after source multiple-testing gate; lower-confidence evidence only",""
"LR-2011-TUN-Tun34-7A-KW","SU-2011-TUNISIAN-DURUM-340-AM-QTL","DF-TUNISIAN-DURUM-BACKCROSS-340","PMID:22384332","https://pmc.ncbi.nlm.nih.gov/articles/PMC3276138/","Tun34-7A-KW","7A","","","Type II FHB severity","author-defined genetic-map QTL/association region","population-specific genetic linkage map; no physical reference assembly reported for locus bounds","7A:75-75 cM on the population linkage map","genetic-map evidence only; no physical coordinate was inferred","","","","Tunisian-derived durum lines; 340 association lines, including 169 Tun34 x Lebsock BC1F6 lines","340","Tunisian sources (lineage dependent)","Ben/Maier/Lebsock/Mountrail backgrounds","spring durum wheat","North Dakota, USA","2011","coordinate_checked_lower_confidence","false","Tetraploid, genetic-map-only, unconfirmed after source multiple-testing gate; lower-confidence evidence only",""
"LR-2011-TUN-Tun34-7B-KW","SU-2011-TUNISIAN-DURUM-340-AM-QTL","DF-TUNISIAN-DURUM-BACKCROSS-340","PMID:22384332","https://pmc.ncbi.nlm.nih.gov/articles/PMC3276138/","Tun34-7B-KW","7B","","","Type II FHB severity","author-defined genetic-map QTL/association region","population-specific genetic linkage map; no physical reference assembly reported for locus bounds","7B:93-93 cM on the population linkage map","genetic-map evidence only; no physical coordinate was inferred","","","","Tunisian-derived durum lines; 340 association lines, including 169 Tun34 x Lebsock BC1F6 lines","340","Tunisian sources (lineage dependent)","Ben/Maier/Lebsock/Mountrail backgrounds","spring durum wheat","North Dakota, USA","2011","coordinate_checked_lower_confidence","false","Tetraploid, genetic-map-only, unconfirmed after source multiple-testing gate; lower-confidence evidence only",""
"LR-2020-BRAZIL-FDK-Kukri-c25377-240","SU-2020-BRAZIL-FDK-149-GWAS","DF-BRAZIL-EMBRAPA-FDK-149","PMID:32350030","https://pmc.ncbi.nlm.nih.gov/articles/PMC7341152/","FDK-MTA-Kukri_c25377_240","6B","174570000","174570000","Fusarium damaged kernels","author-reported significant SNP point; marker sequence BLASTed to IWGSC RefSeq v1.0","IWGSC Chinese Spring RefSeq v1.0","6B:174570000 bp (174.57 Mb)","point evidence only; no LD block or arbitrary padding assigned","","","","149 accessions with three-year FDK phenotypes from a larger EMBRAPA panel","149","not applicable","not applicable","Brazilian bread wheat panel","Passo Fundo, Brazil","2020","analysis_ready","true","",""
"LR-2020-BRAZIL-FDK-IAAV2161","SU-2020-BRAZIL-FDK-149-GWAS","DF-BRAZIL-EMBRAPA-FDK-149","PMID:32350030","https://pmc.ncbi.nlm.nih.gov/articles/PMC7341152/","FDK-MTA-IAAV2161","6B","408240000","408240000","Fusarium damaged kernels","author-reported significant SNP point; marker sequence BLASTed to IWGSC RefSeq v1.0","IWGSC Chinese Spring RefSeq v1.0","6B:408240000 bp (408.24 Mb)","point evidence only; no LD block or arbitrary padding assigned","","","","149 accessions with three-year FDK phenotypes from a larger EMBRAPA panel","149","not applicable","not applicable","Brazilian bread wheat panel","Passo Fundo, Brazil","2020","analysis_ready","true","",""
"LR-2020-BRAZIL-FDK-Excalibur-c23462-677","SU-2020-BRAZIL-FDK-149-GWAS","DF-BRAZIL-EMBRAPA-FDK-149","PMID:32350030","https://pmc.ncbi.nlm.nih.gov/articles/PMC7341152/","FDK-MTA-Excalibur_c23462_677","6B","438930000","438930000","Fusarium damaged kernels","author-reported significant SNP point; marker sequence BLASTed to IWGSC RefSeq v1.0","IWGSC Chinese Spring RefSeq v1.0","6B:438930000 bp (438.93 Mb)","point evidence only; no LD block or arbitrary padding assigned","","","","149 accessions with three-year FDK phenotypes from a larger EMBRAPA panel","149","not applicable","not applicable","Brazilian bread wheat panel","Passo Fundo, Brazil","2020","analysis_ready","true","",""
"LR-2020-BRAZIL-FDK-BS00103275-51","SU-2020-BRAZIL-FDK-149-GWAS","DF-BRAZIL-EMBRAPA-FDK-149","PMID:32350030","https://pmc.ncbi.nlm.nih.gov/articles/PMC7341152/","FDK-MTA-BS00103275_51","6B","453930000","453930000","Fusarium damaged kernels","author-reported significant SNP point; marker sequence BLASTed to IWGSC RefSeq v1.0","IWGSC Chinese Spring RefSeq v1.0","6B:453930000 bp (453.93 Mb)","point evidence only; no LD block or arbitrary padding assigned","","","","149 accessions with three-year FDK phenotypes from a larger EMBRAPA panel","149","not applicable","not applicable","Brazilian bread wheat panel","Passo Fundo, Brazil","2020","analysis_ready","true","",""
"LR-2019-NDSU-1AL-471-478","SU-2019-NDSU-HRSW-427-GWAS","DF-NDSU-HRSW-427","PMID:31447872","https://pmc.ncbi.nlm.nih.gov/articles/PMC6691880/","NDSU-FHB-1AL-locus","1A","471476097","477852881","FHB severity","author-described single 1AL locus; envelope of six FDR-significant SNP points","IWGSC Chinese Spring RefSeq v1.0","1A:471476097-477852881 bp significant-marker envelope","6.38-Mb significant-marker envelope, not an author-reported confidence interval or measured LD block","","","favorable allele reduces FHB severity by about 7.36-7.52 percentage points","427 F9 lines from six NDSU breeding cycles","427","not applicable","not applicable","hard red spring wheat","North Dakota, USA","2019","analysis_ready","true","",""
"LR-2024-DT696-Qdon.spa-1A","SU-2024-DURUM-DT707-DT696-120-DONFDK-QTL","DF-DURUM-DT707-DT696","PMID:38475749","https://pmc.ncbi.nlm.nih.gov/articles/PMC10929095/","Qdon.spa-1A","1A","","","deoxynivalenol accumulation","author-reported QTL confidence interval on the Svevo physical map","durum wheat cv. Svevo reference assembly","1A:152280937-759800800 bp on Svevo","607.5-Mb Svevo interval; no cross-assembly conversion promoted","","DT696","","120 DT707 x DT696 DH lines","120","DT696","DT707","spring durum wheat","Morden, Manitoba, Canada","2024","coordinate_checked_external_assembly","false","Tetraploid Svevo-coordinate evidence; retained in ploidy/assembly-stratified layer and not mixed with Chinese Spring primary coordinates",""
"LR-2024-DT696-Qdon.spa-5A.1","SU-2024-DURUM-DT707-DT696-120-DONFDK-QTL","DF-DURUM-DT707-DT696","PMID:38475749","https://pmc.ncbi.nlm.nih.gov/articles/PMC10929095/","Qdon.spa-5A.1","5A","","","deoxynivalenol accumulation","author-reported QTL confidence interval on the Svevo physical map","durum wheat cv. Svevo reference assembly","5A:109076036-411415998 bp on Svevo","302.3-Mb Svevo interval; no cross-assembly conversion promoted","","DT696","","120 DT707 x DT696 DH lines","120","DT696","DT707","spring durum wheat","Morden, Manitoba, Canada","2024","coordinate_checked_external_assembly","false","Tetraploid Svevo-coordinate evidence; retained in ploidy/assembly-stratified layer and not mixed with Chinese Spring primary coordinates",""
"LR-2024-DT696-Qfdk.spa-5A.1","SU-2024-DURUM-DT707-DT696-120-DONFDK-QTL","DF-DURUM-DT707-DT696","PMID:38475749","https://pmc.ncbi.nlm.nih.gov/articles/PMC10929095/","Qfdk.spa-5A.1","5A","","","Fusarium damaged kernels","author-reported QTL confidence interval on the Svevo physical map","durum wheat cv. Svevo reference assembly","5A:395919866-418018726 bp on Svevo","22.1-Mb Svevo interval; no cross-assembly conversion promoted","","DT696","","120 DT707 x DT696 DH lines","120","DT696","DT707","spring durum wheat","Morden, Manitoba, Canada","2024","coordinate_checked_external_assembly","false","Tetraploid Svevo-coordinate evidence; retained in ploidy/assembly-stratified layer and not mixed with Chinese Spring primary coordinates",""
"LR-2024-DT696-Qdon.spa-5A.2","SU-2024-DURUM-DT707-DT696-120-DONFDK-QTL","DF-DURUM-DT707-DT696","PMID:38475749","https://pmc.ncbi.nlm.nih.gov/articles/PMC10929095/","Qdon.spa-5A.2","5A","","","deoxynivalenol accumulation","author-reported QTL confidence interval on the Svevo physical map","durum wheat cv. Svevo reference assembly","5A:105927987-406199936 bp on Svevo","300.3-Mb Svevo interval; no cross-assembly conversion promoted","","DT696","","120 DT707 x DT696 DH lines","120","DT696","DT707","spring durum wheat","Morden, Manitoba, Canada","2024","coordinate_checked_external_assembly","false","Tetraploid Svevo-coordinate evidence; retained in ploidy/assembly-stratified layer and not mixed with Chinese Spring primary coordinates",""
"LR-2024-DT696-Qdon.spa-7A","SU-2024-DURUM-DT707-DT696-120-DONFDK-QTL","DF-DURUM-DT707-DT696","PMID:38475749","https://pmc.ncbi.nlm.nih.gov/articles/PMC10929095/","Qdon.spa-7A","7A","","","deoxynivalenol accumulation","author-reported QTL confidence interval on the Svevo physical map","durum wheat cv. Svevo reference assembly","7A:637619108-663973958 bp on Svevo","26.4-Mb Svevo interval; no cross-assembly conversion promoted","","DT696","","120 DT707 x DT696 DH lines","120","DT696","DT707","spring durum wheat","Morden, Manitoba, Canada","2024","coordinate_checked_external_assembly","false","Tetraploid Svevo-coordinate evidence; retained in ploidy/assembly-stratified layer and not mixed with Chinese Spring primary coordinates",""
"LR-2024-DT696-Qfdk.spa-7A","SU-2024-DURUM-DT707-DT696-120-DONFDK-QTL","DF-DURUM-DT707-DT696","PMID:38475749","https://pmc.ncbi.nlm.nih.gov/articles/PMC10929095/","Qfdk.spa-7A","7A","","","Fusarium damaged kernels","author-reported QTL confidence interval on the Svevo physical map","durum wheat cv. Svevo reference assembly","7A:637619108-663973958 bp on Svevo","26.4-Mb Svevo interval; no cross-assembly conversion promoted","","DT696","","120 DT707 x DT696 DH lines","120","DT696","DT707","spring durum wheat","Morden, Manitoba, Canada","2024","coordinate_checked_external_assembly","false","Tetraploid Svevo-coordinate evidence; retained in ploidy/assembly-stratified layer and not mixed with Chinese Spring primary coordinates",""
"LR-2019-WUHAN-NYUBAI-1AL-EARLY","SU-2019-WUHAN1-NYUBAI-81-EARLYQTL","DF-WUHAN1-NYUBAI-DH","PMID:31795937","https://pmc.ncbi.nlm.nih.gov/articles/PMC6892237/","Wuhan1/Nyubai early-DON QTL 1AL","1A","577890000","589410000","deoxynivalenol accumulation","author-mapped one-LOD support interval after aligning polymorphic marker sequences to IWGSC RefSeq v1.0","IWGSC Chinese Spring RefSeq v1.0","1A:577890000-589410000 bp","11.52-Mb author physical projection; no arbitrary narrowing applied","hcmQTL-4","Wuhan 1","","Wuhan 1 x Nyubai DH lines","81","both parents moderately resistant; favorable allele was locus dependent","not a resistant-by-susceptible design","spring wheat","Canada","2019","analysis_ready","true","","LE-2019-WUHAN-1AL-EARLY"
"LR-2019-WUHAN-NYUBAI-4BS-EARLY","SU-2019-WUHAN1-NYUBAI-81-EARLYQTL","DF-WUHAN1-NYUBAI-DH","PMID:31795937","https://pmc.ncbi.nlm.nih.gov/articles/PMC6892237/","Wuhan1/Nyubai early-infection QTL 4BS","4B","7030000","22500000","early FHB infection / fungal biomass","author-mapped one-LOD support interval after aligning polymorphic marker sequences to IWGSC RefSeq v1.0","IWGSC Chinese Spring RefSeq v1.0","4B:7030000-22500000 bp","15.47-Mb author physical projection; no arbitrary narrowing applied","","Wuhan 1","","Wuhan 1 x Nyubai DH lines","81","both parents moderately resistant; favorable allele was locus dependent","not a resistant-by-susceptible design","spring wheat","Canada","2019","analysis_ready","true","","LE-2019-WUHAN-4BS-EARLY"
"LR-2019-WUHAN-NYUBAI-5A-EARLY","SU-2019-WUHAN1-NYUBAI-81-EARLYQTL","DF-WUHAN1-NYUBAI-DH","PMID:31795937","https://pmc.ncbi.nlm.nih.gov/articles/PMC6892237/","Wuhan1/Nyubai early-infection QTL 5A","5A","21670000","461450000","early FHB infection / fungal biomass","author-mapped one-LOD support interval after aligning polymorphic marker sequences to IWGSC RefSeq v1.0","IWGSC Chinese Spring RefSeq v1.0","5A:21670000-461450000 bp","439.78-Mb author physical projection; no arbitrary narrowing applied","","Nyubai","","Wuhan 1 x Nyubai DH lines","81","both parents moderately resistant; favorable allele was locus dependent","not a resistant-by-susceptible design","spring wheat","Canada","2019","coordinate_checked_low_resolution","false","Author physical projection exceeds the strict 200-Mb primary-analysis ceiling","LE-2019-WUHAN-5A-EARLY"
"LR-2019-NIL-ALSASK-1DS","SU-2019-SUMAI3-NIL-GO-ALSASK-70","DF-SUMAI3-NIL-CDC-GO-ALSASK","PMID:31053089","https://pmc.ncbi.nlm.nih.gov/articles/PMC6499950/","CDC Alsask stable 1DS marker region","1D","10390000","26180000","NIL-background secondary FHB/DON modifier","author-reported 90K-marker point or recombination-bin interval placed on IWGSC RefSeq v1.0","IWGSC Chinese Spring RefSeq v1.0","1D:10390000-26180000 bp interval","15.79-Mb author interval; no narrowing assigned","","04GC0139 donor allele (BB)","","38 CDC Go and 32 CDC Alsask NILs","70","04GC0139, a Sumai 3 derivative carrying Fhb1, Fhb2 and Fhb5","CDC Go (moderately susceptible) and CDC Alsask (susceptible) recurrent backgrounds","hard red spring wheat","Canada","2019","coordinate_checked_secondary_nominal_threshold","false","Selected 70-line NIL panels and nominal P<0.05 main-effect screen; not equivalent to a genome-wide discovery study and excluded from primary synthesis",""
"LR-2019-NIL-ALSASK-6AS","SU-2019-SUMAI3-NIL-GO-ALSASK-70","DF-SUMAI3-NIL-CDC-GO-ALSASK","PMID:31053089","https://pmc.ncbi.nlm.nih.gov/articles/PMC6499950/","CDC Alsask stable 6AS marker point","6A","3350000","3350000","NIL-background secondary FHB/DON modifier","author-reported 90K-marker point or recombination-bin interval placed on IWGSC RefSeq v1.0","IWGSC Chinese Spring RefSeq v1.0","6A:3350000 bp point","author-reported marker point; no padding assigned","","04GC0139 donor allele (BB)","","38 CDC Go and 32 CDC Alsask NILs","70","04GC0139, a Sumai 3 derivative carrying Fhb1, Fhb2 and Fhb5","CDC Go (moderately susceptible) and CDC Alsask (susceptible) recurrent backgrounds","hard red spring wheat","Canada","2019","coordinate_checked_secondary_nominal_threshold","false","Selected 70-line NIL panels and nominal P<0.05 main-effect screen; not equivalent to a genome-wide discovery study and excluded from primary synthesis",""
"LR-2019-NIL-ALSASK-QFHB-NDWP-6A","SU-2019-SUMAI3-NIL-GO-ALSASK-70","DF-SUMAI3-NIL-CDC-GO-ALSASK","PMID:31053089","https://pmc.ncbi.nlm.nih.gov/articles/PMC6499950/","CDC Alsask Qfhb.ndwp-6A marker region","6A","602500000","611800000","NIL-background secondary FHB/DON modifier","author-reported 90K-marker point or recombination-bin interval placed on IWGSC RefSeq v1.0","IWGSC Chinese Spring RefSeq v1.0","6A:602500000-611800000 bp interval","9.30-Mb author interval; no narrowing assigned","","04GC0139 donor allele (BB)","","38 CDC Go and 32 CDC Alsask NILs","70","04GC0139, a Sumai 3 derivative carrying Fhb1, Fhb2 and Fhb5","CDC Go (moderately susceptible) and CDC Alsask (susceptible) recurrent backgrounds","hard red spring wheat","Canada","2019","coordinate_checked_secondary_nominal_threshold","false","Selected 70-line NIL panels and nominal P<0.05 main-effect screen; not equivalent to a genome-wide discovery study and excluded from primary synthesis",""
"LR-2019-NIL-ALSASK-7BS","SU-2019-SUMAI3-NIL-GO-ALSASK-70","DF-SUMAI3-NIL-CDC-GO-ALSASK","PMID:31053089","https://pmc.ncbi.nlm.nih.gov/articles/PMC6499950/","CDC Alsask stable 7BS marker point","7B","170520000","170520000","NIL-background secondary FHB/DON modifier","author-reported 90K-marker point or recombination-bin interval placed on IWGSC RefSeq v1.0","IWGSC Chinese Spring RefSeq v1.0","7B:170520000 bp point","author-reported marker point; no padding assigned","","CDC Alsask recurrent-parent allele (AA)","","38 CDC Go and 32 CDC Alsask NILs","70","04GC0139, a Sumai 3 derivative carrying Fhb1, Fhb2 and Fhb5","CDC Go (moderately susceptible) and CDC Alsask (susceptible) recurrent backgrounds","hard red spring wheat","Canada","2019","coordinate_checked_secondary_nominal_threshold","false","Selected 70-line NIL panels and nominal P<0.05 main-effect screen; not equivalent to a genome-wide discovery study and excluded from primary synthesis",""
"LR-2019-NIL-GO-1DL","SU-2019-SUMAI3-NIL-GO-ALSASK-70","DF-SUMAI3-NIL-CDC-GO-ALSASK","PMID:31053089","https://pmc.ncbi.nlm.nih.gov/articles/PMC6499950/","CDC Go stable 1DL marker region","1D","492170000","495110000","NIL-background secondary FHB/DON modifier","author-reported 90K-marker point or recombination-bin interval placed on IWGSC RefSeq v1.0","IWGSC Chinese Spring RefSeq v1.0","1D:492170000-495110000 bp interval","2.94-Mb author interval; no narrowing assigned","","CDC Go recurrent-parent allele (AA)","","38 CDC Go and 32 CDC Alsask NILs","70","04GC0139, a Sumai 3 derivative carrying Fhb1, Fhb2 and Fhb5","CDC Go (moderately susceptible) and CDC Alsask (susceptible) recurrent backgrounds","hard red spring wheat","Canada","2019","coordinate_checked_secondary_nominal_threshold","false","Selected 70-line NIL panels and nominal P<0.05 main-effect screen; not equivalent to a genome-wide discovery study and excluded from primary synthesis",""
"LR-2019-NIL-GO-2AL","SU-2019-SUMAI3-NIL-GO-ALSASK-70","DF-SUMAI3-NIL-CDC-GO-ALSASK","PMID:31053089","https://pmc.ncbi.nlm.nih.gov/articles/PMC6499950/","CDC Go stable 2AL marker region","2A","717800000","718730000","NIL-background secondary FHB/DON modifier","author-reported 90K-marker point or recombination-bin interval placed on IWGSC RefSeq v1.0","IWGSC Chinese Spring RefSeq v1.0","2A:717800000-718730000 bp interval","0.93-Mb author interval; no narrowing assigned","","CDC Go recurrent-parent allele (AA)","","38 CDC Go and 32 CDC Alsask NILs","70","04GC0139, a Sumai 3 derivative carrying Fhb1, Fhb2 and Fhb5","CDC Go (moderately susceptible) and CDC Alsask (susceptible) recurrent backgrounds","hard red spring wheat","Canada","2019","coordinate_checked_secondary_nominal_threshold","false","Selected 70-line NIL panels and nominal P<0.05 main-effect screen; not equivalent to a genome-wide discovery study and excluded from primary synthesis",""
"LR-2019-NIL-GO-2DL","SU-2019-SUMAI3-NIL-GO-ALSASK-70","DF-SUMAI3-NIL-CDC-GO-ALSASK","PMID:31053089","https://pmc.ncbi.nlm.nih.gov/articles/PMC6499950/","CDC Go stable 2DL marker point","2D","293130000","293130000","NIL-background secondary FHB/DON modifier","author-reported 90K-marker point or recombination-bin interval placed on IWGSC RefSeq v1.0","IWGSC Chinese Spring RefSeq v1.0","2D:293130000 bp point","author-reported marker point; no padding assigned","","CDC Go recurrent-parent allele (AA)","","38 CDC Go and 32 CDC Alsask NILs","70","04GC0139, a Sumai 3 derivative carrying Fhb1, Fhb2 and Fhb5","CDC Go (moderately susceptible) and CDC Alsask (susceptible) recurrent backgrounds","hard red spring wheat","Canada","2019","coordinate_checked_secondary_nominal_threshold","false","Selected 70-line NIL panels and nominal P<0.05 main-effect screen; not equivalent to a genome-wide discovery study and excluded from primary synthesis",""
"LR-2019-NIL-GO-6DS","SU-2019-SUMAI3-NIL-GO-ALSASK-70","DF-SUMAI3-NIL-CDC-GO-ALSASK","PMID:31053089","https://pmc.ncbi.nlm.nih.gov/articles/PMC6499950/","CDC Go stable 6DS marker region","6D","72010000","136120000","NIL-background secondary FHB/DON modifier","author-reported 90K-marker point or recombination-bin interval placed on IWGSC RefSeq v1.0","IWGSC Chinese Spring RefSeq v1.0","6D:72010000-136120000 bp interval","64.11-Mb author interval; no narrowing assigned","","04GC0139 donor allele (BB)","","38 CDC Go and 32 CDC Alsask NILs","70","04GC0139, a Sumai 3 derivative carrying Fhb1, Fhb2 and Fhb5","CDC Go (moderately susceptible) and CDC Alsask (susceptible) recurrent backgrounds","hard red spring wheat","Canada","2019","coordinate_checked_secondary_nominal_threshold","false","Selected 70-line NIL panels and nominal P<0.05 main-effect screen; not equivalent to a genome-wide discovery study and excluded from primary synthesis",""
"LR-2019-NIL-GO-7AL","SU-2019-SUMAI3-NIL-GO-ALSASK-70","DF-SUMAI3-NIL-CDC-GO-ALSASK","PMID:31053089","https://pmc.ncbi.nlm.nih.gov/articles/PMC6499950/","CDC Go stable 7AL marker region","7A","519960000","619150000","NIL-background secondary FHB/DON modifier","author-reported 90K-marker point or recombination-bin interval placed on IWGSC RefSeq v1.0","IWGSC Chinese Spring RefSeq v1.0","7A:519960000-619150000 bp interval","99.19-Mb author interval; no narrowing assigned","","04GC0139 donor allele (BB)","","38 CDC Go and 32 CDC Alsask NILs","70","04GC0139, a Sumai 3 derivative carrying Fhb1, Fhb2 and Fhb5","CDC Go (moderately susceptible) and CDC Alsask (susceptible) recurrent backgrounds","hard red spring wheat","Canada","2019","coordinate_checked_secondary_nominal_threshold","false","Selected 70-line NIL panels and nominal P<0.05 main-effect screen; not equivalent to a genome-wide discovery study and excluded from primary synthesis",""
"LR-2019-WUHAN-NYUBAI-2DL-SFI","SU-2019-WUHAN1-NYUBAI-104-2DL-EQTL","DF-WUHAN1-NYUBAI-DH","PMID:31113363","https://pmc.ncbi.nlm.nih.gov/articles/PMC6528218/","Wuhan 1 2DL FHB_SFI QTL","2D","","","Type II FHB resistance","author two-LOD-drop genetic support interval; no candidate-gene coordinate substituted","population-specific genetic linkage map; no author physical bounds for the FHB QTL","2D:55.9-67.4 cM on the Wuhan 1 x Nyubai linkage map","genetic-map evidence only; the source describes sparse marker coverage near the candidate eQTL","","Wuhan 1","Wuhan 1 allele reduced infected florets; additive estimate -7.86","104 Wuhan 1 x Nyubai DH lines; expression subset of 85 lines; three NIL pairs","104","Wuhan 1 / DH lines carrying the resistant 2DL allele","Nyubai / lines lacking the resistant 2DL allele","spring wheat","Canada","2019","coordinate_checked_genetic_only","false","No audited physical QTL bounds; candidate gene position is not a substitute for the interval","LE-2019-WUHAN-2DL-REMAP|LE-2019-WUHAN-2DL-CANDIDATE"