"locus_id","study_unit_id","dataset_family_id","record_id","paper_url","name","chromosome","start_bp","end_bp","trait","method","reported_assembly","original_coordinate","coordinate_uncertainty","hcm_hits","favorable_allele_or_donor","effect_direction","population","population_size","resistant_parent","susceptible_parent","growth_habit","country_region","publication_year","audit_status"
"LR-2022-NMBU-Qfhb-nmbu-1A-1","SU-2022-NMBU-NORDIC-GWAS","DF-NMBU-NORDIC-SPRING-300","PMID:35597885","https://pmc.ncbi.nlm.nih.gov/articles/PMC9271104/","Qfhb.nmbu.1A.1","1A","9000000","46000000","visual FHB + DON/Type III","author-defined physical QTL region from linked significant MTAs","IWGSC RefSeq v1.0","1A:9–46 Mb (author-defined region)","Region bounds are outer significant-marker positions/LD-defined display bounds, not a biparental recombination confidence interval","hcmQTL-1","Complete and European panels","favorable haplotypes reduce corrected FHB and/or DON; locus-specific allele details remain in supplement","NMBU spring wheat panel","300","not applicable","not applicable","spring wheat","Norway with trials in Canada and Austria; broad international germplasm","2022","analysis_ready"
"LR-2022-NMBU-Qfhb-nmbu-1A-2","SU-2022-NMBU-NORDIC-GWAS","DF-NMBU-NORDIC-SPRING-300","PMID:35597885","https://pmc.ncbi.nlm.nih.gov/articles/PMC9271104/","Qfhb.nmbu.1A.2","1A","520000000","590000000","visual FHB + DON/Type III","author-defined physical QTL region from linked significant MTAs","IWGSC RefSeq v1.0","1A:520–590 Mb (author-defined region)","Region bounds are outer significant-marker positions/LD-defined display bounds, not a biparental recombination confidence interval","hcmQTL-3|hcmQTL-4","Complete panel","favorable haplotypes reduce corrected FHB and/or DON; locus-specific allele details remain in supplement","NMBU spring wheat panel","300","not applicable","not applicable","spring wheat","Norway with trials in Canada and Austria; broad international germplasm","2022","analysis_ready"
"LR-2022-NMBU-Qfhb-nmbu-3A-1","SU-2022-NMBU-NORDIC-GWAS","DF-NMBU-NORDIC-SPRING-300","PMID:35597885","https://pmc.ncbi.nlm.nih.gov/articles/PMC9271104/","Qfhb.nmbu.3A.1","3A","683000000","738000000","visual FHB + DON/Type III","author-defined physical QTL region from linked significant MTAs","IWGSC RefSeq v1.0","3A:683–738 Mb (author-defined region)","Region bounds are outer significant-marker positions/LD-defined display bounds, not a biparental recombination confidence interval","","Complete and European panels","favorable haplotypes reduce corrected FHB and/or DON; locus-specific allele details remain in supplement","NMBU spring wheat panel","300","not applicable","not applicable","spring wheat","Norway with trials in Canada and Austria; broad international germplasm","2022","analysis_ready"
"LR-2022-NMBU-Qfhb-nmbu-3B-1","SU-2022-NMBU-NORDIC-GWAS","DF-NMBU-NORDIC-SPRING-300","PMID:35597885","https://pmc.ncbi.nlm.nih.gov/articles/PMC9271104/","Qfhb.nmbu.3B.1","3B","7000000","9000000","visual FHB + DON/Type III","author-defined physical QTL region from linked significant MTAs","IWGSC RefSeq v1.0","3B:7–9 Mb (author-defined region)","Region bounds are outer significant-marker positions/LD-defined display bounds, not a biparental recombination confidence interval","hcmQTL-29|hcmQTL-30","Complete panel","favorable haplotypes reduce corrected FHB and/or DON; locus-specific allele details remain in supplement","NMBU spring wheat panel","300","not applicable","not applicable","spring wheat","Norway with trials in Canada and Austria; broad international germplasm","2022","analysis_ready"
"LR-2022-NMBU-Qfhb-nmbu-4A-1","SU-2022-NMBU-NORDIC-GWAS","DF-NMBU-NORDIC-SPRING-300","PMID:35597885","https://pmc.ncbi.nlm.nih.gov/articles/PMC9271104/","Qfhb.nmbu.4A.1","4A","537000000","607000000","visual FHB + DON/Type III","author-defined physical QTL region from linked significant MTAs","IWGSC RefSeq v1.0","4A:537–607 Mb (author-defined region)","Region bounds are outer significant-marker positions/LD-defined display bounds, not a biparental recombination confidence interval","hcmQTL-33|hcmQTL-34","Complete panel","favorable haplotypes reduce corrected FHB and/or DON; locus-specific allele details remain in supplement","NMBU spring wheat panel","300","not applicable","not applicable","spring wheat","Norway with trials in Canada and Austria; broad international germplasm","2022","analysis_ready"
"LR-2022-NMBU-Qfhb-nmbu-4A-2","SU-2022-NMBU-NORDIC-GWAS","DF-NMBU-NORDIC-SPRING-300","PMID:35597885","https://pmc.ncbi.nlm.nih.gov/articles/PMC9271104/","Qfhb.nmbu.4A.2","4A","721000000","743000000","visual FHB + DON/Type III","author-defined physical QTL region from linked significant MTAs","IWGSC RefSeq v1.0","4A:721–743 Mb (author-defined region)","Region bounds are outer significant-marker positions/LD-defined display bounds, not a biparental recombination confidence interval","hcmQTL-37","Complete and European panels","favorable haplotypes reduce corrected FHB and/or DON; locus-specific allele details remain in supplement","NMBU spring wheat panel","300","not applicable","not applicable","spring wheat","Norway with trials in Canada and Austria; broad international germplasm","2022","analysis_ready"
"LR-2022-NMBU-Qfhb-nmbu-4B-1","SU-2022-NMBU-NORDIC-GWAS","DF-NMBU-NORDIC-SPRING-300","PMID:35597885","https://pmc.ncbi.nlm.nih.gov/articles/PMC9271104/","Qfhb.nmbu.4B.1","4B","527000000","609000000","visual FHB + DON/Type III","author-defined physical QTL region from linked significant MTAs","IWGSC RefSeq v1.0","4B:527–609 Mb (author-defined region)","Region bounds are outer significant-marker positions/LD-defined display bounds, not a biparental recombination confidence interval","","European panel","favorable haplotypes reduce corrected FHB and/or DON; locus-specific allele details remain in supplement","NMBU spring wheat panel","300","not applicable","not applicable","spring wheat","Norway with trials in Canada and Austria; broad international germplasm","2022","analysis_ready"
"LR-2022-NMBU-Qfhb-nmbu-5A-1","SU-2022-NMBU-NORDIC-GWAS","DF-NMBU-NORDIC-SPRING-300","PMID:35597885","https://pmc.ncbi.nlm.nih.gov/articles/PMC9271104/","Qfhb.nmbu.5A.1","5A","480000000","552000000","visual FHB + DON/Type III","author-defined physical QTL region from linked significant MTAs","IWGSC RefSeq v1.0","5A:480–552 Mb (author-defined region)","Region bounds are outer significant-marker positions/LD-defined display bounds, not a biparental recombination confidence interval","","Complete and European panels","favorable haplotypes reduce corrected FHB and/or DON; locus-specific allele details remain in supplement","NMBU spring wheat panel","300","not applicable","not applicable","spring wheat","Norway with trials in Canada and Austria; broad international germplasm","2022","analysis_ready"
"LR-2022-NMBU-Qfhb-nmbu-6A-2","SU-2022-NMBU-NORDIC-GWAS","DF-NMBU-NORDIC-SPRING-300","PMID:35597885","https://pmc.ncbi.nlm.nih.gov/articles/PMC9271104/","Qfhb.nmbu.6A.2","6A","608000000","609000000","visual FHB + DON/Type III","author-defined physical QTL region from linked significant MTAs","IWGSC RefSeq v1.0","6A:608–609 Mb (author-defined region)","Region bounds are outer significant-marker positions/LD-defined display bounds, not a biparental recombination confidence interval Table–prose locus-number mismatch is retained as an audit flag.","","Complete and European panels","favorable haplotypes reduce corrected FHB and/or DON; locus-specific allele details remain in supplement","NMBU spring wheat panel","300","not applicable","not applicable","spring wheat","Norway with trials in Canada and Austria; broad international germplasm","2022","analysis_ready"
"LR-2022-NMBU-Qfhb-nmbu-6B-1","SU-2022-NMBU-NORDIC-GWAS","DF-NMBU-NORDIC-SPRING-300","PMID:35597885","https://pmc.ncbi.nlm.nih.gov/articles/PMC9271104/","Qfhb.nmbu.6B.1","6B","630000000","688000000","visual FHB + DON/Type III","author-defined physical QTL region from linked significant MTAs","IWGSC RefSeq v1.0","6B:630–688 Mb (author-defined region)","Region bounds are outer significant-marker positions/LD-defined display bounds, not a biparental recombination confidence interval","hcmQTL-65","Complete and European panels","favorable haplotypes reduce corrected FHB and/or DON; locus-specific allele details remain in supplement","NMBU spring wheat panel","300","not applicable","not applicable","spring wheat","Norway with trials in Canada and Austria; broad international germplasm","2022","analysis_ready"
"LR-2022-NMBU-Qfhb-nmbu-7A-1","SU-2022-NMBU-NORDIC-GWAS","DF-NMBU-NORDIC-SPRING-300","PMID:35597885","https://pmc.ncbi.nlm.nih.gov/articles/PMC9271104/","Qfhb.nmbu.7A.1","7A","120000000","129000000","visual FHB + DON/Type III","author-defined physical QTL region from linked significant MTAs","IWGSC RefSeq v1.0","7A:120–129 Mb (author-defined region)","Region bounds are outer significant-marker positions/LD-defined display bounds, not a biparental recombination confidence interval","hcmQTL-67","Complete and European panels","favorable haplotypes reduce corrected FHB and/or DON; locus-specific allele details remain in supplement","NMBU spring wheat panel","300","not applicable","not applicable","spring wheat","Norway with trials in Canada and Austria; broad international germplasm","2022","analysis_ready"
"LR-2022-NMBU-Qfhb-nmbu-7A-2","SU-2022-NMBU-NORDIC-GWAS","DF-NMBU-NORDIC-SPRING-300","PMID:35597885","https://pmc.ncbi.nlm.nih.gov/articles/PMC9271104/","Qfhb.nmbu.7A.2","7A","670000000","710000000","visual FHB + DON/Type III","author-defined physical QTL region from linked significant MTAs","IWGSC RefSeq v1.0","7A:670–710 Mb (author-defined region)","Region bounds are outer significant-marker positions/LD-defined display bounds, not a biparental recombination confidence interval","hcmQTL-69|hcmQTL-70","Complete and European panels","favorable haplotypes reduce corrected FHB and/or DON; locus-specific allele details remain in supplement","NMBU spring wheat panel","300","not applicable","not applicable","spring wheat","Norway with trials in Canada and Austria; broad international germplasm","2022","analysis_ready"
"LR-2021-BRAZIL-ANAHUAC-BR18-QME-Fhb-jic-5B","SU-2021-BRAZIL-ANAHUAC-BR18","DF-BRAZIL-BR18-TWOPOP","PMID:33684152","https://pmc.ncbi.nlm.nih.gov/articles/PMC7939358/","QME.Fhb.jic-5B","5B","580686304","580686304","visual FHB severity/AUDPC","author-reported peak-marker physical position","IWGSC RefSeq v1.1","5B:580,686,304 bp peak marker; no author-reported physical flanking bounds for the FHB interval","Genetic CI is 187.8–218.2 cM. Nearby flowering-time physical interval must not be substituted for the FHB QTL interval.","","BR 18-Terena","BR 18 allele reduces FHB symptoms","Anahuac 75 × BR 18-Terena","188","Anahuac 75 (moderate-high visual resistance)","BR 18-Terena for visual FHB; trait-dependent donor direction","spring wheat","United Kingdom field trials; Brazilian parental germplasm","2021","analysis_ready"
"LR-2021-BRAZIL-BRS179-BR18-QME-Fhb-jic-7A","SU-2021-BRAZIL-BRS179-BR18","DF-BRAZIL-BR18-TWOPOP","PMID:33684152","https://pmc.ncbi.nlm.nih.gov/articles/PMC7939358/","QME.Fhb.jic-7A","7A","7586807","7586807","visual FHB severity/AUDPC","author-reported peak-marker physical position","IWGSC RefSeq v1.1","7A:7,586,807 bp peak marker; no author-reported physical flanking bounds","Genetic CI is 0.0–40.1 cM; displayed as a point until marker-sequence alignment supplies physical flanks.","","BRS 179","BRS 179 allele reduces FHB symptoms","BRS 179 × BR 18-Terena","188","BRS 179 (moderate-high visual resistance)","BR 18-Terena for visual FHB; BR 18 contributes favorable DON allele at 4B","spring wheat","United Kingdom and Brazil","2021","analysis_ready"
"LR-2021-BRAZIL-BRS179-BR18-QME-Don-jic-4B","SU-2021-BRAZIL-BRS179-BR18","DF-BRAZIL-BR18-TWOPOP","PMID:33684152","https://pmc.ncbi.nlm.nih.gov/articles/PMC7939358/","QME.Don.jic-4B","4B","527900000","583330000","DON/Type III","author-reported physical region and peak marker","IWGSC RefSeq v1.1","4B:527.90–583.33 Mb; peak 539,505,292 bp","Physical bounds are rounded in discussion; exact flanking-marker positions require Supplementary Table/Figure recovery.","","BR 18-Terena","BR 18 allele reduces DON accumulation","BRS 179 × BR 18-Terena","188","BRS 179 (moderate-high visual resistance)","BR 18-Terena for visual FHB; BR 18 contributes favorable DON allele at 4B","spring wheat","United Kingdom and Brazil","2021","analysis_ready"
"LR-2020-JZ66-QFhb-hbaas-2DS","SU-2020-JZ66-AK58-DH","DF-JZ66-AK58-DH-209","PMID:32806760","https://pmc.ncbi.nlm.nih.gov/articles/PMC7465298/","QFhb.hbaas-2DS","2D","23400000","26300000","visual FHB index (Type I+II field composite)","author-reported flanking-marker physical intervals, consolidated by QTL name","IWGSC Chinese Spring RefSeq v1.0","2D:23.4-26.3 Mb (envelope of author-grouped environment rows)","Environment-specific intervals were enveloped within one author-defined QTL; this is not a fine-mapping interval","hcmQTL-19","Jingzhou 66","positive additive values increase FHB index; source footnote assigns these effects to AK58, so JZ66 carries the resistance-reducing allele","Jingzhou 66 × Aikang 58","209","Jingzhou 66","Aikang 58","Chinese bread wheat cultivars","Wuhan, Ezhou and Jingzhou, Hubei, China","2020","analysis_ready"
"LR-2020-JZ66-QFhb-hbaas-3AS","SU-2020-JZ66-AK58-DH","DF-JZ66-AK58-DH-209","PMID:32806760","https://pmc.ncbi.nlm.nih.gov/articles/PMC7465298/","QFhb.hbaas-3AS","3A","54800000","67600000","visual FHB index (Type I+II field composite)","author-reported flanking-marker physical intervals, consolidated by QTL name","IWGSC Chinese Spring RefSeq v1.0","3A:54.8-67.6 Mb (envelope of author-grouped environment rows)","Environment-specific intervals were enveloped within one author-defined QTL; this is not a fine-mapping interval","hcmQTL-26|hcmQTL-27","Jingzhou 66","positive additive values increase FHB index; source footnote assigns these effects to AK58, so JZ66 carries the resistance-reducing allele","Jingzhou 66 × Aikang 58","209","Jingzhou 66","Aikang 58","Chinese bread wheat cultivars","Wuhan, Ezhou and Jingzhou, Hubei, China","2020","analysis_ready"
"LR-2020-JZ66-QFhb-hbaas-3AL","SU-2020-JZ66-AK58-DH","DF-JZ66-AK58-DH-209","PMID:32806760","https://pmc.ncbi.nlm.nih.gov/articles/PMC7465298/","QFhb.hbaas-3AL","3A","530900000","617600000","visual FHB index (Type I+II field composite)","author-reported flanking-marker physical intervals, consolidated by QTL name","IWGSC Chinese Spring RefSeq v1.0","3A:530.9-617.6 Mb (envelope of author-grouped environment rows)","Environment-specific intervals were enveloped within one author-defined QTL; this is not a fine-mapping interval","","Jingzhou 66","positive additive values increase FHB index; source footnote assigns these effects to AK58, so JZ66 carries the resistance-reducing allele","Jingzhou 66 × Aikang 58","209","Jingzhou 66","Aikang 58","Chinese bread wheat cultivars","Wuhan, Ezhou and Jingzhou, Hubei, China","2020","analysis_ready"
"LR-2020-JZ66-QFhb-hbaas-3DL","SU-2020-JZ66-AK58-DH","DF-JZ66-AK58-DH-209","PMID:32806760","https://pmc.ncbi.nlm.nih.gov/articles/PMC7465298/","QFhb.hbaas-3DL","3D","536000000","566100000","visual FHB index (Type I+II field composite)","author-reported flanking-marker physical intervals, consolidated by QTL name","IWGSC Chinese Spring RefSeq v1.0","3D:536-566.1 Mb (envelope of author-grouped environment rows)","Environment-specific intervals were enveloped within one author-defined QTL; this is not a fine-mapping interval","","Jingzhou 66","positive additive values increase FHB index; source footnote assigns these effects to AK58, so JZ66 carries the resistance-reducing allele","Jingzhou 66 × Aikang 58","209","Jingzhou 66","Aikang 58","Chinese bread wheat cultivars","Wuhan, Ezhou and Jingzhou, Hubei, China","2020","analysis_ready"
"LR-2020-JZ66-QFhb-hbaas-4DS","SU-2020-JZ66-AK58-DH","DF-JZ66-AK58-DH-209","PMID:32806760","https://pmc.ncbi.nlm.nih.gov/articles/PMC7465298/","QFhb.hbaas-4DS","4D","15200000","31300000","visual FHB index (Type I+II field composite)","author-reported flanking-marker physical intervals, consolidated by QTL name","IWGSC Chinese Spring RefSeq v1.0","4D:15.2-31.3 Mb (envelope of author-grouped environment rows)","Environment-specific intervals were enveloped within one author-defined QTL; this is not a fine-mapping interval","","Jingzhou 66","positive additive values increase FHB index; source footnote assigns these effects to AK58, so JZ66 carries the resistance-reducing allele","Jingzhou 66 × Aikang 58","209","Jingzhou 66","Aikang 58","Chinese bread wheat cultivars","Wuhan, Ezhou and Jingzhou, Hubei, China","2020","analysis_ready"
"LR-2020-JZ66-QFhb-hbaas-5DL","SU-2020-JZ66-AK58-DH","DF-JZ66-AK58-DH-209","PMID:32806760","https://pmc.ncbi.nlm.nih.gov/articles/PMC7465298/","QFhb.hbaas-5DL","5D","447900000","495200000","visual FHB index (Type I+II field composite)","author-reported flanking-marker physical intervals, consolidated by QTL name","IWGSC Chinese Spring RefSeq v1.0","5D:447.9-495.2 Mb (envelope of author-grouped environment rows)","Environment-specific intervals were enveloped within one author-defined QTL; this is not a fine-mapping interval","hcmQTL-55|hcmQTL-56","Jingzhou 66","positive additive values increase FHB index; source footnote assigns these effects to AK58, so JZ66 carries the resistance-reducing allele","Jingzhou 66 × Aikang 58","209","Jingzhou 66","Aikang 58","Chinese bread wheat cultivars","Wuhan, Ezhou and Jingzhou, Hubei, China","2020","analysis_ready"
"LR-2025-PS5V975-QFhb-haas-2DL","SU-2025-PS5V975-SUMAI3-RIL","DF-PS5V975-SUMAI3-RIL-215","PMID:41293465","https://pmc.ncbi.nlm.nih.gov/articles/PMC12640948/","QFhb.haas-2DL","2D","475000000","487600000","Type II spread resistance","author-reported physical interval between flanking SNPs","IWGSC Chinese Spring RefSeq v1.0","2D:475.0-487.6 Mb","linkage-QTL interval; candidate-gene ±3 Mb window is not used as the QTL boundary","","PS5/V975","6.4-6.9","PS5/V975 // Sumai 3","215","Sumai 3 overall; locus-specific favorable alleles also from PS5/V975","PS5/V975 was moderately susceptible overall","common wheat","Harbin and Gongzhuling, China","2025","analysis_ready"
"LR-2025-PS5V975-QFhb-haas-3BS","SU-2025-PS5V975-SUMAI3-RIL","DF-PS5V975-SUMAI3-RIL-215","PMID:41293465","https://pmc.ncbi.nlm.nih.gov/articles/PMC12640948/","QFhb.haas-3BS","3B","8000000","13900000","Type II spread resistance","author-reported physical interval between flanking SNPs","IWGSC Chinese Spring RefSeq v1.0","3B:8.0-13.9 Mb","linkage-QTL interval; candidate-gene ±3 Mb window is not used as the QTL boundary","hcmQTL-29|hcmQTL-30","Sumai 3","-8.9-10.9","PS5/V975 // Sumai 3","215","Sumai 3 overall; locus-specific favorable alleles also from PS5/V975","PS5/V975 was moderately susceptible overall","common wheat","Harbin and Gongzhuling, China","2025","analysis_ready"
"LR-2025-PS5V975-QFhb-haas-3BL","SU-2025-PS5V975-SUMAI3-RIL","DF-PS5V975-SUMAI3-RIL-215","PMID:41293465","https://pmc.ncbi.nlm.nih.gov/articles/PMC12640948/","QFhb.haas-3BL","3B","571100000","575100000","Type II spread resistance","author-reported physical interval between flanking SNPs","IWGSC Chinese Spring RefSeq v1.0","3B:571.1-575.1 Mb","linkage-QTL interval; candidate-gene ±3 Mb window is not used as the QTL boundary","hcmQTL-32","PS5/V975","7.2-17.2","PS5/V975 // Sumai 3","215","Sumai 3 overall; locus-specific favorable alleles also from PS5/V975","PS5/V975 was moderately susceptible overall","common wheat","Harbin and Gongzhuling, China","2025","analysis_ready"
"LR-2020-WAPS-IWB75039","SU-2020-WAPS-CHINA-GWAS","DF-WAPS-CHINESE-ELITE-240","PMID:32174947","https://pmc.ncbi.nlm.nih.gov/articles/PMC7056811/","QFhb.hbaas-1AS","1A","10000000","10000000","visual FHB index (field composite)","author-reported representative marker point","IWGSC Chinese Spring RefSeq v1.0","1A:10.0 Mb representative marker","peak point only; no source LD block or physical QTL boundary is claimed","","favorable allele reported in source","A/ G","Wheat Association Panel for Scab Research (WAPS)","240","not applicable","not applicable","Chinese elite wheat lines","Wuhan, Hubei, China","2020","analysis_ready"
"LR-2020-WAPS-Xgwm539","SU-2020-WAPS-CHINA-GWAS","DF-WAPS-CHINESE-ELITE-240","PMID:32174947","https://pmc.ncbi.nlm.nih.gov/articles/PMC7056811/","QFhb.hbaas-2DL","2D","513100000","513100000","visual FHB index (field composite)","author-reported representative marker point","IWGSC Chinese Spring RefSeq v1.0","2D:513.1 Mb representative marker","peak point only; no source LD block or physical QTL boundary is claimed","","favorable allele reported in source","Wuhan 1 allele / others","Wheat Association Panel for Scab Research (WAPS)","240","not applicable","not applicable","Chinese elite wheat lines","Wuhan, Hubei, China","2020","analysis_ready"
"LR-2020-WAPS-IWB21456","SU-2020-WAPS-CHINA-GWAS","DF-WAPS-CHINESE-ELITE-240","PMID:32174947","https://pmc.ncbi.nlm.nih.gov/articles/PMC7056811/","QFhb.hbaas-5AS","5A","9600000","9600000","visual FHB index (field composite)","author-reported representative marker point","IWGSC Chinese Spring RefSeq v1.0","5A:9.6 Mb representative marker","peak point only; no source LD block or physical QTL boundary is claimed","","favorable allele reported in source","A /G","Wheat Association Panel for Scab Research (WAPS)","240","not applicable","not applicable","Chinese elite wheat lines","Wuhan, Hubei, China","2020","analysis_ready"
"LR-2020-WAPS-IWB42293","SU-2020-WAPS-CHINA-GWAS","DF-WAPS-CHINESE-ELITE-240","PMID:32174947","https://pmc.ncbi.nlm.nih.gov/articles/PMC7056811/","QFhb.hbaas-5AL","5A","540600000","540600000","visual FHB index (field composite)","author-reported representative marker point","IWGSC Chinese Spring RefSeq v1.0","5A:540.6 Mb representative marker","peak point only; no source LD block or physical QTL boundary is claimed","","favorable allele reported in source","A/ G","Wheat Association Panel for Scab Research (WAPS)","240","not applicable","not applicable","Chinese elite wheat lines","Wuhan, Hubei, China","2020","analysis_ready"
"LR-2020-WAPS-IWB15569","SU-2020-WAPS-CHINA-GWAS","DF-WAPS-CHINESE-ELITE-240","PMID:32174947","https://pmc.ncbi.nlm.nih.gov/articles/PMC7056811/","QFhb.hbaas-7DS","7D","23500000","23500000","visual FHB index (field composite)","author-reported representative marker point","IWGSC Chinese Spring RefSeq v1.0","7D:23.5 Mb representative marker","peak point only; no source LD block or physical QTL boundary is claimed","","favorable allele reported in source","C/ T","Wheat Association Panel for Scab Research (WAPS)","240","not applicable","not applicable","Chinese elite wheat lines","Wuhan, Hubei, China","2020","analysis_ready"
"LR-2023-CANAMP-1-QTN2D-7-31-162-184-280","SU-2023-CANADIAN-AMP-MRMLM","DF-CANADIAN-AMP-192-2015-2017","PMID:37457352","https://pmc.ncbi.nlm.nih.gov/articles/PMC10346453/","QTN2D_7-31-162-184-280","2D","62957090","62957090","multi-environment visual FHB traits","Table 4 representative QTN point detected in at least two environments","IWGSC Chinese Spring RefSeq v1.0","2D:62957090 bp representative QTN","peak point only; corresponding RefSeq v2.1 gene coordinates are not substituted for the QTN position","","reported genotype/effect in Table 4","-9.4 to 24.6","Canadian spring wheat AMP","192","not applicable","not applicable","spring wheat","Morden, Brandon and Ottawa, Canada","2023","analysis_ready"
"LR-2023-CANAMP-2-QTN3B-9-16-32-77-89-96-164-185","SU-2023-CANADIAN-AMP-MRMLM","DF-CANADIAN-AMP-192-2015-2017","PMID:37457352","https://pmc.ncbi.nlm.nih.gov/articles/PMC10346453/","QTN3B_9-16-32-77-89-96-164-185","3B","10708086","10708086","multi-environment visual FHB traits","Table 4 representative QTN point detected in at least two environments","IWGSC Chinese Spring RefSeq v1.0","3B:10708086 bp representative QTN","peak point only; corresponding RefSeq v2.1 gene coordinates are not substituted for the QTN position","","reported genotype/effect in Table 4","11-13.2","Canadian spring wheat AMP","192","not applicable","not applicable","spring wheat","Morden, Brandon and Ottawa, Canada","2023","analysis_ready"
"LR-2023-CANAMP-3-QTN5A-80-102-130-260","SU-2023-CANADIAN-AMP-MRMLM","DF-CANADIAN-AMP-192-2015-2017","PMID:37457352","https://pmc.ncbi.nlm.nih.gov/articles/PMC10346453/","QTN5A_80-102-130-260","5A","706240306","706240306","multi-environment visual FHB traits","Table 4 representative QTN point detected in at least two environments","IWGSC Chinese Spring RefSeq v1.0","5A:706240306 bp representative QTN","peak point only; corresponding RefSeq v2.1 gene coordinates are not substituted for the QTN position","","reported genotype/effect in Table 4","5.1","Canadian spring wheat AMP","192","not applicable","not applicable","spring wheat","Morden, Brandon and Ottawa, Canada","2023","analysis_ready"
"LR-2023-CANAMP-4-QTN6B-92-106-272","SU-2023-CANADIAN-AMP-MRMLM","DF-CANADIAN-AMP-192-2015-2017","PMID:37457352","https://pmc.ncbi.nlm.nih.gov/articles/PMC10346453/","QTN6B_92-106-272","6B","234560063","234560063","multi-environment visual FHB traits","Table 4 representative QTN point detected in at least two environments","IWGSC Chinese Spring RefSeq v1.0","6B:234560063 bp representative QTN","peak point only; corresponding RefSeq v2.1 gene coordinates are not substituted for the QTN position","","reported genotype/effect in Table 4","-4.8","Canadian spring wheat AMP","192","not applicable","not applicable","spring wheat","Morden, Brandon and Ottawa, Canada","2023","analysis_ready"
"LR-2023-CANAMP-5-QTN7A-40-274-288-173-197","SU-2023-CANADIAN-AMP-MRMLM","DF-CANADIAN-AMP-192-2015-2017","PMID:37457352","https://pmc.ncbi.nlm.nih.gov/articles/PMC10346453/","QTN7A_40-274-288-173-197","7A","23328723","23328723","multi-environment visual FHB traits","Table 4 representative QTN point detected in at least two environments","IWGSC Chinese Spring RefSeq v1.0","7A:23328723 bp representative QTN","peak point only; corresponding RefSeq v2.1 gene coordinates are not substituted for the QTN position","","reported genotype/effect in Table 4","6.6","Canadian spring wheat AMP","192","not applicable","not applicable","spring wheat","Morden, Brandon and Ottawa, Canada","2023","analysis_ready"
"LR-2023-CANAMP-6-QTN7A-200-266-273-287","SU-2023-CANADIAN-AMP-MRMLM","DF-CANADIAN-AMP-192-2015-2017","PMID:37457352","https://pmc.ncbi.nlm.nih.gov/articles/PMC10346453/","QTN7A_200-266-273-287","7A","712056803","712056803","multi-environment visual FHB traits","Table 4 representative QTN point detected in at least two environments","IWGSC Chinese Spring RefSeq v1.0","7A:712056803 bp representative QTN","peak point only; corresponding RefSeq v2.1 gene coordinates are not substituted for the QTN position","","reported genotype/effect in Table 4","-5.39","Canadian spring wheat AMP","192","not applicable","not applicable","spring wheat","Morden, Brandon and Ottawa, Canada","2023","analysis_ready"
"LR-2023-CANAMP-7-QTN7B-26-267","SU-2023-CANADIAN-AMP-MRMLM","DF-CANADIAN-AMP-192-2015-2017","PMID:37457352","https://pmc.ncbi.nlm.nih.gov/articles/PMC10346453/","QTN7B_26-267","7B","742464077","742464077","multi-environment visual FHB traits","Table 4 representative QTN point detected in at least two environments","IWGSC Chinese Spring RefSeq v1.0","7B:742464077 bp representative QTN","peak point only; corresponding RefSeq v2.1 gene coordinates are not substituted for the QTN position","","reported genotype/effect in Table 4","-3.8","Canadian spring wheat AMP","192","not applicable","not applicable","spring wheat","Morden, Brandon and Ottawa, Canada","2023","analysis_ready"
"LR-2023-CANAMP-8-QTN1A-46-252","SU-2023-CANADIAN-AMP-MRMLM","DF-CANADIAN-AMP-192-2015-2017","PMID:37457352","https://pmc.ncbi.nlm.nih.gov/articles/PMC10346453/","QTN1A_46-252","1A","508555158","508555158","multi-environment visual FHB traits","Table 4 representative QTN point detected in at least two environments","IWGSC Chinese Spring RefSeq v1.0","1A:508555158 bp representative QTN","peak point only; corresponding RefSeq v2.1 gene coordinates are not substituted for the QTN position","","reported genotype/effect in Table 4","-1.0","Canadian spring wheat AMP","192","not applicable","not applicable","spring wheat","Morden, Brandon and Ottawa, Canada","2023","analysis_ready"
"LR-2023-CANAMP-9-QTN1D-49-255","SU-2023-CANADIAN-AMP-MRMLM","DF-CANADIAN-AMP-192-2015-2017","PMID:37457352","https://pmc.ncbi.nlm.nih.gov/articles/PMC10346453/","QTN1D_49-255","1D","238060333","238060333","multi-environment visual FHB traits","Table 4 representative QTN point detected in at least two environments","IWGSC Chinese Spring RefSeq v1.0","1D:238060333 bp representative QTN","peak point only; corresponding RefSeq v2.1 gene coordinates are not substituted for the QTN position","","reported genotype/effect in Table 4","1.2-1.3","Canadian spring wheat AMP","192","not applicable","not applicable","spring wheat","Morden, Brandon and Ottawa, Canada","2023","analysis_ready"
"LR-2023-CANAMP-10-QTN6B-59-262","SU-2023-CANADIAN-AMP-MRMLM","DF-CANADIAN-AMP-192-2015-2017","PMID:37457352","https://pmc.ncbi.nlm.nih.gov/articles/PMC10346453/","QTN6B_59-262","6B","558926756","558926756","multi-environment visual FHB traits","Table 4 representative QTN point detected in at least two environments","IWGSC Chinese Spring RefSeq v1.0","6B:558926756 bp representative QTN","peak point only; corresponding RefSeq v2.1 gene coordinates are not substituted for the QTN position","","reported genotype/effect in Table 4","-1.6","Canadian spring wheat AMP","192","not applicable","not applicable","spring wheat","Morden, Brandon and Ottawa, Canada","2023","analysis_ready"
"LR-2023-CANAMP-11-QTN6B-70-169-194","SU-2023-CANADIAN-AMP-MRMLM","DF-CANADIAN-AMP-192-2015-2017","PMID:37457352","https://pmc.ncbi.nlm.nih.gov/articles/PMC10346453/","QTN6B_70-169-194","6B","645659866","645659866","multi-environment visual FHB traits","Table 4 representative QTN point detected in at least two environments","IWGSC Chinese Spring RefSeq v1.0","6B:645659866 bp representative QTN","peak point only; corresponding RefSeq v2.1 gene coordinates are not substituted for the QTN position","","reported genotype/effect in Table 4","4.04","Canadian spring wheat AMP","192","not applicable","not applicable","spring wheat","Morden, Brandon and Ottawa, Canada","2023","analysis_ready"
"LR-2023-CANAMP-12-QTN7B-13-45-83-94-108-154-176-201-276-291","SU-2023-CANADIAN-AMP-MRMLM","DF-CANADIAN-AMP-192-2015-2017","PMID:37457352","https://pmc.ncbi.nlm.nih.gov/articles/PMC10346453/","QTN7B_13-45-83-94-108-154-176-201-276-291","7B","670278986","670278986","multi-environment visual FHB traits","Table 4 representative QTN point detected in at least two environments","IWGSC Chinese Spring RefSeq v1.0","7B:670278986 bp representative QTN","peak point only; corresponding RefSeq v2.1 gene coordinates are not substituted for the QTN position","","reported genotype/effect in Table 4","7.0","Canadian spring wheat AMP","192","not applicable","not applicable","spring wheat","Morden, Brandon and Ottawa, Canada","2023","analysis_ready"
"LR-2022-CIMCHINA-4910975","SU-2022-CIMMYT-CHINA-GWAS","DF-CIMMYT-CHINA-PANEL-265","PMID:36246592","https://pmc.ncbi.nlm.nih.gov/articles/PMC9561102/","MTA-4910975","1A","31918043","31918043","FHB resistance across field assessment categories","author-defined locus representative SNP after within-LD grouping","IWGSC Chinese Spring RefSeq v1.0","1A:31918043 bp representative marker","peak point only; other SNPs grouped under markers 1099971 and 1157139 are not counted as independent evidence","hcmQTL-1","resistance-allele frequency 15.66%","A/G","CIMMYT–China panel","265","not applicable","not applicable","mostly spring wheat","Mexico and China; worldwide-origin panel","2022","analysis_ready"
"LR-2022-CIMCHINA-1099971","SU-2022-CIMMYT-CHINA-GWAS","DF-CIMMYT-CHINA-PANEL-265","PMID:36246592","https://pmc.ncbi.nlm.nih.gov/articles/PMC9561102/","MTA-1099971","1A","480934139","480934139","FHB resistance across field assessment categories","author-defined locus representative SNP after within-LD grouping","IWGSC Chinese Spring RefSeq v1.0","1A:480934139 bp representative marker","peak point only; other SNPs grouped under markers 1099971 and 1157139 are not counted as independent evidence","","resistance-allele frequency 21.26%","C/T","CIMMYT–China panel","265","not applicable","not applicable","mostly spring wheat","Mexico and China; worldwide-origin panel","2022","analysis_ready"
"LR-2022-CIMCHINA-1081753","SU-2022-CIMMYT-CHINA-GWAS","DF-CIMMYT-CHINA-PANEL-265","PMID:36246592","https://pmc.ncbi.nlm.nih.gov/articles/PMC9561102/","MTA-1081753","1B","258837217","258837217","FHB resistance across field assessment categories","author-defined locus representative SNP after within-LD grouping","IWGSC Chinese Spring RefSeq v1.0","1B:258837217 bp representative marker","peak point only; other SNPs grouped under markers 1099971 and 1157139 are not counted as independent evidence","","resistance-allele frequency 5.63%","T/C","CIMMYT–China panel","265","not applicable","not applicable","mostly spring wheat","Mexico and China; worldwide-origin panel","2022","analysis_ready"
"LR-2022-CIMCHINA-1055088","SU-2022-CIMMYT-CHINA-GWAS","DF-CIMMYT-CHINA-PANEL-265","PMID:36246592","https://pmc.ncbi.nlm.nih.gov/articles/PMC9561102/","MTA-1055088","2B","73002236","73002236","FHB resistance across field assessment categories","author-defined locus representative SNP after within-LD grouping","IWGSC Chinese Spring RefSeq v1.0","2B:73002236 bp representative marker","peak point only; other SNPs grouped under markers 1099971 and 1157139 are not counted as independent evidence","","resistance-allele frequency 48.58%","T/G","CIMMYT–China panel","265","not applicable","not applicable","mostly spring wheat","Mexico and China; worldwide-origin panel","2022","analysis_ready"
"LR-2022-CIMCHINA-1044062","SU-2022-CIMMYT-CHINA-GWAS","DF-CIMMYT-CHINA-PANEL-265","PMID:36246592","https://pmc.ncbi.nlm.nih.gov/articles/PMC9561102/","MTA-1044062","4B","572558191","572558191","FHB resistance across field assessment categories","author-defined locus representative SNP after within-LD grouping","IWGSC Chinese Spring RefSeq v1.0","4B:572558191 bp representative marker","peak point only; other SNPs grouped under markers 1099971 and 1157139 are not counted as independent evidence","","resistance-allele frequency 8.12%","A/G","CIMMYT–China panel","265","not applicable","not applicable","mostly spring wheat","Mexico and China; worldwide-origin panel","2022","analysis_ready"
"LR-2022-CIMCHINA-3026949","SU-2022-CIMMYT-CHINA-GWAS","DF-CIMMYT-CHINA-PANEL-265","PMID:36246592","https://pmc.ncbi.nlm.nih.gov/articles/PMC9561102/","MTA-3026949","4D","35405745","35405745","FHB resistance across field assessment categories","author-defined locus representative SNP after within-LD grouping","IWGSC Chinese Spring RefSeq v1.0","4D:35405745 bp representative marker","peak point only; other SNPs grouped under markers 1099971 and 1157139 are not counted as independent evidence","","resistance-allele frequency 4.31%","A/G","CIMMYT–China panel","265","not applicable","not applicable","mostly spring wheat","Mexico and China; worldwide-origin panel","2022","analysis_ready"
"LR-2022-CIMCHINA-979146","SU-2022-CIMMYT-CHINA-GWAS","DF-CIMMYT-CHINA-PANEL-265","PMID:36246592","https://pmc.ncbi.nlm.nih.gov/articles/PMC9561102/","MTA-979146","5A","466024980","466024980","FHB resistance across field assessment categories","author-defined locus representative SNP after within-LD grouping","IWGSC Chinese Spring RefSeq v1.0","5A:466024980 bp representative marker","peak point only; other SNPs grouped under markers 1099971 and 1157139 are not counted as independent evidence","hcmQTL-46","resistance-allele frequency 94.62%","G/A","CIMMYT–China panel","265","not applicable","not applicable","mostly spring wheat","Mexico and China; worldwide-origin panel","2022","analysis_ready"
"LR-2022-CIMCHINA-1157139","SU-2022-CIMMYT-CHINA-GWAS","DF-CIMMYT-CHINA-PANEL-265","PMID:36246592","https://pmc.ncbi.nlm.nih.gov/articles/PMC9561102/","MTA-1157139","5A","697068377","697068377","FHB resistance across field assessment categories","author-defined locus representative SNP after within-LD grouping","IWGSC Chinese Spring RefSeq v1.0","5A:697068377 bp representative marker","peak point only; other SNPs grouped under markers 1099971 and 1157139 are not counted as independent evidence","","resistance-allele frequency 6.05%","T/C","CIMMYT–China panel","265","not applicable","not applicable","mostly spring wheat","Mexico and China; worldwide-origin panel","2022","analysis_ready"
"LR-2022-CIMCHINA-1229379","SU-2022-CIMMYT-CHINA-GWAS","DF-CIMMYT-CHINA-PANEL-265","PMID:36246592","https://pmc.ncbi.nlm.nih.gov/articles/PMC9561102/","MTA-1229379","7A","706764943","706764943","FHB resistance across field assessment categories","author-defined locus representative SNP after within-LD grouping","IWGSC Chinese Spring RefSeq v1.0","7A:706764943 bp representative marker","peak point only; other SNPs grouped under markers 1099971 and 1157139 are not counted as independent evidence","","resistance-allele frequency 18.11%","G/C","CIMMYT–China panel","265","not applicable","not applicable","mostly spring wheat","Mexico and China; worldwide-origin panel","2022","analysis_ready"
"LR-2022-CIMCHINA-1034520","SU-2022-CIMMYT-CHINA-GWAS","DF-CIMMYT-CHINA-PANEL-265","PMID:36246592","https://pmc.ncbi.nlm.nih.gov/articles/PMC9561102/","MTA-1034520","7B","701319079","701319079","FHB resistance across field assessment categories","author-defined locus representative SNP after within-LD grouping","IWGSC Chinese Spring RefSeq v1.0","7B:701319079 bp representative marker","peak point only; other SNPs grouped under markers 1099971 and 1157139 are not counted as independent evidence","","resistance-allele frequency 19.60%","C/A","CIMMYT–China panel","265","not applicable","not applicable","mostly spring wheat","Mexico and China; worldwide-origin panel","2022","analysis_ready"
"LR-2022-CIMCHINA-3956613","SU-2022-CIMMYT-CHINA-GWAS","DF-CIMMYT-CHINA-PANEL-265","PMID:36246592","https://pmc.ncbi.nlm.nih.gov/articles/PMC9561102/","MTA-3956613","2B","753628598","753628598","DON/Type III-associated","author-defined locus representative SNP after within-LD grouping","IWGSC Chinese Spring RefSeq v1.0","2B:753628598 bp representative marker","peak point only; other SNPs grouped under markers 1099971 and 1157139 are not counted as independent evidence","","resistance-allele frequency 21.20%","G/A","CIMMYT–China panel","265","not applicable","not applicable","mostly spring wheat","Mexico and China; worldwide-origin panel","2022","analysis_ready"
"LR-2022-CIMCHINA-1285715","SU-2022-CIMMYT-CHINA-GWAS","DF-CIMMYT-CHINA-PANEL-265","PMID:36246592","https://pmc.ncbi.nlm.nih.gov/articles/PMC9561102/","MTA-1285715","3A","705290933","705290933","DON/Type III-associated","author-defined locus representative SNP after within-LD grouping","IWGSC Chinese Spring RefSeq v1.0","3A:705290933 bp representative marker","peak point only; other SNPs grouped under markers 1099971 and 1157139 are not counted as independent evidence","","resistance-allele frequency 67.57%","T/C","CIMMYT–China panel","265","not applicable","not applicable","mostly spring wheat","Mexico and China; worldwide-origin panel","2022","analysis_ready"
"LR-2022-CIMCHINA-1218288","SU-2022-CIMMYT-CHINA-GWAS","DF-CIMMYT-CHINA-PANEL-265","PMID:36246592","https://pmc.ncbi.nlm.nih.gov/articles/PMC9561102/","MTA-1218288","3D","571054888","571054888","DON/Type III-associated","author-defined locus representative SNP after within-LD grouping","IWGSC Chinese Spring RefSeq v1.0","3D:571054888 bp representative marker","peak point only; other SNPs grouped under markers 1099971 and 1157139 are not counted as independent evidence","","resistance-allele frequency 68.25%","A/G","CIMMYT–China panel","265","not applicable","not applicable","mostly spring wheat","Mexico and China; worldwide-origin panel","2022","analysis_ready"
"LR-2022-CIMCHINA-1091396","SU-2022-CIMMYT-CHINA-GWAS","DF-CIMMYT-CHINA-PANEL-265","PMID:36246592","https://pmc.ncbi.nlm.nih.gov/articles/PMC9561102/","MTA-1091396","4D","502708990","502708990","DON/Type III-associated","author-defined locus representative SNP after within-LD grouping","IWGSC Chinese Spring RefSeq v1.0","4D:502708990 bp representative marker","peak point only; other SNPs grouped under markers 1099971 and 1157139 are not counted as independent evidence","","resistance-allele frequency 6.92%","T/C","CIMMYT–China panel","265","not applicable","not applicable","mostly spring wheat","Mexico and China; worldwide-origin panel","2022","analysis_ready"
"LR-2022-CIMCHINA-989900","SU-2022-CIMMYT-CHINA-GWAS","DF-CIMMYT-CHINA-PANEL-265","PMID:36246592","https://pmc.ncbi.nlm.nih.gov/articles/PMC9561102/","MTA-989900","5A","666683794","666683794","DON/Type III-associated","author-defined locus representative SNP after within-LD grouping","IWGSC Chinese Spring RefSeq v1.0","5A:666683794 bp representative marker","peak point only; other SNPs grouped under markers 1099971 and 1157139 are not counted as independent evidence","","resistance-allele frequency 90.77%","C/A","CIMMYT–China panel","265","not applicable","not applicable","mostly spring wheat","Mexico and China; worldwide-origin panel","2022","analysis_ready"
"LR-2022-CIMCHINA-1091498","SU-2022-CIMMYT-CHINA-GWAS","DF-CIMMYT-CHINA-PANEL-265","PMID:36246592","https://pmc.ncbi.nlm.nih.gov/articles/PMC9561102/","MTA-1091498","5B","571213517","571213517","DON/Type III-associated","author-defined locus representative SNP after within-LD grouping","IWGSC Chinese Spring RefSeq v1.0","5B:571213517 bp representative marker","peak point only; other SNPs grouped under markers 1099971 and 1157139 are not counted as independent evidence","","resistance-allele frequency 65.32%","C/T","CIMMYT–China panel","265","not applicable","not applicable","mostly spring wheat","Mexico and China; worldwide-origin panel","2022","analysis_ready"
"LR-2020-AGS-QFdon-LSU-1A","SU-2020-AGS2060-AGS2035-DH","DF-AGS2060-AGS2035-DH","PMID:32630440","https://pmc.ncbi.nlm.nih.gov/articles/PMC7349885/","QFdon.LSU-1A","1A","25500000","66800000","DON/Type III","author-reported flanking-marker physical ranges consolidated by QTL name","IWGSC Chinese Spring RefSeq v1.0 (IWGSC 2018 reference cited)","1A:25.5-66.8 Mb author-name envelope; environment rows retained in audit","author-name envelope across environment rows; not a fine-mapping interval","hcmQTL-1","locus- and environment-specific; see source additive signs","7.14","AGS 2060 × AGS 2035","","AGS 2060 was less susceptible overall; favorable alleles were locus- and environment-dependent","AGS 2035 overall","soft red winter wheat","Louisiana and Arkansas, USA","2020","analysis_ready"
"LR-2020-AGS-QFdon-LSU-1D","SU-2020-AGS2060-AGS2035-DH","DF-AGS2060-AGS2035-DH","PMID:32630440","https://pmc.ncbi.nlm.nih.gov/articles/PMC7349885/","QFdon.LSU-1D","1D","419700000","420600000","DON/Type III","author-reported flanking-marker physical ranges consolidated by QTL name","IWGSC Chinese Spring RefSeq v1.0 (IWGSC 2018 reference cited)","1D:419.7-420.6 Mb author-name envelope; environment rows retained in audit","author-name envelope across environment rows; not a fine-mapping interval","","locus- and environment-specific; see source additive signs","5.45","AGS 2060 × AGS 2035","","AGS 2060 was less susceptible overall; favorable alleles were locus- and environment-dependent","AGS 2035 overall","soft red winter wheat","Louisiana and Arkansas, USA","2020","analysis_ready"
"LR-2020-AGS-QFdon-LSU-5A","SU-2020-AGS2060-AGS2035-DH","DF-AGS2060-AGS2035-DH","PMID:32630440","https://pmc.ncbi.nlm.nih.gov/articles/PMC7349885/","QFdon.LSU-5A","5A","8100000","8200000","DON/Type III","author-reported flanking-marker physical ranges consolidated by QTL name","IWGSC Chinese Spring RefSeq v1.0 (IWGSC 2018 reference cited)","5A:8.1-8.2 Mb author-name envelope; environment rows retained in audit","author-name envelope across environment rows; not a fine-mapping interval","","locus- and environment-specific; see source additive signs","6.08; 7.06; 11.62","AGS 2060 × AGS 2035","","AGS 2060 was less susceptible overall; favorable alleles were locus- and environment-dependent","AGS 2035 overall","soft red winter wheat","Louisiana and Arkansas, USA","2020","analysis_ready"
"LR-2020-AGS-QFfdk-LSU-5B","SU-2020-AGS2060-AGS2035-DH","DF-AGS2060-AGS2035-DH","PMID:32630440","https://pmc.ncbi.nlm.nih.gov/articles/PMC7349885/","QFfdk.LSU-5B","5B","279900000","435200000","FDK/Type IV","author-reported flanking-marker physical ranges consolidated by QTL name","IWGSC Chinese Spring RefSeq v1.0 (IWGSC 2018 reference cited)","5B:279.9-435.2 Mb author-name envelope; environment rows retained in audit","author-name envelope across environment rows; not a fine-mapping interval","","locus- and environment-specific; see source additive signs","-4.54; -5.97","AGS 2060 × AGS 2035","","AGS 2060 was less susceptible overall; favorable alleles were locus- and environment-dependent","AGS 2035 overall","soft red winter wheat","Louisiana and Arkansas, USA","2020","analysis_ready"
"LR-2020-AGS-QFfdk-LSU-6B","SU-2020-AGS2060-AGS2035-DH","DF-AGS2060-AGS2035-DH","PMID:32630440","https://pmc.ncbi.nlm.nih.gov/articles/PMC7349885/","QFfdk.LSU-6B","6B","3900000","6000000","FDK/Type IV","author-reported flanking-marker physical ranges consolidated by QTL name","IWGSC Chinese Spring RefSeq v1.0 (IWGSC 2018 reference cited)","6B:3.9-6 Mb author-name envelope; environment rows retained in audit","author-name envelope across environment rows; not a fine-mapping interval","","locus- and environment-specific; see source additive signs","5.21; 4.62; 5.81","AGS 2060 × AGS 2035","","AGS 2060 was less susceptible overall; favorable alleles were locus- and environment-dependent","AGS 2035 overall","soft red winter wheat","Louisiana and Arkansas, USA","2020","analysis_ready"
"LR-2020-AGS-QFdandf-LSU-1B","SU-2020-AGS2060-AGS2035-DH","DF-AGS2060-AGS2035-DH","PMID:32630440","https://pmc.ncbi.nlm.nih.gov/articles/PMC7349885/","QFd&f.LSU-1B","1B","540800000","601000000","DON + FDK/Types III–IV","author-reported flanking-marker physical ranges consolidated by QTL name","IWGSC Chinese Spring RefSeq v1.0 (IWGSC 2018 reference cited)","1B:540.8-601 Mb author-name envelope; environment rows retained in audit","author-name envelope across environment rows; not a fine-mapping interval","hcmQTL-6|hcmQTL-7","locus- and environment-specific; see source additive signs","-9.93; -8.19; -5.22","AGS 2060 × AGS 2035","","AGS 2060 was less susceptible overall; favorable alleles were locus- and environment-dependent","AGS 2035 overall","soft red winter wheat","Louisiana and Arkansas, USA","2020","analysis_ready"
"LR-2020-AGS-QFdandf-LSU-2B","SU-2020-AGS2060-AGS2035-DH","DF-AGS2060-AGS2035-DH","PMID:32630440","https://pmc.ncbi.nlm.nih.gov/articles/PMC7349885/","QFd&f.LSU-2B","2B","740800000","747600000","DON + FDK/Types III–IV","author-reported flanking-marker physical ranges consolidated by QTL name","IWGSC Chinese Spring RefSeq v1.0 (IWGSC 2018 reference cited)","2B:740.8-747.6 Mb author-name envelope; environment rows retained in audit","author-name envelope across environment rows; not a fine-mapping interval","","locus- and environment-specific; see source additive signs","9.29; 3.39; 8.19; 3.16","AGS 2060 × AGS 2035","","AGS 2060 was less susceptible overall; favorable alleles were locus- and environment-dependent","AGS 2035 overall","soft red winter wheat","Louisiana and Arkansas, USA","2020","analysis_ready"
"LR-2020-AGS-QFdandf-LSU-7A","SU-2020-AGS2060-AGS2035-DH","DF-AGS2060-AGS2035-DH","PMID:32630440","https://pmc.ncbi.nlm.nih.gov/articles/PMC7349885/","QFd&f.LSU-7A","7A","1400000","5400000","DON + FDK/Types III–IV","author-reported flanking-marker physical ranges consolidated by QTL name","IWGSC Chinese Spring RefSeq v1.0 (IWGSC 2018 reference cited)","7A:1.4-5.4 Mb author-name envelope; environment rows retained in audit","author-name envelope across environment rows; not a fine-mapping interval","","locus- and environment-specific; see source additive signs","11.08; 10.57; 5.32; 4.03; 9.99","AGS 2060 × AGS 2035","","AGS 2060 was less susceptible overall; favorable alleles were locus- and environment-dependent","AGS 2035 overall","soft red winter wheat","Louisiana and Arkansas, USA","2020","analysis_ready"
"LR-2025-NORDBALT-QFHB-1BS.1","SU-2025-NORDIC-BALTIC-GWAS","DF-NORDIC-BALTIC-332-2022-2023","PMID:40772045","https://pmc.ncbi.nlm.nih.gov/articles/PMC12325435/","QFHB-1BS.1","1B","25316190","27056190","visual FHB resistance across mixed assessment categories","author-defined interval using chromosome-specific half-LD decay","IWGSC RefSeq v1.0 assembly with v1.1 annotation","1B:25316190-27056190 bp author LD interval","LD-based approximate interval; not a fine-mapping or causal interval","","G vs A","2.6","Nordic-Baltic spring wheat panel","332","not applicable","not applicable","spring wheat","Baltic, Nordic, Central/Western European and exotic germplasm","2025","analysis_ready"
"LR-2025-NORDBALT-QFHB-1BS.2","SU-2025-NORDIC-BALTIC-GWAS","DF-NORDIC-BALTIC-332-2022-2023","PMID:40772045","https://pmc.ncbi.nlm.nih.gov/articles/PMC12325435/","QFHB-1BS.2","1B","57454982","59194982","visual FHB resistance across mixed assessment categories","author-defined interval using chromosome-specific half-LD decay","IWGSC RefSeq v1.0 assembly with v1.1 annotation","1B:57454982-59194982 bp author LD interval","LD-based approximate interval; not a fine-mapping or causal interval","","A vs G","3.29","Nordic-Baltic spring wheat panel","332","not applicable","not applicable","spring wheat","Baltic, Nordic, Central/Western European and exotic germplasm","2025","analysis_ready"
"LR-2025-NORDBALT-QFHB-1BS.3","SU-2025-NORDIC-BALTIC-GWAS","DF-NORDIC-BALTIC-332-2022-2023","PMID:40772045","https://pmc.ncbi.nlm.nih.gov/articles/PMC12325435/","QFHB-1BS.3","1B","132267301","134007301","visual FHB resistance across mixed assessment categories","author-defined interval using chromosome-specific half-LD decay","IWGSC RefSeq v1.0 assembly with v1.1 annotation","1B:132267301-134007301 bp author LD interval","LD-based approximate interval; not a fine-mapping or causal interval","","G vs A","3.62","Nordic-Baltic spring wheat panel","332","not applicable","not applicable","spring wheat","Baltic, Nordic, Central/Western European and exotic germplasm","2025","analysis_ready"
"LR-2025-NORDBALT-QFHB-1BL.1","SU-2025-NORDIC-BALTIC-GWAS","DF-NORDIC-BALTIC-332-2022-2023","PMID:40772045","https://pmc.ncbi.nlm.nih.gov/articles/PMC12325435/","QFHB-1BL.1","1B","446453283","448193283","visual FHB resistance across mixed assessment categories","author-defined interval using chromosome-specific half-LD decay","IWGSC RefSeq v1.0 assembly with v1.1 annotation","1B:446453283-448193283 bp author LD interval","LD-based approximate interval; not a fine-mapping or causal interval","","A vs G","1.9-2.31","Nordic-Baltic spring wheat panel","332","not applicable","not applicable","spring wheat","Baltic, Nordic, Central/Western European and exotic germplasm","2025","analysis_ready"
"LR-2025-NORDBALT-QFHB-1BL.2","SU-2025-NORDIC-BALTIC-GWAS","DF-NORDIC-BALTIC-332-2022-2023","PMID:40772045","https://pmc.ncbi.nlm.nih.gov/articles/PMC12325435/","QFHB-1BL.2","1B","487595591","489335591","visual FHB resistance across mixed assessment categories","author-defined interval using chromosome-specific half-LD decay","IWGSC RefSeq v1.0 assembly with v1.1 annotation","1B:487595591-489335591 bp author LD interval","LD-based approximate interval; not a fine-mapping or causal interval","","A vs G","-2.19 to -5.56","Nordic-Baltic spring wheat panel","332","not applicable","not applicable","spring wheat","Baltic, Nordic, Central/Western European and exotic germplasm","2025","analysis_ready"
"LR-2025-NORDBALT-QFHB-1BL.3","SU-2025-NORDIC-BALTIC-GWAS","DF-NORDIC-BALTIC-332-2022-2023","PMID:40772045","https://pmc.ncbi.nlm.nih.gov/articles/PMC12325435/","QFHB-1BL.3","1B","548922880","550662880","visual FHB resistance across mixed assessment categories","author-defined interval using chromosome-specific half-LD decay","IWGSC RefSeq v1.0 assembly with v1.1 annotation","1B:548922880-550662880 bp author LD interval","LD-based approximate interval; not a fine-mapping or causal interval","","A vs C","2.62","Nordic-Baltic spring wheat panel","332","not applicable","not applicable","spring wheat","Baltic, Nordic, Central/Western European and exotic germplasm","2025","analysis_ready"
"LR-2025-NORDBALT-QFHB-1BL.4","SU-2025-NORDIC-BALTIC-GWAS","DF-NORDIC-BALTIC-332-2022-2023","PMID:40772045","https://pmc.ncbi.nlm.nih.gov/articles/PMC12325435/","QFHB-1BL.4","1B","556124553","557864553","visual FHB resistance across mixed assessment categories","author-defined interval using chromosome-specific half-LD decay","IWGSC RefSeq v1.0 assembly with v1.1 annotation","1B:556124553-557864553 bp author LD interval","LD-based approximate interval; not a fine-mapping or causal interval","","C vs T","4","Nordic-Baltic spring wheat panel","332","not applicable","not applicable","spring wheat","Baltic, Nordic, Central/Western European and exotic germplasm","2025","analysis_ready"
"LR-2025-NORDBALT-QFHB-2AS","SU-2025-NORDIC-BALTIC-GWAS","DF-NORDIC-BALTIC-332-2022-2023","PMID:40772045","https://pmc.ncbi.nlm.nih.gov/articles/PMC12325435/","QFHB-2AS","2A","59838062","60318062","visual FHB resistance across mixed assessment categories","author-defined interval using chromosome-specific half-LD decay","IWGSC RefSeq v1.0 assembly with v1.1 annotation","2A:59838062-60318062 bp author LD interval","LD-based approximate interval; not a fine-mapping or causal interval","","C vs G","-2.39","Nordic-Baltic spring wheat panel","332","not applicable","not applicable","spring wheat","Baltic, Nordic, Central/Western European and exotic germplasm","2025","analysis_ready"
"LR-2025-NORDBALT-QFHB-2AL.1","SU-2025-NORDIC-BALTIC-GWAS","DF-NORDIC-BALTIC-332-2022-2023","PMID:40772045","https://pmc.ncbi.nlm.nih.gov/articles/PMC12325435/","QFHB-2AL.1","2A","451569379","452049379","visual FHB resistance across mixed assessment categories","author-defined interval using chromosome-specific half-LD decay","IWGSC RefSeq v1.0 assembly with v1.1 annotation","2A:451569379-452049379 bp author LD interval","LD-based approximate interval; not a fine-mapping or causal interval","","G vs T","4.41-6.94","Nordic-Baltic spring wheat panel","332","not applicable","not applicable","spring wheat","Baltic, Nordic, Central/Western European and exotic germplasm","2025","analysis_ready"
"LR-2025-NORDBALT-QFHB-2AL.2","SU-2025-NORDIC-BALTIC-GWAS","DF-NORDIC-BALTIC-332-2022-2023","PMID:40772045","https://pmc.ncbi.nlm.nih.gov/articles/PMC12325435/","QFHB-2AL.2","2A","740126281","740606281","visual FHB resistance across mixed assessment categories","author-defined interval using chromosome-specific half-LD decay","IWGSC RefSeq v1.0 assembly with v1.1 annotation","2A:740126281-740606281 bp author LD interval","LD-based approximate interval; not a fine-mapping or causal interval","","C vs T","5.86","Nordic-Baltic spring wheat panel","332","not applicable","not applicable","spring wheat","Baltic, Nordic, Central/Western European and exotic germplasm","2025","analysis_ready"
"LR-2025-NORDBALT-QFHB-2AL.3","SU-2025-NORDIC-BALTIC-GWAS","DF-NORDIC-BALTIC-332-2022-2023","PMID:40772045","https://pmc.ncbi.nlm.nih.gov/articles/PMC12325435/","QFHB-2AL.3","2A","741896497","742376497","visual FHB resistance across mixed assessment categories","author-defined interval using chromosome-specific half-LD decay","IWGSC RefSeq v1.0 assembly with v1.1 annotation","2A:741896497-742376497 bp author LD interval","LD-based approximate interval; not a fine-mapping or causal interval","","T vs C","3.45-4.12","Nordic-Baltic spring wheat panel","332","not applicable","not applicable","spring wheat","Baltic, Nordic, Central/Western European and exotic germplasm","2025","analysis_ready"
"LR-2025-NORDBALT-QFHB-2AL.4","SU-2025-NORDIC-BALTIC-GWAS","DF-NORDIC-BALTIC-332-2022-2023","PMID:40772045","https://pmc.ncbi.nlm.nih.gov/articles/PMC12325435/","QFHB-2AL.4","2A","748201942","748681942","visual FHB resistance across mixed assessment categories","author-defined interval using chromosome-specific half-LD decay","IWGSC RefSeq v1.0 assembly with v1.1 annotation","2A:748201942-748681942 bp author LD interval","LD-based approximate interval; not a fine-mapping or causal interval","","A vs G","2.46-2.78","Nordic-Baltic spring wheat panel","332","not applicable","not applicable","spring wheat","Baltic, Nordic, Central/Western European and exotic germplasm","2025","analysis_ready"
"LR-2025-NORDBALT-QFHB-2AL.5","SU-2025-NORDIC-BALTIC-GWAS","DF-NORDIC-BALTIC-332-2022-2023","PMID:40772045","https://pmc.ncbi.nlm.nih.gov/articles/PMC12325435/","QFHB-2AL.5","2A","748223985","748703985","visual FHB resistance across mixed assessment categories","author-defined interval using chromosome-specific half-LD decay","IWGSC RefSeq v1.0 assembly with v1.1 annotation","2A:748223985-748703985 bp author LD interval","LD-based approximate interval; not a fine-mapping or causal interval","","C vs T","-2.74 to -3.96","Nordic-Baltic spring wheat panel","332","not applicable","not applicable","spring wheat","Baltic, Nordic, Central/Western European and exotic germplasm","2025","analysis_ready"
"LR-2025-NORDBALT-QFHB-2BS","SU-2025-NORDIC-BALTIC-GWAS","DF-NORDIC-BALTIC-332-2022-2023","PMID:40772045","https://pmc.ncbi.nlm.nih.gov/articles/PMC12325435/","QFHB-2BS","2B","209469673","211049673","visual FHB resistance across mixed assessment categories","author-defined interval using chromosome-specific half-LD decay","IWGSC RefSeq v1.0 assembly with v1.1 annotation","2B:209469673-211049673 bp author LD interval","LD-based approximate interval; not a fine-mapping or causal interval","","A vs G","-2.47 to -4.31","Nordic-Baltic spring wheat panel","332","not applicable","not applicable","spring wheat","Baltic, Nordic, Central/Western European and exotic germplasm","2025","analysis_ready"
"LR-2025-NORDBALT-QFHB-2BL.1","SU-2025-NORDIC-BALTIC-GWAS","DF-NORDIC-BALTIC-332-2022-2023","PMID:40772045","https://pmc.ncbi.nlm.nih.gov/articles/PMC12325435/","QFHB-2BL.1","2B","411872314","413452314","visual FHB resistance across mixed assessment categories","author-defined interval using chromosome-specific half-LD decay","IWGSC RefSeq v1.0 assembly with v1.1 annotation","2B:411872314-413452314 bp author LD interval","LD-based approximate interval; not a fine-mapping or causal interval","","A vs G","-2.79 to -4.57","Nordic-Baltic spring wheat panel","332","not applicable","not applicable","spring wheat","Baltic, Nordic, Central/Western European and exotic germplasm","2025","analysis_ready"
"LR-2025-NORDBALT-QFHB-2BL.2","SU-2025-NORDIC-BALTIC-GWAS","DF-NORDIC-BALTIC-332-2022-2023","PMID:40772045","https://pmc.ncbi.nlm.nih.gov/articles/PMC12325435/","QFHB-2BL.2","2B","587898399","589478399","visual FHB resistance across mixed assessment categories","author-defined interval using chromosome-specific half-LD decay","IWGSC RefSeq v1.0 assembly with v1.1 annotation","2B:587898399-589478399 bp author LD interval","LD-based approximate interval; not a fine-mapping or causal interval","","T vs C","4.36","Nordic-Baltic spring wheat panel","332","not applicable","not applicable","spring wheat","Baltic, Nordic, Central/Western European and exotic germplasm","2025","analysis_ready"
"LR-2025-NORDBALT-QFHB-2BL.3","SU-2025-NORDIC-BALTIC-GWAS","DF-NORDIC-BALTIC-332-2022-2023","PMID:40772045","https://pmc.ncbi.nlm.nih.gov/articles/PMC12325435/","QFHB-2BL.3","2B","646324183","647904183","visual FHB resistance across mixed assessment categories","author-defined interval using chromosome-specific half-LD decay","IWGSC RefSeq v1.0 assembly with v1.1 annotation","2B:646324183-647904183 bp author LD interval","LD-based approximate interval; not a fine-mapping or causal interval","","G vs A","2.02-3.58","Nordic-Baltic spring wheat panel","332","not applicable","not applicable","spring wheat","Baltic, Nordic, Central/Western European and exotic germplasm","2025","analysis_ready"
"LR-2025-NORDBALT-QFHB-2BL.4","SU-2025-NORDIC-BALTIC-GWAS","DF-NORDIC-BALTIC-332-2022-2023","PMID:40772045","https://pmc.ncbi.nlm.nih.gov/articles/PMC12325435/","QFHB-2BL.4","2B","731104245","732684245","visual FHB resistance across mixed assessment categories","author-defined interval using chromosome-specific half-LD decay","IWGSC RefSeq v1.0 assembly with v1.1 annotation","2B:731104245-732684245 bp author LD interval","LD-based approximate interval; not a fine-mapping or causal interval","","T vs C","1.96","Nordic-Baltic spring wheat panel","332","not applicable","not applicable","spring wheat","Baltic, Nordic, Central/Western European and exotic germplasm","2025","analysis_ready"
"LR-2025-NORDBALT-QFHB-2DL","SU-2025-NORDIC-BALTIC-GWAS","DF-NORDIC-BALTIC-332-2022-2023","PMID:40772045","https://pmc.ncbi.nlm.nih.gov/articles/PMC12325435/","QFHB-2DL","2D","505634581","507394581","visual FHB resistance across mixed assessment categories","author-defined interval using chromosome-specific half-LD decay","IWGSC RefSeq v1.0 assembly with v1.1 annotation","2D:505634581-507394581 bp author LD interval","LD-based approximate interval; not a fine-mapping or causal interval","","A vs G","-4.88","Nordic-Baltic spring wheat panel","332","not applicable","not applicable","spring wheat","Baltic, Nordic, Central/Western European and exotic germplasm","2025","analysis_ready"
"LR-2025-NORDBALT-QFHB-3AS.1","SU-2025-NORDIC-BALTIC-GWAS","DF-NORDIC-BALTIC-332-2022-2023","PMID:40772045","https://pmc.ncbi.nlm.nih.gov/articles/PMC12325435/","QFHB-3AS.1","3A","54549096","55209096","visual FHB resistance across mixed assessment categories","author-defined interval using chromosome-specific half-LD decay","IWGSC RefSeq v1.0 assembly with v1.1 annotation","3A:54549096-55209096 bp author LD interval","LD-based approximate interval; not a fine-mapping or causal interval","hcmQTL-26","G vs A","7.9","Nordic-Baltic spring wheat panel","332","not applicable","not applicable","spring wheat","Baltic, Nordic, Central/Western European and exotic germplasm","2025","analysis_ready"
"LR-2025-NORDBALT-QFHB-3AS.2","SU-2025-NORDIC-BALTIC-GWAS","DF-NORDIC-BALTIC-332-2022-2023","PMID:40772045","https://pmc.ncbi.nlm.nih.gov/articles/PMC12325435/","QFHB-3AS.2","3A","60889641","61549641","visual FHB resistance across mixed assessment categories","author-defined interval using chromosome-specific half-LD decay","IWGSC RefSeq v1.0 assembly with v1.1 annotation","3A:60889641-61549641 bp author LD interval","LD-based approximate interval; not a fine-mapping or causal interval","hcmQTL-26|hcmQTL-27","A vs C","-4.82","Nordic-Baltic spring wheat panel","332","not applicable","not applicable","spring wheat","Baltic, Nordic, Central/Western European and exotic germplasm","2025","analysis_ready"
"LR-2025-NORDBALT-QFHB-3AL.1","SU-2025-NORDIC-BALTIC-GWAS","DF-NORDIC-BALTIC-332-2022-2023","PMID:40772045","https://pmc.ncbi.nlm.nih.gov/articles/PMC12325435/","QFHB-3AL.1","3A","340954496","341614496","visual FHB resistance across mixed assessment categories","author-defined interval using chromosome-specific half-LD decay","IWGSC RefSeq v1.0 assembly with v1.1 annotation","3A:340954496-341614496 bp author LD interval","LD-based approximate interval; not a fine-mapping or causal interval","","G vs A","2.87-4.14","Nordic-Baltic spring wheat panel","332","not applicable","not applicable","spring wheat","Baltic, Nordic, Central/Western European and exotic germplasm","2025","analysis_ready"
"LR-2025-NORDBALT-QFHB-3AL.2","SU-2025-NORDIC-BALTIC-GWAS","DF-NORDIC-BALTIC-332-2022-2023","PMID:40772045","https://pmc.ncbi.nlm.nih.gov/articles/PMC12325435/","QFHB-3AL.2","3A","485266695","485926695","visual FHB resistance across mixed assessment categories","author-defined interval using chromosome-specific half-LD decay","IWGSC RefSeq v1.0 assembly with v1.1 annotation","3A:485266695-485926695 bp author LD interval","LD-based approximate interval; not a fine-mapping or causal interval","","G vs T","-4.91","Nordic-Baltic spring wheat panel","332","not applicable","not applicable","spring wheat","Baltic, Nordic, Central/Western European and exotic germplasm","2025","analysis_ready"
"LR-2025-NORDBALT-QFHB-3AL.3","SU-2025-NORDIC-BALTIC-GWAS","DF-NORDIC-BALTIC-332-2022-2023","PMID:40772045","https://pmc.ncbi.nlm.nih.gov/articles/PMC12325435/","QFHB-3AL.3","3A","555004400","555664400","visual FHB resistance across mixed assessment categories","author-defined interval using chromosome-specific half-LD decay","IWGSC RefSeq v1.0 assembly with v1.1 annotation","3A:555004400-555664400 bp author LD interval","LD-based approximate interval; not a fine-mapping or causal interval","","C vs T","-4.01","Nordic-Baltic spring wheat panel","332","not applicable","not applicable","spring wheat","Baltic, Nordic, Central/Western European and exotic germplasm","2025","analysis_ready"
"LR-2025-NORDBALT-QFHB-3AL.4","SU-2025-NORDIC-BALTIC-GWAS","DF-NORDIC-BALTIC-332-2022-2023","PMID:40772045","https://pmc.ncbi.nlm.nih.gov/articles/PMC12325435/","QFHB-3AL.4","3A","700613245","701273245","visual FHB resistance across mixed assessment categories","author-defined interval using chromosome-specific half-LD decay","IWGSC RefSeq v1.0 assembly with v1.1 annotation","3A:700613245-701273245 bp author LD interval","LD-based approximate interval; not a fine-mapping or causal interval","","T vs G","2.55","Nordic-Baltic spring wheat panel","332","not applicable","not applicable","spring wheat","Baltic, Nordic, Central/Western European and exotic germplasm","2025","analysis_ready"
"LR-2025-NORDBALT-QFHB-3AL.5","SU-2025-NORDIC-BALTIC-GWAS","DF-NORDIC-BALTIC-332-2022-2023","PMID:40772045","https://pmc.ncbi.nlm.nih.gov/articles/PMC12325435/","QFHB-3AL.5","3A","743224170","743884170","visual FHB resistance across mixed assessment categories","author-defined interval using chromosome-specific half-LD decay","IWGSC RefSeq v1.0 assembly with v1.1 annotation","3A:743224170-743884170 bp author LD interval","LD-based approximate interval; not a fine-mapping or causal interval","","G vs A","5.61","Nordic-Baltic spring wheat panel","332","not applicable","not applicable","spring wheat","Baltic, Nordic, Central/Western European and exotic germplasm","2025","analysis_ready"
"LR-2025-NORDBALT-QFHB-3AL.6","SU-2025-NORDIC-BALTIC-GWAS","DF-NORDIC-BALTIC-332-2022-2023","PMID:40772045","https://pmc.ncbi.nlm.nih.gov/articles/PMC12325435/","QFHB-3AL.6","3A","742283091","742943091","visual FHB resistance across mixed assessment categories","author-defined interval using chromosome-specific half-LD decay","IWGSC RefSeq v1.0 assembly with v1.1 annotation","3A:742283091-742943091 bp author LD interval","LD-based approximate interval; not a fine-mapping or causal interval","","A vs G","2.02","Nordic-Baltic spring wheat panel","332","not applicable","not applicable","spring wheat","Baltic, Nordic, Central/Western European and exotic germplasm","2025","analysis_ready"
"LR-2025-NORDBALT-QFHB-3AL.7","SU-2025-NORDIC-BALTIC-GWAS","DF-NORDIC-BALTIC-332-2022-2023","PMID:40772045","https://pmc.ncbi.nlm.nih.gov/articles/PMC12325435/","QFHB-3AL.7","3A","741293629","741953629","visual FHB resistance across mixed assessment categories","author-defined interval using chromosome-specific half-LD decay","IWGSC RefSeq v1.0 assembly with v1.1 annotation","3A:741293629-741953629 bp author LD interval","LD-based approximate interval; not a fine-mapping or causal interval","","C vs G","-5.25","Nordic-Baltic spring wheat panel","332","not applicable","not applicable","spring wheat","Baltic, Nordic, Central/Western European and exotic germplasm","2025","analysis_ready"
"LR-2025-NORDBALT-QFHB-3BL","SU-2025-NORDIC-BALTIC-GWAS","DF-NORDIC-BALTIC-332-2022-2023","PMID:40772045","https://pmc.ncbi.nlm.nih.gov/articles/PMC12325435/","QFHB-3BL","3B","547016409","549076409","visual FHB resistance across mixed assessment categories","author-defined interval using chromosome-specific half-LD decay","IWGSC RefSeq v1.0 assembly with v1.1 annotation","3B:547016409-549076409 bp author LD interval","LD-based approximate interval; not a fine-mapping or causal interval","","G vs A","-2.72","Nordic-Baltic spring wheat panel","332","not applicable","not applicable","spring wheat","Baltic, Nordic, Central/Western European and exotic germplasm","2025","analysis_ready"
"LR-2025-NORDBALT-QFHB-3BS","SU-2025-NORDIC-BALTIC-GWAS","DF-NORDIC-BALTIC-332-2022-2023","PMID:40772045","https://pmc.ncbi.nlm.nih.gov/articles/PMC12325435/","QFHB-3BS","3B","298568299","300628299","visual FHB resistance across mixed assessment categories","author-defined interval using chromosome-specific half-LD decay","IWGSC RefSeq v1.0 assembly with v1.1 annotation","3B:298568299-300628299 bp author LD interval","LD-based approximate interval; not a fine-mapping or causal interval","","Gvs T","6.53-6.56","Nordic-Baltic spring wheat panel","332","not applicable","not applicable","spring wheat","Baltic, Nordic, Central/Western European and exotic germplasm","2025","analysis_ready"
"LR-2025-NORDBALT-QFHB-3BL.1","SU-2025-NORDIC-BALTIC-GWAS","DF-NORDIC-BALTIC-332-2022-2023","PMID:40772045","https://pmc.ncbi.nlm.nih.gov/articles/PMC12325435/","QFHB-3BL.1","3B","378313163","380373163","visual FHB resistance across mixed assessment categories","author-defined interval using chromosome-specific half-LD decay","IWGSC RefSeq v1.0 assembly with v1.1 annotation","3B:378313163-380373163 bp author LD interval","LD-based approximate interval; not a fine-mapping or causal interval","","G vs A","-4.04","Nordic-Baltic spring wheat panel","332","not applicable","not applicable","spring wheat","Baltic, Nordic, Central/Western European and exotic germplasm","2025","analysis_ready"
"LR-2025-NORDBALT-QFHB-3BL.2","SU-2025-NORDIC-BALTIC-GWAS","DF-NORDIC-BALTIC-332-2022-2023","PMID:40772045","https://pmc.ncbi.nlm.nih.gov/articles/PMC12325435/","QFHB-3BL.2","3B","469567326","471643139","visual FHB resistance across mixed assessment categories","author-defined interval using chromosome-specific half-LD decay","IWGSC RefSeq v1.0 assembly with v1.1 annotation","3B:469567326-471643139 bp author LD interval","LD-based approximate interval; not a fine-mapping or causal interval","","A vs C and C vs T","2.28-2.6 and 2.71","Nordic-Baltic spring wheat panel","332","not applicable","not applicable","spring wheat","Baltic, Nordic, Central/Western European and exotic germplasm","2025","analysis_ready"
"LR-2025-NORDBALT-QFHB-3BL.3","SU-2025-NORDIC-BALTIC-GWAS","DF-NORDIC-BALTIC-332-2022-2023","PMID:40772045","https://pmc.ncbi.nlm.nih.gov/articles/PMC12325435/","QFHB-3BL.3","3B","784521568","786581568","visual FHB resistance across mixed assessment categories","author-defined interval using chromosome-specific half-LD decay","IWGSC RefSeq v1.0 assembly with v1.1 annotation","3B:784521568-786581568 bp author LD interval","LD-based approximate interval; not a fine-mapping or causal interval","","C vs T","4.38","Nordic-Baltic spring wheat panel","332","not applicable","not applicable","spring wheat","Baltic, Nordic, Central/Western European and exotic germplasm","2025","analysis_ready"
"LR-2025-NORDBALT-QFHB-3BL.4","SU-2025-NORDIC-BALTIC-GWAS","DF-NORDIC-BALTIC-332-2022-2023","PMID:40772045","https://pmc.ncbi.nlm.nih.gov/articles/PMC12325435/","QFHB-3BL.4","3B","818336648","820396648","visual FHB resistance across mixed assessment categories","author-defined interval using chromosome-specific half-LD decay","IWGSC RefSeq v1.0 assembly with v1.1 annotation","3B:818336648-820396648 bp author LD interval","LD-based approximate interval; not a fine-mapping or causal interval","","C vs T","2.88","Nordic-Baltic spring wheat panel","332","not applicable","not applicable","spring wheat","Baltic, Nordic, Central/Western European and exotic germplasm","2025","analysis_ready"
"LR-2025-NORDBALT-QFHB-4AL.1","SU-2025-NORDIC-BALTIC-GWAS","DF-NORDIC-BALTIC-332-2022-2023","PMID:40772045","https://pmc.ncbi.nlm.nih.gov/articles/PMC12325435/","QFHB-4AL.1","4A","589936039","590616039","visual FHB resistance across mixed assessment categories","author-defined interval using chromosome-specific half-LD decay","IWGSC RefSeq v1.0 assembly with v1.1 annotation","4A:589936039-590616039 bp author LD interval","LD-based approximate interval; not a fine-mapping or causal interval","","A vs C","5.64","Nordic-Baltic spring wheat panel","332","not applicable","not applicable","spring wheat","Baltic, Nordic, Central/Western European and exotic germplasm","2025","analysis_ready"
"LR-2025-NORDBALT-QFHB-4AL.2","SU-2025-NORDIC-BALTIC-GWAS","DF-NORDIC-BALTIC-332-2022-2023","PMID:40772045","https://pmc.ncbi.nlm.nih.gov/articles/PMC12325435/","QFHB-4AL.2","4A","685599389","686279389","visual FHB resistance across mixed assessment categories","author-defined interval using chromosome-specific half-LD decay","IWGSC RefSeq v1.0 assembly with v1.1 annotation","4A:685599389-686279389 bp author LD interval","LD-based approximate interval; not a fine-mapping or causal interval","","A vs G","-3.61","Nordic-Baltic spring wheat panel","332","not applicable","not applicable","spring wheat","Baltic, Nordic, Central/Western European and exotic germplasm","2025","analysis_ready"
"LR-2025-NORDBALT-QFHB-4DS","SU-2025-NORDIC-BALTIC-GWAS","DF-NORDIC-BALTIC-332-2022-2023","PMID:40772045","https://pmc.ncbi.nlm.nih.gov/articles/PMC12325435/","QFHB-4DS","4D","2856570","3936570","visual FHB resistance across mixed assessment categories","author-defined interval using chromosome-specific half-LD decay","IWGSC RefSeq v1.0 assembly with v1.1 annotation","4D:2856570-3936570 bp author LD interval","LD-based approximate interval; not a fine-mapping or causal interval","","A vs G","5.85","Nordic-Baltic spring wheat panel","332","not applicable","not applicable","spring wheat","Baltic, Nordic, Central/Western European and exotic germplasm","2025","analysis_ready"
"LR-2025-NORDBALT-QFHB-5AS","SU-2025-NORDIC-BALTIC-GWAS","DF-NORDIC-BALTIC-332-2022-2023","PMID:40772045","https://pmc.ncbi.nlm.nih.gov/articles/PMC12325435/","QFHB-5AS","5A","48164696","49624696","visual FHB resistance across mixed assessment categories","author-defined interval using chromosome-specific half-LD decay","IWGSC RefSeq v1.0 assembly with v1.1 annotation","5A:48164696-49624696 bp author LD interval","LD-based approximate interval; not a fine-mapping or causal interval","","G vs A","3.61","Nordic-Baltic spring wheat panel","332","not applicable","not applicable","spring wheat","Baltic, Nordic, Central/Western European and exotic germplasm","2025","analysis_ready"
"LR-2025-NORDBALT-QFHB-5AL.1","SU-2025-NORDIC-BALTIC-GWAS","DF-NORDIC-BALTIC-332-2022-2023","PMID:40772045","https://pmc.ncbi.nlm.nih.gov/articles/PMC12325435/","QFHB-5AL.1","5A","452614378","454074378","visual FHB resistance across mixed assessment categories","author-defined interval using chromosome-specific half-LD decay","IWGSC RefSeq v1.0 assembly with v1.1 annotation","5A:452614378-454074378 bp author LD interval","LD-based approximate interval; not a fine-mapping or causal interval","hcmQTL-45","T vs C","-2.02","Nordic-Baltic spring wheat panel","332","not applicable","not applicable","spring wheat","Baltic, Nordic, Central/Western European and exotic germplasm","2025","analysis_ready"
"LR-2025-NORDBALT-QFHB-5AL.2","SU-2025-NORDIC-BALTIC-GWAS","DF-NORDIC-BALTIC-332-2022-2023","PMID:40772045","https://pmc.ncbi.nlm.nih.gov/articles/PMC12325435/","QFHB-5AL.2","5A","558283969","559743969","visual FHB resistance across mixed assessment categories","author-defined interval using chromosome-specific half-LD decay","IWGSC RefSeq v1.0 assembly with v1.1 annotation","5A:558283969-559743969 bp author LD interval","LD-based approximate interval; not a fine-mapping or causal interval","","A vs C","3.21-4.56","Nordic-Baltic spring wheat panel","332","not applicable","not applicable","spring wheat","Baltic, Nordic, Central/Western European and exotic germplasm","2025","analysis_ready"
"LR-2025-NORDBALT-QFHB-5AL.3","SU-2025-NORDIC-BALTIC-GWAS","DF-NORDIC-BALTIC-332-2022-2023","PMID:40772045","https://pmc.ncbi.nlm.nih.gov/articles/PMC12325435/","QFHB-5AL.3","5A","559003665","560463665","visual FHB resistance across mixed assessment categories","author-defined interval using chromosome-specific half-LD decay","IWGSC RefSeq v1.0 assembly with v1.1 annotation","5A:559003665-560463665 bp author LD interval","LD-based approximate interval; not a fine-mapping or causal interval","","T vs G","2.08","Nordic-Baltic spring wheat panel","332","not applicable","not applicable","spring wheat","Baltic, Nordic, Central/Western European and exotic germplasm","2025","analysis_ready"
"LR-2025-NORDBALT-QFHB-5AL.4","SU-2025-NORDIC-BALTIC-GWAS","DF-NORDIC-BALTIC-332-2022-2023","PMID:40772045","https://pmc.ncbi.nlm.nih.gov/articles/PMC12325435/","QFHB-5AL.4","5A","566354013","567814013","visual FHB resistance across mixed assessment categories","author-defined interval using chromosome-specific half-LD decay","IWGSC RefSeq v1.0 assembly with v1.1 annotation","5A:566354013-567814013 bp author LD interval","LD-based approximate interval; not a fine-mapping or causal interval","","T vs C","2.8","Nordic-Baltic spring wheat panel","332","not applicable","not applicable","spring wheat","Baltic, Nordic, Central/Western European and exotic germplasm","2025","analysis_ready"
"LR-2025-NORDBALT-QFHB-5AL.5","SU-2025-NORDIC-BALTIC-GWAS","DF-NORDIC-BALTIC-332-2022-2023","PMID:40772045","https://pmc.ncbi.nlm.nih.gov/articles/PMC12325435/","QFHB-5AL.5","5A","570575591","572035591","visual FHB resistance across mixed assessment categories","author-defined interval using chromosome-specific half-LD decay","IWGSC RefSeq v1.0 assembly with v1.1 annotation","5A:570575591-572035591 bp author LD interval","LD-based approximate interval; not a fine-mapping or causal interval","","G vs A","2.55-3.37","Nordic-Baltic spring wheat panel","332","not applicable","not applicable","spring wheat","Baltic, Nordic, Central/Western European and exotic germplasm","2025","analysis_ready"
"LR-2025-NORDBALT-QFHB-5AL.6","SU-2025-NORDIC-BALTIC-GWAS","DF-NORDIC-BALTIC-332-2022-2023","PMID:40772045","https://pmc.ncbi.nlm.nih.gov/articles/PMC12325435/","QFHB-5AL.6","5A","595791018","597251018","visual FHB resistance across mixed assessment categories","author-defined interval using chromosome-specific half-LD decay","IWGSC RefSeq v1.0 assembly with v1.1 annotation","5A:595791018-597251018 bp author LD interval","LD-based approximate interval; not a fine-mapping or causal interval","","C vs A","-4.26","Nordic-Baltic spring wheat panel","332","not applicable","not applicable","spring wheat","Baltic, Nordic, Central/Western European and exotic germplasm","2025","analysis_ready"
"LR-2025-NORDBALT-QFHB-5BL.1","SU-2025-NORDIC-BALTIC-GWAS","DF-NORDIC-BALTIC-332-2022-2023","PMID:40772045","https://pmc.ncbi.nlm.nih.gov/articles/PMC12325435/","QFHB-5BL.1","5B","594419443","595599443","visual FHB resistance across mixed assessment categories","author-defined interval using chromosome-specific half-LD decay","IWGSC RefSeq v1.0 assembly with v1.1 annotation","5B:594419443-595599443 bp author LD interval","LD-based approximate interval; not a fine-mapping or causal interval","","G vs A","2.01-2.96","Nordic-Baltic spring wheat panel","332","not applicable","not applicable","spring wheat","Baltic, Nordic, Central/Western European and exotic germplasm","2025","analysis_ready"
"LR-2025-NORDBALT-QFHB-5BL.2","SU-2025-NORDIC-BALTIC-GWAS","DF-NORDIC-BALTIC-332-2022-2023","PMID:40772045","https://pmc.ncbi.nlm.nih.gov/articles/PMC12325435/","QFHB-5BL.2","5B","600746408","602834923","visual FHB resistance across mixed assessment categories","author-defined interval using chromosome-specific half-LD decay","IWGSC RefSeq v1.0 assembly with v1.1 annotation","5B:600746408-602834923 bp author LD interval","LD-based approximate interval; not a fine-mapping or causal interval","","T vs C and T vs G","-2.7 and -2.48 to 2.85","Nordic-Baltic spring wheat panel","332","not applicable","not applicable","spring wheat","Baltic, Nordic, Central/Western European and exotic germplasm","2025","analysis_ready"
"LR-2025-NORDBALT-QFHB-5DS","SU-2025-NORDIC-BALTIC-GWAS","DF-NORDIC-BALTIC-332-2022-2023","PMID:40772045","https://pmc.ncbi.nlm.nih.gov/articles/PMC12325435/","QFHB-5DS","5D","75017796","75817796","visual FHB resistance across mixed assessment categories","author-defined interval using chromosome-specific half-LD decay","IWGSC RefSeq v1.0 assembly with v1.1 annotation","5D:75017796-75817796 bp author LD interval","LD-based approximate interval; not a fine-mapping or causal interval","","C vs T","2.2","Nordic-Baltic spring wheat panel","332","not applicable","not applicable","spring wheat","Baltic, Nordic, Central/Western European and exotic germplasm","2025","analysis_ready"
"LR-2025-NORDBALT-QFHB-6BS.1","SU-2025-NORDIC-BALTIC-GWAS","DF-NORDIC-BALTIC-332-2022-2023","PMID:40772045","https://pmc.ncbi.nlm.nih.gov/articles/PMC12325435/","QFHB-6BS.1","6B","31440663","33220663","visual FHB resistance across mixed assessment categories","author-defined interval using chromosome-specific half-LD decay","IWGSC RefSeq v1.0 assembly with v1.1 annotation","6B:31440663-33220663 bp author LD interval","LD-based approximate interval; not a fine-mapping or causal interval","","G vs A","-3.18 to -5.11","Nordic-Baltic spring wheat panel","332","not applicable","not applicable","spring wheat","Baltic, Nordic, Central/Western European and exotic germplasm","2025","analysis_ready"
"LR-2025-NORDBALT-QFHB-6BS.2","SU-2025-NORDIC-BALTIC-GWAS","DF-NORDIC-BALTIC-332-2022-2023","PMID:40772045","https://pmc.ncbi.nlm.nih.gov/articles/PMC12325435/","QFHB-6BS.2","6B","119777133","121557133","visual FHB resistance across mixed assessment categories","author-defined interval using chromosome-specific half-LD decay","IWGSC RefSeq v1.0 assembly with v1.1 annotation","6B:119777133-121557133 bp author LD interval","LD-based approximate interval; not a fine-mapping or causal interval","","A vs G","-7.71","Nordic-Baltic spring wheat panel","332","not applicable","not applicable","spring wheat","Baltic, Nordic, Central/Western European and exotic germplasm","2025","analysis_ready"
"LR-2025-NORDBALT-QFHB-6BS.3","SU-2025-NORDIC-BALTIC-GWAS","DF-NORDIC-BALTIC-332-2022-2023","PMID:40772045","https://pmc.ncbi.nlm.nih.gov/articles/PMC12325435/","QFHB-6BS.3","6B","120599135","122379764","visual FHB resistance across mixed assessment categories","author-defined interval using chromosome-specific half-LD decay","IWGSC RefSeq v1.0 assembly with v1.1 annotation","6B:120599135-122379764 bp author LD interval","LD-based approximate interval; not a fine-mapping or causal interval","","C vs T and G vs T","-2.77 and -2.7 to -4.9","Nordic-Baltic spring wheat panel","332","not applicable","not applicable","spring wheat","Baltic, Nordic, Central/Western European and exotic germplasm","2025","analysis_ready"
"LR-2025-NORDBALT-QFHB-6BL","SU-2025-NORDIC-BALTIC-GWAS","DF-NORDIC-BALTIC-332-2022-2023","PMID:40772045","https://pmc.ncbi.nlm.nih.gov/articles/PMC12325435/","QFHB-6BL","6B","642275761","644055761","visual FHB resistance across mixed assessment categories","author-defined interval using chromosome-specific half-LD decay","IWGSC RefSeq v1.0 assembly with v1.1 annotation","6B:642275761-644055761 bp author LD interval","LD-based approximate interval; not a fine-mapping or causal interval","","C vs T","-2.3to -2.57","Nordic-Baltic spring wheat panel","332","not applicable","not applicable","spring wheat","Baltic, Nordic, Central/Western European and exotic germplasm","2025","analysis_ready"
"LR-2025-NORDBALT-QFHB-6DL","SU-2025-NORDIC-BALTIC-GWAS","DF-NORDIC-BALTIC-332-2022-2023","PMID:40772045","https://pmc.ncbi.nlm.nih.gov/articles/PMC12325435/","QFHB-6DL","6D","398724706","399344706","visual FHB resistance across mixed assessment categories","author-defined interval using chromosome-specific half-LD decay","IWGSC RefSeq v1.0 assembly with v1.1 annotation","6D:398724706-399344706 bp author LD interval","LD-based approximate interval; not a fine-mapping or causal interval","","C vs A","4.17-9.92","Nordic-Baltic spring wheat panel","332","not applicable","not applicable","spring wheat","Baltic, Nordic, Central/Western European and exotic germplasm","2025","analysis_ready"
"LR-2025-NORDBALT-QFHB-7AS","SU-2025-NORDIC-BALTIC-GWAS","DF-NORDIC-BALTIC-332-2022-2023","PMID:40772045","https://pmc.ncbi.nlm.nih.gov/articles/PMC12325435/","QFHB-7AS","7A","24467584","25387584","visual FHB resistance across mixed assessment categories","author-defined interval using chromosome-specific half-LD decay","IWGSC RefSeq v1.0 assembly with v1.1 annotation","7A:24467584-25387584 bp author LD interval","LD-based approximate interval; not a fine-mapping or causal interval","","A vs G","3.73","Nordic-Baltic spring wheat panel","332","not applicable","not applicable","spring wheat","Baltic, Nordic, Central/Western European and exotic germplasm","2025","analysis_ready"
"LR-2025-NORDBALT-QFHB-7DS.1","SU-2025-NORDIC-BALTIC-GWAS","DF-NORDIC-BALTIC-332-2022-2023","PMID:40772045","https://pmc.ncbi.nlm.nih.gov/articles/PMC12325435/","QFHB-7DS.1","7D","59393246","59953246","visual FHB resistance across mixed assessment categories","author-defined interval using chromosome-specific half-LD decay","IWGSC RefSeq v1.0 assembly with v1.1 annotation","7D:59393246-59953246 bp author LD interval","LD-based approximate interval; not a fine-mapping or causal interval","","G vs A","5.56","Nordic-Baltic spring wheat panel","332","not applicable","not applicable","spring wheat","Baltic, Nordic, Central/Western European and exotic germplasm","2025","analysis_ready"
"LR-2025-NORDBALT-QFHB-7DS.2","SU-2025-NORDIC-BALTIC-GWAS","DF-NORDIC-BALTIC-332-2022-2023","PMID:40772045","https://pmc.ncbi.nlm.nih.gov/articles/PMC12325435/","QFHB-7DS.2","7D","111085704","111645704","visual FHB resistance across mixed assessment categories","author-defined interval using chromosome-specific half-LD decay","IWGSC RefSeq v1.0 assembly with v1.1 annotation","7D:111085704-111645704 bp author LD interval","LD-based approximate interval; not a fine-mapping or causal interval","","A vs G","-2.86","Nordic-Baltic spring wheat panel","332","not applicable","not applicable","spring wheat","Baltic, Nordic, Central/Western European and exotic germplasm","2025","analysis_ready"
"LR-2025-ND495-QFhb-rwg-2D","SU-2025-ND495-LARGO-RIL","DF-ND495-LARGO-RIL-188","PMID:40635262","https://pmc.ncbi.nlm.nih.gov/articles/PMC12241835/","QFhb.rwg-2D","2D","481600000","538700000","Type II FHB severity","author-reported v1.0 marker extent","IWGSC Chinese Spring RefSeq v1.0","2D:481600000-538700000 bp","envelope across greenhouse and field environment rows","","locus-dependent; source reports ND495 effects for several loci","","ND495 × Largo","188","Largo for several loci; ND495 contributed resistance effects at some QTL","locus-dependent","spring wheat","North Dakota, USA","2025","analysis_ready"
"LR-2025-ND495-QFhb-rwg-5B","SU-2025-ND495-LARGO-RIL","DF-ND495-LARGO-RIL-188","PMID:40635262","https://pmc.ncbi.nlm.nih.gov/articles/PMC12241835/","QFhb.rwg-5B","5B","666200000","669600000","Type II FHB severity","author-reported v1.0 marker extent","IWGSC Chinese Spring RefSeq v1.0","5B:666200000-669600000 bp","discussion-reported flanking-marker interval","","Largo","","ND495 × Largo","188","Largo for several loci; ND495 contributed resistance effects at some QTL","locus-dependent","spring wheat","North Dakota, USA","2025","analysis_ready"
"LR-2025-ND495-QFhb-rwg-7D-1","SU-2025-ND495-LARGO-RIL","DF-ND495-LARGO-RIL-188","PMID:40635262","https://pmc.ncbi.nlm.nih.gov/articles/PMC12241835/","QFhb.rwg-7D.1","7D","40300000","43000000","Type II FHB severity","author-reported v1.0 marker extent","IWGSC Chinese Spring RefSeq v1.0","7D:40300000-43000000 bp","discussion-reported flanking-marker interval","","locus-dependent; source reports ND495 effects for several loci","","ND495 × Largo","188","Largo for several loci; ND495 contributed resistance effects at some QTL","locus-dependent","spring wheat","North Dakota, USA","2025","analysis_ready"
"LR-2025-ND495-QFhb-rwg-7D-2","SU-2025-ND495-LARGO-RIL","DF-ND495-LARGO-RIL-188","PMID:40635262","https://pmc.ncbi.nlm.nih.gov/articles/PMC12241835/","QFhb.rwg-7D.2","7D","117800000","146100000","Type II FHB severity","author-reported v1.0 marker extent","IWGSC Chinese Spring RefSeq v1.0","7D:117800000-146100000 bp","significant-marker span retained; source genetic CI is wider","hcmQTL-76","locus-dependent; source reports ND495 effects for several loci","","ND495 × Largo","188","Largo for several loci; ND495 contributed resistance effects at some QTL","locus-dependent","spring wheat","North Dakota, USA","2025","analysis_ready"
"LR-2025-ND495-QFhb-rwg-7D-3","SU-2025-ND495-LARGO-RIL","DF-ND495-LARGO-RIL-188","PMID:40635262","https://pmc.ncbi.nlm.nih.gov/articles/PMC12241835/","QFhb.rwg-7D.3","7D","503700000","526400000","Type II FHB severity","author-reported v1.0 marker extent","IWGSC Chinese Spring RefSeq v1.0","7D:503700000-526400000 bp","discussion-reported flanking-marker interval","hcmQTL-77","locus-dependent; source reports ND495 effects for several loci","","ND495 × Largo","188","Largo for several loci; ND495 contributed resistance effects at some QTL","locus-dependent","spring wheat","North Dakota, USA","2025","analysis_ready"
"LR-2025-XNXY-QFhba-1A","SU-2025-XN1376-XY81-RIL","DF-XN1376-XY81-RIL-198","PMID:40244225","https://pmc.ncbi.nlm.nih.gov/articles/PMC11989977/","QFhba-1A","1A","20979946","24326919","Type II/spread","author flanking-marker physical positions in Supplementary Table S1","IWGSC Chinese Spring RefSeq v1.0","1A:20979946-24326919 bp","linkage-marker span; not a causal or fine-mapped interval","","parental allele; direction must be interpreted from source additive-sign convention","0.77","Xinong 1376 x Xiaoyan 81","198","Xinong 1376 (phenology-associated escape and resistance noted)","Xiaoyan 81 (moderate resistance)","semi-winter/semi-vernal","Shaanxi, China","2025","analysis_ready"
"LR-2025-XNXY-QFhba-2D.1","SU-2025-XN1376-XY81-RIL","DF-XN1376-XY81-RIL-198","PMID:40244225","https://pmc.ncbi.nlm.nih.gov/articles/PMC11989977/","QFhba-2D.1","2D","233414252","349559679","Type II/spread","author flanking-marker physical positions in Supplementary Table S1","IWGSC Chinese Spring RefSeq v1.0","2D:233414252-349559679 bp","linkage-marker span; not a causal or fine-mapped interval","","parental allele; direction must be interpreted from source additive-sign convention","0.18","Xinong 1376 x Xiaoyan 81","198","Xinong 1376 (phenology-associated escape and resistance noted)","Xiaoyan 81 (moderate resistance)","semi-winter/semi-vernal","Shaanxi, China","2025","analysis_ready"
"LR-2025-XNXY-QFhba-2D.3","SU-2025-XN1376-XY81-RIL","DF-XN1376-XY81-RIL-198","PMID:40244225","https://pmc.ncbi.nlm.nih.gov/articles/PMC11989977/","QFhba-2D.3","2D","625646384","631833414","Type II/spread","author flanking-marker physical positions in Supplementary Table S1","IWGSC Chinese Spring RefSeq v1.0","2D:625646384-631833414 bp","linkage-marker span; not a causal or fine-mapped interval","","parental allele; direction must be interpreted from source additive-sign convention","0.04","Xinong 1376 x Xiaoyan 81","198","Xinong 1376 (phenology-associated escape and resistance noted)","Xiaoyan 81 (moderate resistance)","semi-winter/semi-vernal","Shaanxi, China","2025","analysis_ready"
"LR-2025-XNXY-QFhba-3A-1","SU-2025-XN1376-XY81-RIL","DF-XN1376-XY81-RIL-198","PMID:40244225","https://pmc.ncbi.nlm.nih.gov/articles/PMC11989977/","QFhba-3A-1","3A","721668524","722348680","Type II/spread","author flanking-marker physical positions in Supplementary Table S1","IWGSC Chinese Spring RefSeq v1.0","3A:721668524-722348680 bp","linkage-marker span; not a causal or fine-mapped interval","","parental allele; direction must be interpreted from source additive-sign convention","0.75","Xinong 1376 x Xiaoyan 81","198","Xinong 1376 (phenology-associated escape and resistance noted)","Xiaoyan 81 (moderate resistance)","semi-winter/semi-vernal","Shaanxi, China","2025","analysis_ready"
"LR-2025-XNXY-QFhba-3A-2","SU-2025-XN1376-XY81-RIL","DF-XN1376-XY81-RIL-198","PMID:40244225","https://pmc.ncbi.nlm.nih.gov/articles/PMC11989977/","QFhba-3A-2","3A","657945843","682992654","Type II/spread","author flanking-marker physical positions in Supplementary Table S1","IWGSC Chinese Spring RefSeq v1.0","3A:657945843-682992654 bp","linkage-marker span; not a causal or fine-mapped interval","","parental allele; direction must be interpreted from source additive-sign convention","0.07~0.17","Xinong 1376 x Xiaoyan 81","198","Xinong 1376 (phenology-associated escape and resistance noted)","Xiaoyan 81 (moderate resistance)","semi-winter/semi-vernal","Shaanxi, China","2025","analysis_ready"
"LR-2025-XNXY-QFhba-4A-1","SU-2025-XN1376-XY81-RIL","DF-XN1376-XY81-RIL-198","PMID:40244225","https://pmc.ncbi.nlm.nih.gov/articles/PMC11989977/","QFhba-4A-1","4A","712924333","717742885","Type II/spread","author flanking-marker physical positions in Supplementary Table S1","IWGSC Chinese Spring RefSeq v1.0","4A:712924333-717742885 bp","linkage-marker span; not a causal or fine-mapped interval","hcmQTL-36","parental allele; direction must be interpreted from source additive-sign convention","0.04~0.11","Xinong 1376 x Xiaoyan 81","198","Xinong 1376 (phenology-associated escape and resistance noted)","Xiaoyan 81 (moderate resistance)","semi-winter/semi-vernal","Shaanxi, China","2025","analysis_ready"
"LR-2025-XNXY-QFhba-4A-2","SU-2025-XN1376-XY81-RIL","DF-XN1376-XY81-RIL-198","PMID:40244225","https://pmc.ncbi.nlm.nih.gov/articles/PMC11989977/","QFhba-4A-2","4A","543777221","621769441","Type II/spread","author flanking-marker physical positions in Supplementary Table S1","IWGSC Chinese Spring RefSeq v1.0","4A:543777221-621769441 bp","linkage-marker span; not a causal or fine-mapped interval","hcmQTL-33|hcmQTL-34","parental allele; direction must be interpreted from source additive-sign convention","−0.01~−1.03","Xinong 1376 x Xiaoyan 81","198","Xinong 1376 (phenology-associated escape and resistance noted)","Xiaoyan 81 (moderate resistance)","semi-winter/semi-vernal","Shaanxi, China","2025","analysis_ready"
"LR-2025-XNXY-QFhba-4B-1","SU-2025-XN1376-XY81-RIL","DF-XN1376-XY81-RIL-198","PMID:40244225","https://pmc.ncbi.nlm.nih.gov/articles/PMC11989977/","QFhba-4B-1","4B","10716766","12231896","Type II/spread","author flanking-marker physical positions in Supplementary Table S1","IWGSC Chinese Spring RefSeq v1.0","4B:10716766-12231896 bp","linkage-marker span; not a causal or fine-mapped interval","","parental allele; direction must be interpreted from source additive-sign convention","0.10~0.21","Xinong 1376 x Xiaoyan 81","198","Xinong 1376 (phenology-associated escape and resistance noted)","Xiaoyan 81 (moderate resistance)","semi-winter/semi-vernal","Shaanxi, China","2025","analysis_ready"
"LR-2025-XNXY-QFhba-4B-2","SU-2025-XN1376-XY81-RIL","DF-XN1376-XY81-RIL-198","PMID:40244225","https://pmc.ncbi.nlm.nih.gov/articles/PMC11989977/","QFhba-4B-2","4B","25847125","63231274","Type II/spread","author flanking-marker physical positions in Supplementary Table S1","IWGSC Chinese Spring RefSeq v1.0","4B:25847125-63231274 bp","linkage-marker span; not a causal or fine-mapped interval","hcmQTL-38","parental allele; direction must be interpreted from source additive-sign convention","1.03","Xinong 1376 x Xiaoyan 81","198","Xinong 1376 (phenology-associated escape and resistance noted)","Xiaoyan 81 (moderate resistance)","semi-winter/semi-vernal","Shaanxi, China","2025","analysis_ready"
"LR-2025-XNXY-QFhba-5D.2-1","SU-2025-XN1376-XY81-RIL","DF-XN1376-XY81-RIL-198","PMID:40244225","https://pmc.ncbi.nlm.nih.gov/articles/PMC11989977/","QFhba-5D.2-1","5D","469523881","573814149","Type II/spread","author flanking-marker physical positions in Supplementary Table S1","IWGSC Chinese Spring RefSeq v1.0","5D:469523881-573814149 bp","linkage-marker span; not a causal or fine-mapped interval","hcmQTL-56","parental allele; direction must be interpreted from source additive-sign convention","−0.10~−0.64","Xinong 1376 x Xiaoyan 81","198","Xinong 1376 (phenology-associated escape and resistance noted)","Xiaoyan 81 (moderate resistance)","semi-winter/semi-vernal","Shaanxi, China","2025","analysis_ready"
"LR-2025-XNXY-QFhba-5D.2-2","SU-2025-XN1376-XY81-RIL","DF-XN1376-XY81-RIL-198","PMID:40244225","https://pmc.ncbi.nlm.nih.gov/articles/PMC11989977/","QFhba-5D.2-2","5D","458076520","458623444","Type II/spread","author flanking-marker physical positions in Supplementary Table S1","IWGSC Chinese Spring RefSeq v1.0","5D:458076520-458623444 bp","linkage-marker span; not a causal or fine-mapped interval","","parental allele; direction must be interpreted from source additive-sign convention","−0.04","Xinong 1376 x Xiaoyan 81","198","Xinong 1376 (phenology-associated escape and resistance noted)","Xiaoyan 81 (moderate resistance)","semi-winter/semi-vernal","Shaanxi, China","2025","analysis_ready"
"LR-2025-XNXY-QFhba-6A.1","SU-2025-XN1376-XY81-RIL","DF-XN1376-XY81-RIL-198","PMID:40244225","https://pmc.ncbi.nlm.nih.gov/articles/PMC11989977/","QFhba-6A.1","6A","26486179","27627823","Type II/spread","author flanking-marker physical positions in Supplementary Table S1","IWGSC Chinese Spring RefSeq v1.0","6A:26486179-27627823 bp","linkage-marker span; not a causal or fine-mapped interval","hcmQTL-58","parental allele; direction must be interpreted from source additive-sign convention","0.08~0.27","Xinong 1376 x Xiaoyan 81","198","Xinong 1376 (phenology-associated escape and resistance noted)","Xiaoyan 81 (moderate resistance)","semi-winter/semi-vernal","Shaanxi, China","2025","analysis_ready"
"LR-2025-XNXY-QFhba-6B","SU-2025-XN1376-XY81-RIL","DF-XN1376-XY81-RIL-198","PMID:40244225","https://pmc.ncbi.nlm.nih.gov/articles/PMC11989977/","QFhba-6B","6B","692783548","710007004","Type II/spread","author flanking-marker physical positions in Supplementary Table S1","IWGSC Chinese Spring RefSeq v1.0","6B:692783548-710007004 bp","linkage-marker span; not a causal or fine-mapped interval","","parental allele; direction must be interpreted from source additive-sign convention","−0.03~−0.34","Xinong 1376 x Xiaoyan 81","198","Xinong 1376 (phenology-associated escape and resistance noted)","Xiaoyan 81 (moderate resistance)","semi-winter/semi-vernal","Shaanxi, China","2025","analysis_ready"
"LR-2025-XNXY-QFhba-7A","SU-2025-XN1376-XY81-RIL","DF-XN1376-XY81-RIL-198","PMID:40244225","https://pmc.ncbi.nlm.nih.gov/articles/PMC11989977/","QFhba-7A","7A","708101913","719568199","Type II/spread","author flanking-marker physical positions in Supplementary Table S1","IWGSC Chinese Spring RefSeq v1.0","7A:708101913-719568199 bp","linkage-marker span; not a causal or fine-mapped interval","","parental allele; direction must be interpreted from source additive-sign convention","−0.08~−1.04","Xinong 1376 x Xiaoyan 81","198","Xinong 1376 (phenology-associated escape and resistance noted)","Xiaoyan 81 (moderate resistance)","semi-winter/semi-vernal","Shaanxi, China","2025","analysis_ready"
"LR-2025-XNXY-QFhbp-2D.3","SU-2025-XN1376-XY81-RIL","DF-XN1376-XY81-RIL-198","PMID:40244225","https://pmc.ncbi.nlm.nih.gov/articles/PMC11989977/","QFhbp-2D.3","2D","625646384","631833414","Type II/spread","author flanking-marker physical positions in Supplementary Table S1","IWGSC Chinese Spring RefSeq v1.0","2D:625646384-631833414 bp","linkage-marker span; not a causal or fine-mapped interval","","parental allele; direction must be interpreted from source additive-sign convention","0.02~0.17","Xinong 1376 x Xiaoyan 81","198","Xinong 1376 (phenology-associated escape and resistance noted)","Xiaoyan 81 (moderate resistance)","semi-winter/semi-vernal","Shaanxi, China","2025","analysis_ready"
"LR-2025-XNXY-QFhbp-3A","SU-2025-XN1376-XY81-RIL","DF-XN1376-XY81-RIL-198","PMID:40244225","https://pmc.ncbi.nlm.nih.gov/articles/PMC11989977/","QFhbp-3A","3A","649632287","659797934","Type II/spread","author flanking-marker physical positions in Supplementary Table S1","IWGSC Chinese Spring RefSeq v1.0","3A:649632287-659797934 bp","linkage-marker span; not a causal or fine-mapped interval","","parental allele; direction must be interpreted from source additive-sign convention","0.02~0.04","Xinong 1376 x Xiaoyan 81","198","Xinong 1376 (phenology-associated escape and resistance noted)","Xiaoyan 81 (moderate resistance)","semi-winter/semi-vernal","Shaanxi, China","2025","analysis_ready"
"LR-2025-XNXY-QFhbp-4A-1","SU-2025-XN1376-XY81-RIL","DF-XN1376-XY81-RIL-198","PMID:40244225","https://pmc.ncbi.nlm.nih.gov/articles/PMC11989977/","QFhbp-4A-1","4A","712924333","717742885","Type II/spread","author flanking-marker physical positions in Supplementary Table S1","IWGSC Chinese Spring RefSeq v1.0","4A:712924333-717742885 bp","linkage-marker span; not a causal or fine-mapped interval","hcmQTL-36","parental allele; direction must be interpreted from source additive-sign convention","0.02~0.06","Xinong 1376 x Xiaoyan 81","198","Xinong 1376 (phenology-associated escape and resistance noted)","Xiaoyan 81 (moderate resistance)","semi-winter/semi-vernal","Shaanxi, China","2025","analysis_ready"
"LR-2025-XNXY-QFhbp-5D.2-1","SU-2025-XN1376-XY81-RIL","DF-XN1376-XY81-RIL-198","PMID:40244225","https://pmc.ncbi.nlm.nih.gov/articles/PMC11989977/","QFhbp-5D.2-1","5D","458076520","458623444","Type II/spread","author flanking-marker physical positions in Supplementary Table S1","IWGSC Chinese Spring RefSeq v1.0","5D:458076520-458623444 bp","linkage-marker span; not a causal or fine-mapped interval","","parental allele; direction must be interpreted from source additive-sign convention","−0.04","Xinong 1376 x Xiaoyan 81","198","Xinong 1376 (phenology-associated escape and resistance noted)","Xiaoyan 81 (moderate resistance)","semi-winter/semi-vernal","Shaanxi, China","2025","analysis_ready"
"LR-2025-XNXY-QFhbp-6B-1","SU-2025-XN1376-XY81-RIL","DF-XN1376-XY81-RIL-198","PMID:40244225","https://pmc.ncbi.nlm.nih.gov/articles/PMC11989977/","QFhbp-6B-1","6B","692783548","710007004","Type II/spread","author flanking-marker physical positions in Supplementary Table S1","IWGSC Chinese Spring RefSeq v1.0","6B:692783548-710007004 bp","linkage-marker span; not a causal or fine-mapped interval","","parental allele; direction must be interpreted from source additive-sign convention","−0.02~−0.08","Xinong 1376 x Xiaoyan 81","198","Xinong 1376 (phenology-associated escape and resistance noted)","Xiaoyan 81 (moderate resistance)","semi-winter/semi-vernal","Shaanxi, China","2025","analysis_ready"
"LR-2025-XNXY-QFhbp-6B-2","SU-2025-XN1376-XY81-RIL","DF-XN1376-XY81-RIL-198","PMID:40244225","https://pmc.ncbi.nlm.nih.gov/articles/PMC11989977/","QFhbp-6B-2","6B","112868","8046144","Type II/spread","author flanking-marker physical positions in Supplementary Table S1","IWGSC Chinese Spring RefSeq v1.0","6B:112868-8046144 bp","linkage-marker span; not a causal or fine-mapped interval","","parental allele; direction must be interpreted from source additive-sign convention","0.04","Xinong 1376 x Xiaoyan 81","198","Xinong 1376 (phenology-associated escape and resistance noted)","Xiaoyan 81 (moderate resistance)","semi-winter/semi-vernal","Shaanxi, China","2025","analysis_ready"
"LR-2025-XNXY-QFhbp-7A","SU-2025-XN1376-XY81-RIL","DF-XN1376-XY81-RIL-198","PMID:40244225","https://pmc.ncbi.nlm.nih.gov/articles/PMC11989977/","QFhbp-7A","7A","708138840","747197703","Type II/spread","author flanking-marker physical positions in Supplementary Table S1","IWGSC Chinese Spring RefSeq v1.0","7A:708138840-747197703 bp","linkage-marker span; not a causal or fine-mapped interval","","parental allele; direction must be interpreted from source additive-sign convention","−0.04","Xinong 1376 x Xiaoyan 81","198","Xinong 1376 (phenology-associated escape and resistance noted)","Xiaoyan 81 (moderate resistance)","semi-winter/semi-vernal","Shaanxi, China","2025","analysis_ready"
"LR-2024-PI672538-FhbL693b","SU-2024-L661-PI672538-RIL","DF-L661-PI672538-RIL-451","PMID:39135653","https://pmc.ncbi.nlm.nih.gov/articles/PMC11317384/","FhbL693b","3B","282358935","331950894","Type II/spread","author source-marker physical envelope in Results","IWGSC RefSeq v1.0","3B:282358935-331950894 bp","combined outer marker envelope; 5.1 cM","","PI672538 (source additive sign is environment-specific)","","L661 x PI672538","451","PI672538","L661","spring wheat","Sichuan, China","2024","analysis_ready"
"LR-2024-PI672538-FhbL693d","SU-2024-L661-PI672538-RIL","DF-L661-PI672538-RIL-451","PMID:39135653","https://pmc.ncbi.nlm.nih.gov/articles/PMC11317384/","FhbL693d","5D","47080989","79220144","Type II/spread","author source-marker physical envelope in Results","IWGSC RefSeq v1.0","5D:47080989-79220144 bp","flanking markers 5Dindel-2 and 5Dindel-4; 10.2 cM","","PI672538 (source additive sign is environment-specific)","","L661 x PI672538","451","PI672538","L661","spring wheat","Sichuan, China","2024","analysis_ready"
"LR-2024-PI672538-FhbL693e","SU-2024-L661-PI672538-RIL","DF-L661-PI672538-RIL-451","PMID:39135653","https://pmc.ncbi.nlm.nih.gov/articles/PMC11317384/","FhbL693e","1B","374519369","532662331","Type II/spread","author source-marker physical envelope in Results","IWGSC RefSeq v1.0","1B:374519369-532662331 bp","flanking markers 1Bindel-4 and 1Bindel-6; 11.9 cM","hcmQTL-6","PI672538 (source additive sign is environment-specific)","","L661 x PI672538","451","PI672538","L661","spring wheat","Sichuan, China","2024","analysis_ready"
"LR-2025-TRI25-QFhb-umb-1A-visualFHBresistance","SU-2025-TRIUMPH-25R51-DH","DF-TRIUMPH-25R51-DH","PMID:40815199","https://pmc.ncbi.nlm.nih.gov/articles/PMC12356168/","QFhb.umb-1A","1A","579830464","580422461","visual FHB resistance","exact main-table flanking marker join to Supplementary Table S4","IWGSC Chinese Spring RefSeq v1.0","1A:579830464-580422461 bp source-marker envelope","outer physical envelope across repeated source QTL rows; not a physical confidence interval","hcmQTL-4","25R51 carries Fhb1; additional loci are parent- and trait-dependent","source additive effects vary by trait/environment","Triumph x 25R51","","25R51 carries Fhb1; parental contribution is locus-dependent","locus-dependent","winter wheat","Canada","2025","analysis_ready"
"LR-2025-TRI25-QFhb-umb-1D-visualFHBresistance","SU-2025-TRIUMPH-25R51-DH","DF-TRIUMPH-25R51-DH","PMID:40815199","https://pmc.ncbi.nlm.nih.gov/articles/PMC12356168/","QFhb.umb-1D","1D","8185597","12303375","visual FHB resistance","exact main-table flanking marker join to Supplementary Table S4","IWGSC Chinese Spring RefSeq v1.0","1D:8185597-12303375 bp source-marker envelope","outer physical envelope across repeated source QTL rows; not a physical confidence interval","","25R51 carries Fhb1; additional loci are parent- and trait-dependent","source additive effects vary by trait/environment","Triumph x 25R51","","25R51 carries Fhb1; parental contribution is locus-dependent","locus-dependent","winter wheat","Canada","2025","analysis_ready"
"LR-2025-TRI25-QFhb-umb-2A-1-visualFHBresistance","SU-2025-TRIUMPH-25R51-DH","DF-TRIUMPH-25R51-DH","PMID:40815199","https://pmc.ncbi.nlm.nih.gov/articles/PMC12356168/","QFhb.umb-2A.1","2A","21261921","21534313","visual FHB resistance","exact main-table flanking marker join to Supplementary Table S4","IWGSC Chinese Spring RefSeq v1.0","2A:21261921-21534313 bp source-marker envelope","outer physical envelope across repeated source QTL rows; not a physical confidence interval","","25R51 carries Fhb1; additional loci are parent- and trait-dependent","source additive effects vary by trait/environment","Triumph x 25R51","","25R51 carries Fhb1; parental contribution is locus-dependent","locus-dependent","winter wheat","Canada","2025","analysis_ready"
"LR-2025-TRI25-QFhb-umb-2A-2-visualFHBresistance","SU-2025-TRIUMPH-25R51-DH","DF-TRIUMPH-25R51-DH","PMID:40815199","https://pmc.ncbi.nlm.nih.gov/articles/PMC12356168/","QFhb.umb-2A.2","2A","740361207","742136424","visual FHB resistance","exact main-table flanking marker join to Supplementary Table S4","IWGSC Chinese Spring RefSeq v1.0","2A:740361207-742136424 bp source-marker envelope","outer physical envelope across repeated source QTL rows; not a physical confidence interval","","25R51 carries Fhb1; additional loci are parent- and trait-dependent","source additive effects vary by trait/environment","Triumph x 25R51","","25R51 carries Fhb1; parental contribution is locus-dependent","locus-dependent","winter wheat","Canada","2025","analysis_ready"
"LR-2025-TRI25-QFhb-umb-2B-visualFHBresistance","SU-2025-TRIUMPH-25R51-DH","DF-TRIUMPH-25R51-DH","PMID:40815199","https://pmc.ncbi.nlm.nih.gov/articles/PMC12356168/","QFhb.umb-2B","2B","68363484","69412398","visual FHB resistance","exact main-table flanking marker join to Supplementary Table S4","IWGSC Chinese Spring RefSeq v1.0","2B:68363484-69412398 bp source-marker envelope","outer physical envelope across repeated source QTL rows; not a physical confidence interval","","25R51 carries Fhb1; additional loci are parent- and trait-dependent","source additive effects vary by trait/environment","Triumph x 25R51","","25R51 carries Fhb1; parental contribution is locus-dependent","locus-dependent","winter wheat","Canada","2025","analysis_ready"
"LR-2025-TRI25-QFhb-umb-2D-visualFHBresistance","SU-2025-TRIUMPH-25R51-DH","DF-TRIUMPH-25R51-DH","PMID:40815199","https://pmc.ncbi.nlm.nih.gov/articles/PMC12356168/","QFhb.umb-2D","2D","22447931","43994195","visual FHB resistance","exact main-table flanking marker join to Supplementary Table S4","IWGSC Chinese Spring RefSeq v1.0","2D:22447931-43994195 bp source-marker envelope","outer physical envelope across repeated source QTL rows; not a physical confidence interval","hcmQTL-18|hcmQTL-19|hcmQTL-20","25R51 carries Fhb1; additional loci are parent- and trait-dependent","source additive effects vary by trait/environment","Triumph x 25R51","","25R51 carries Fhb1; parental contribution is locus-dependent","locus-dependent","winter wheat","Canada","2025","analysis_ready"
"LR-2025-TRI25-QFhb-umb-3A-visualFHBresistance","SU-2025-TRIUMPH-25R51-DH","DF-TRIUMPH-25R51-DH","PMID:40815199","https://pmc.ncbi.nlm.nih.gov/articles/PMC12356168/","QFhb.umb-3A","3A","710936013","724635515","visual FHB resistance","exact main-table flanking marker join to Supplementary Table S4","IWGSC Chinese Spring RefSeq v1.0","3A:710936013-724635515 bp source-marker envelope","outer physical envelope across repeated source QTL rows; not a physical confidence interval","","25R51 carries Fhb1; additional loci are parent- and trait-dependent","source additive effects vary by trait/environment","Triumph x 25R51","","25R51 carries Fhb1; parental contribution is locus-dependent","locus-dependent","winter wheat","Canada","2025","analysis_ready"
"LR-2025-TRI25-QFhb-umb-3B-visualFHBresistance","SU-2025-TRIUMPH-25R51-DH","DF-TRIUMPH-25R51-DH","PMID:40815199","https://pmc.ncbi.nlm.nih.gov/articles/PMC12356168/","QFhb.umb-3B","3B","5585770","8811838","visual FHB resistance","exact main-table flanking marker join to Supplementary Table S4","IWGSC Chinese Spring RefSeq v1.0","3B:5585770-8811838 bp source-marker envelope","outer physical envelope across repeated source QTL rows; not a physical confidence interval","hcmQTL-29|hcmQTL-30","25R51 carries Fhb1; additional loci are parent- and trait-dependent","source additive effects vary by trait/environment","Triumph x 25R51","","25R51 carries Fhb1; parental contribution is locus-dependent","locus-dependent","winter wheat","Canada","2025","analysis_ready"
"LR-2025-TRI25-QFhb-umb-7D-visualFHBresistance","SU-2025-TRIUMPH-25R51-DH","DF-TRIUMPH-25R51-DH","PMID:40815199","https://pmc.ncbi.nlm.nih.gov/articles/PMC12356168/","QFhb.umb-7D","7D","44522543","89599426","visual FHB resistance","exact main-table flanking marker join to Supplementary Table S4","IWGSC Chinese Spring RefSeq v1.0","7D:44522543-89599426 bp source-marker envelope","outer physical envelope across repeated source QTL rows; not a physical confidence interval","","25R51 carries Fhb1; additional loci are parent- and trait-dependent","source additive effects vary by trait/environment","Triumph x 25R51","","25R51 carries Fhb1; parental contribution is locus-dependent","locus-dependent","winter wheat","Canada","2025","analysis_ready"
"LR-2025-TRI25-QFdk-umb-3B-TypeIII","SU-2025-TRIUMPH-25R51-DH","DF-TRIUMPH-25R51-DH","PMID:40815199","https://pmc.ncbi.nlm.nih.gov/articles/PMC12356168/","QFdk.umb-3B","3B","5585770","8811838","Type III/kernel damage","exact main-table flanking marker join to Supplementary Table S4","IWGSC Chinese Spring RefSeq v1.0","3B:5585770-8811838 bp source-marker envelope","outer physical envelope across repeated source QTL rows; not a physical confidence interval","hcmQTL-29|hcmQTL-30","25R51 carries Fhb1; additional loci are parent- and trait-dependent","source additive effects vary by trait/environment","Triumph x 25R51","","25R51 carries Fhb1; parental contribution is locus-dependent","locus-dependent","winter wheat","Canada","2025","analysis_ready"
"LR-2025-TRI25-QFdk-umb-3D-TypeIII","SU-2025-TRIUMPH-25R51-DH","DF-TRIUMPH-25R51-DH","PMID:40815199","https://pmc.ncbi.nlm.nih.gov/articles/PMC12356168/","QFdk.umb-3D","3D","414644065","448266408","Type III/kernel damage","exact main-table flanking marker join to Supplementary Table S4","IWGSC Chinese Spring RefSeq v1.0","3D:414644065-448266408 bp source-marker envelope","outer physical envelope across repeated source QTL rows; not a physical confidence interval","","25R51 carries Fhb1; additional loci are parent- and trait-dependent","source additive effects vary by trait/environment","Triumph x 25R51","","25R51 carries Fhb1; parental contribution is locus-dependent","locus-dependent","winter wheat","Canada","2025","analysis_ready"
"LR-2025-TRI25-QDon-umb-3B-TypeIV","SU-2025-TRIUMPH-25R51-DH","DF-TRIUMPH-25R51-DH","PMID:40815199","https://pmc.ncbi.nlm.nih.gov/articles/PMC12356168/","QDon.umb-3B","3B","5585770","8811838","Type IV/DON","exact main-table flanking marker join to Supplementary Table S4","IWGSC Chinese Spring RefSeq v1.0","3B:5585770-8811838 bp source-marker envelope","outer physical envelope across repeated source QTL rows; not a physical confidence interval","hcmQTL-29|hcmQTL-30","25R51 carries Fhb1; additional loci are parent- and trait-dependent","source additive effects vary by trait/environment","Triumph x 25R51","","25R51 carries Fhb1; parental contribution is locus-dependent","locus-dependent","winter wheat","Canada","2025","analysis_ready"
"LR-2025-TRI25-QDon-umb-5A-TypeIV","SU-2025-TRIUMPH-25R51-DH","DF-TRIUMPH-25R51-DH","PMID:40815199","https://pmc.ncbi.nlm.nih.gov/articles/PMC12356168/","QDon.umb-5A","5A","33130557","35631193","Type IV/DON","exact main-table flanking marker join to Supplementary Table S4","IWGSC Chinese Spring RefSeq v1.0","5A:33130557-35631193 bp source-marker envelope","outer physical envelope across repeated source QTL rows; not a physical confidence interval","","25R51 carries Fhb1; additional loci are parent- and trait-dependent","source additive effects vary by trait/environment","Triumph x 25R51","","25R51 carries Fhb1; parental contribution is locus-dependent","locus-dependent","winter wheat","Canada","2025","analysis_ready"
"LR-2023-WANG205-BS00095100-51","SU-2023-CHINA-WINTER-205-GWAS","DF-CHINA-WINTER-205-GWAS","PMID:37750077","https://pmc.ncbi.nlm.nih.gov/articles/PMC10518165/","BS00095100_51","1A","308572288","308572388","Type II/spread","author marker-sequence match in Supplementary Table S2","IWGSC RefSeq v1.0","chr1A:308572388-308572288(Strand=Plus/Minus)","marker-sequence span represented as a point-like MTA, not a QTL interval","","favorable allele listed in main Tables 4-6 for selected stable loci","","205 elite winter-wheat cultivars","205","not applicable","not applicable","winter wheat","China","2023","analysis_ready"
"LR-2023-WANG205-Excalibur-c91176-326","SU-2023-CHINA-WINTER-205-GWAS","DF-CHINA-WINTER-205-GWAS","PMID:37750077","https://pmc.ncbi.nlm.nih.gov/articles/PMC10518165/","Excalibur_c91176_326","2A","758923244","758923336","Type II/spread","author marker-sequence match in Supplementary Table S2","IWGSC RefSeq v1.0","chr2A:758923336-758923244(Strand=Plus/Minus)","marker-sequence span represented as a point-like MTA, not a QTL interval","","favorable allele listed in main Tables 4-6 for selected stable loci","","205 elite winter-wheat cultivars","205","not applicable","not applicable","winter wheat","China","2023","analysis_ready"
"LR-2023-WANG205-TA003865-0902","SU-2023-CHINA-WINTER-205-GWAS","DF-CHINA-WINTER-205-GWAS","PMID:37750077","https://pmc.ncbi.nlm.nih.gov/articles/PMC10518165/","TA003865-0902","2B","20075961","20076014","Type II/spread","author marker-sequence match in Supplementary Table S2","IWGSC RefSeq v1.0","chr2B:20075961-20076014(Strand=Plus/Plus)","marker-sequence span represented as a point-like MTA, not a QTL interval","","favorable allele listed in main Tables 4-6 for selected stable loci","","205 elite winter-wheat cultivars","205","not applicable","not applicable","winter wheat","China","2023","analysis_ready"
"LR-2023-WANG205-wsnp-BE489901D-Ta-2-1","SU-2023-CHINA-WINTER-205-GWAS","DF-CHINA-WINTER-205-GWAS","PMID:37750077","https://pmc.ncbi.nlm.nih.gov/articles/PMC10518165/","wsnp_BE489901D_Ta_2_1","2D","637651044","637651164","Type II/spread","author marker-sequence match in Supplementary Table S2","IWGSC RefSeq v1.0","chr2D:637651044-637651164(Strand=Plus/Plus)","marker-sequence span represented as a point-like MTA, not a QTL interval","","favorable allele listed in main Tables 4-6 for selected stable loci","","205 elite winter-wheat cultivars","205","not applicable","not applicable","winter wheat","China","2023","analysis_ready"
"LR-2023-WANG205-Tdurum-contig19920-463","SU-2023-CHINA-WINTER-205-GWAS","DF-CHINA-WINTER-205-GWAS","PMID:37750077","https://pmc.ncbi.nlm.nih.gov/articles/PMC10518165/","Tdurum_contig19920_463","4A","659014917","659015017","Type II/spread","author marker-sequence match in Supplementary Table S2","IWGSC RefSeq v1.0","chr4A:659014917-659015017(Strand=Plus/Plus)","marker-sequence span represented as a point-like MTA, not a QTL interval","","favorable allele listed in main Tables 4-6 for selected stable loci","","205 elite winter-wheat cultivars","205","not applicable","not applicable","winter wheat","China","2023","analysis_ready"
"LR-2023-WANG205-D-contig74317-533","SU-2023-CHINA-WINTER-205-GWAS","DF-CHINA-WINTER-205-GWAS","PMID:37750077","https://pmc.ncbi.nlm.nih.gov/articles/PMC10518165/","D_contig74317_533","5D","5587472","5587720","Type II/spread","author marker-sequence match in Supplementary Table S2","IWGSC RefSeq v1.0","chr5D:5587472-5587720(Strand=Plus/Plus)","marker-sequence span represented as a point-like MTA, not a QTL interval","","favorable allele listed in main Tables 4-6 for selected stable loci","","205 elite winter-wheat cultivars","205","not applicable","not applicable","winter wheat","China","2023","analysis_ready"
"LR-2023-WANG205-wsnp-BE498985A-Ta-2-1","SU-2023-CHINA-WINTER-205-GWAS","DF-CHINA-WINTER-205-GWAS","PMID:37750077","https://pmc.ncbi.nlm.nih.gov/articles/PMC10518165/","wsnp_BE498985A_Ta_2_1","7B","657933278","657933379","Type II/spread","author marker-sequence match in Supplementary Table S2","IWGSC RefSeq v1.0","chr7B:657933278-657933379(Strand=Plus/Plus)","marker-sequence span represented as a point-like MTA, not a QTL interval","","favorable allele listed in main Tables 4-6 for selected stable loci","","205 elite winter-wheat cultivars","205","not applicable","not applicable","winter wheat","China","2023","analysis_ready"
"LR-2023-WANG205-wsnp-BE605194B-Ta-2-1","SU-2023-CHINA-WINTER-205-GWAS","DF-CHINA-WINTER-205-GWAS","PMID:37750077","https://pmc.ncbi.nlm.nih.gov/articles/PMC10518165/","wsnp_BE605194B_Ta_2_1","7B","657872619","657872739","Type II/spread","author marker-sequence match in Supplementary Table S2","IWGSC RefSeq v1.0","chr7B:657872739-657872619(Strand=Plus/Minus)","marker-sequence span represented as a point-like MTA, not a QTL interval","","favorable allele listed in main Tables 4-6 for selected stable loci","","205 elite winter-wheat cultivars","205","not applicable","not applicable","winter wheat","China","2023","analysis_ready"
"LR-2023-WANG205-wsnp-BE605194B-Ta-2-7","SU-2023-CHINA-WINTER-205-GWAS","DF-CHINA-WINTER-205-GWAS","PMID:37750077","https://pmc.ncbi.nlm.nih.gov/articles/PMC10518165/","wsnp_BE605194B_Ta_2_7","7B","657871634","657871754","Type II/spread","author marker-sequence match in Supplementary Table S2","IWGSC RefSeq v1.0","chr7B:657871754-657871634(Strand=Plus/Minus)","marker-sequence span represented as a point-like MTA, not a QTL interval","","favorable allele listed in main Tables 4-6 for selected stable loci","","205 elite winter-wheat cultivars","205","not applicable","not applicable","winter wheat","China","2023","analysis_ready"
"LR-2023-WANG205-GENE-4996-592","SU-2023-CHINA-WINTER-205-GWAS","DF-CHINA-WINTER-205-GWAS","PMID:37750077","https://pmc.ncbi.nlm.nih.gov/articles/PMC10518165/","GENE-4996_592","7B","657871474","657871574","Type II/spread","author marker-sequence match in Supplementary Table S2","IWGSC RefSeq v1.0","chr7B:657871574-657871474(Strand=Plus/Minus)","marker-sequence span represented as a point-like MTA, not a QTL interval","","favorable allele listed in main Tables 4-6 for selected stable loci","","205 elite winter-wheat cultivars","205","not applicable","not applicable","winter wheat","China","2023","analysis_ready"
"LR-2023-WANG205-Tdurum-contig10677-529","SU-2023-CHINA-WINTER-205-GWAS","DF-CHINA-WINTER-205-GWAS","PMID:37750077","https://pmc.ncbi.nlm.nih.gov/articles/PMC10518165/","Tdurum_contig10677_529","7B","657933269","657933369","Type II/spread","author marker-sequence match in Supplementary Table S2","IWGSC RefSeq v1.0","chr7B:657933369-657933269(Strand=Plus/Minus)","marker-sequence span represented as a point-like MTA, not a QTL interval","","favorable allele listed in main Tables 4-6 for selected stable loci","","205 elite winter-wheat cultivars","205","not applicable","not applicable","winter wheat","China","2023","analysis_ready"
"LR-2023-WANG205-BS00066342-51","SU-2023-CHINA-WINTER-205-GWAS","DF-CHINA-WINTER-205-GWAS","PMID:37750077","https://pmc.ncbi.nlm.nih.gov/articles/PMC10518165/","BS00066342_51","7B","725735700","725735800","Type II/spread","author marker-sequence match in Supplementary Table S2","IWGSC RefSeq v1.0","chr7B:725735700-725735800(Strand=Plus/Plus)","marker-sequence span represented as a point-like MTA, not a QTL interval","hcmQTL-74","favorable allele listed in main Tables 4-6 for selected stable loci","","205 elite winter-wheat cultivars","205","not applicable","not applicable","winter wheat","China","2023","analysis_ready"
"LR-2023-WANG205-Excalibur-c11587-340","SU-2023-CHINA-WINTER-205-GWAS","DF-CHINA-WINTER-205-GWAS","PMID:37750077","https://pmc.ncbi.nlm.nih.gov/articles/PMC10518165/","Excalibur_c11587_340","2B","616481760","616481860","Type II/spread","author marker-sequence match in Supplementary Table S2","IWGSC RefSeq v1.0","chr2B:616481860-616481760(Strand=Plus/Minus)","marker-sequence span represented as a point-like MTA, not a QTL interval","hcmQTL-16","favorable allele listed in main Tables 4-6 for selected stable loci","","205 elite winter-wheat cultivars","205","not applicable","not applicable","winter wheat","China","2023","analysis_ready"
"LR-2023-WANG205-BS00012071-51","SU-2023-CHINA-WINTER-205-GWAS","DF-CHINA-WINTER-205-GWAS","PMID:37750077","https://pmc.ncbi.nlm.nih.gov/articles/PMC10518165/","BS00012071_51","2B","635023634","635023734","Type II/spread","author marker-sequence match in Supplementary Table S2","IWGSC RefSeq v1.0","chr2B:635023634-635023734(Strand=Plus/Plus)","marker-sequence span represented as a point-like MTA, not a QTL interval","hcmQTL-16","favorable allele listed in main Tables 4-6 for selected stable loci","","205 elite winter-wheat cultivars","205","not applicable","not applicable","winter wheat","China","2023","analysis_ready"
"LR-2023-WANG205-IAAV3305","SU-2023-CHINA-WINTER-205-GWAS","DF-CHINA-WINTER-205-GWAS","PMID:37750077","https://pmc.ncbi.nlm.nih.gov/articles/PMC10518165/","IAAV3305","2B","126731379","126731509","Type II/spread","author marker-sequence match in Supplementary Table S2","IWGSC RefSeq v1.0","chr2B:126731379-126731509(Strand=Plus/Plus)","marker-sequence span represented as a point-like MTA, not a QTL interval","","favorable allele listed in main Tables 4-6 for selected stable loci","","205 elite winter-wheat cultivars","205","not applicable","not applicable","winter wheat","China","2023","analysis_ready"
"LR-2023-WANG205-Kukri-rep-c109397-59","SU-2023-CHINA-WINTER-205-GWAS","DF-CHINA-WINTER-205-GWAS","PMID:37750077","https://pmc.ncbi.nlm.nih.gov/articles/PMC10518165/","Kukri_rep_c109397_59","5B","20667633","20667733","Type II/spread","author marker-sequence match in Supplementary Table S2","IWGSC RefSeq v1.0","chr5B:20667633-20667733(Strand=Plus/Plus)","marker-sequence span represented as a point-like MTA, not a QTL interval","","favorable allele listed in main Tables 4-6 for selected stable loci","","205 elite winter-wheat cultivars","205","not applicable","not applicable","winter wheat","China","2023","analysis_ready"
"LR-2023-WANG205-Excalibur-c3948-1315","SU-2023-CHINA-WINTER-205-GWAS","DF-CHINA-WINTER-205-GWAS","PMID:37750077","https://pmc.ncbi.nlm.nih.gov/articles/PMC10518165/","Excalibur_c3948_1315","5B","19438743","19438843","Type II/spread","author marker-sequence match in Supplementary Table S2","IWGSC RefSeq v1.0","chr5B:19438843-19438743(Strand=Plus/Minus)","marker-sequence span represented as a point-like MTA, not a QTL interval","","favorable allele listed in main Tables 4-6 for selected stable loci","","205 elite winter-wheat cultivars","205","not applicable","not applicable","winter wheat","China","2023","analysis_ready"
"LR-2023-WANG205-Kukri-c2514-490","SU-2023-CHINA-WINTER-205-GWAS","DF-CHINA-WINTER-205-GWAS","PMID:37750077","https://pmc.ncbi.nlm.nih.gov/articles/PMC10518165/","Kukri_c2514_490","5B","19439017","19439117","Type II/spread","author marker-sequence match in Supplementary Table S2","IWGSC RefSeq v1.0","chr5B:19439117-19439017(Strand=Plus/Minus)","marker-sequence span represented as a point-like MTA, not a QTL interval","","favorable allele listed in main Tables 4-6 for selected stable loci","","205 elite winter-wheat cultivars","205","not applicable","not applicable","winter wheat","China","2023","analysis_ready"
"LR-2023-WANG205-Kukri-c2514-583","SU-2023-CHINA-WINTER-205-GWAS","DF-CHINA-WINTER-205-GWAS","PMID:37750077","https://pmc.ncbi.nlm.nih.gov/articles/PMC10518165/","Kukri_c2514_583","5B","19438924","19439024","Type II/spread","author marker-sequence match in Supplementary Table S2","IWGSC RefSeq v1.0","chr5B:19439024-19438924(Strand=Plus/Minus)","marker-sequence span represented as a point-like MTA, not a QTL interval","","favorable allele listed in main Tables 4-6 for selected stable loci","","205 elite winter-wheat cultivars","205","not applicable","not applicable","winter wheat","China","2023","analysis_ready"
"LR-2023-WANG205-Tdurum-contig25432-1020","SU-2023-CHINA-WINTER-205-GWAS","DF-CHINA-WINTER-205-GWAS","PMID:37750077","https://pmc.ncbi.nlm.nih.gov/articles/PMC10518165/","Tdurum_contig25432_1020","5B","19439098","19439198","Type II/spread","author marker-sequence match in Supplementary Table S2","IWGSC RefSeq v1.0","chr5B:19439098-19439198(Strand=Plus/Plus)","marker-sequence span represented as a point-like MTA, not a QTL interval","","favorable allele listed in main Tables 4-6 for selected stable loci","","205 elite winter-wheat cultivars","205","not applicable","not applicable","winter wheat","China","2023","analysis_ready"
"LR-2023-WANG205-Tdurum-contig25432-1218","SU-2023-CHINA-WINTER-205-GWAS","DF-CHINA-WINTER-205-GWAS","PMID:37750077","https://pmc.ncbi.nlm.nih.gov/articles/PMC10518165/","Tdurum_contig25432_1218","5B","19439296","19439396","Type II/spread","author marker-sequence match in Supplementary Table S2","IWGSC RefSeq v1.0","chr5B:19439296-19439396(Strand=Plus/Plus)","marker-sequence span represented as a point-like MTA, not a QTL interval","","favorable allele listed in main Tables 4-6 for selected stable loci","","205 elite winter-wheat cultivars","205","not applicable","not applicable","winter wheat","China","2023","analysis_ready"
"LR-2023-WANG205-Tdurum-contig25432-1377","SU-2023-CHINA-WINTER-205-GWAS","DF-CHINA-WINTER-205-GWAS","PMID:37750077","https://pmc.ncbi.nlm.nih.gov/articles/PMC10518165/","Tdurum_contig25432_1377","5B","19439455","19439555","Type II/spread","author marker-sequence match in Supplementary Table S2","IWGSC RefSeq v1.0","chr5B:19439455-19439555(Strand=Plus/Plus)","marker-sequence span represented as a point-like MTA, not a QTL interval","","favorable allele listed in main Tables 4-6 for selected stable loci","","205 elite winter-wheat cultivars","205","not applicable","not applicable","winter wheat","China","2023","analysis_ready"
"LR-2023-WANG205-BobWhite-c3073-1156","SU-2023-CHINA-WINTER-205-GWAS","DF-CHINA-WINTER-205-GWAS","PMID:37750077","https://pmc.ncbi.nlm.nih.gov/articles/PMC10518165/","BobWhite_c3073_1156","6A","5326417","5326517","Type II/spread","author marker-sequence match in Supplementary Table S2","IWGSC RefSeq v1.0","chr6A:5326517-5326417(Strand=Plus/Minus)","marker-sequence span represented as a point-like MTA, not a QTL interval","","favorable allele listed in main Tables 4-6 for selected stable loci","","205 elite winter-wheat cultivars","205","not applicable","not applicable","winter wheat","China","2023","analysis_ready"
"LR-2023-WANG205-wsnp-Ku-c39334-47795350","SU-2023-CHINA-WINTER-205-GWAS","DF-CHINA-WINTER-205-GWAS","PMID:37750077","https://pmc.ncbi.nlm.nih.gov/articles/PMC10518165/","wsnp_Ku_c39334_47795350","6A","5872855","5873055","Type II/spread","author marker-sequence match in Supplementary Table S2","IWGSC RefSeq v1.0","chr6A:5873055-5872855(Strand=Plus/Minus)","marker-sequence span represented as a point-like MTA, not a QTL interval","","favorable allele listed in main Tables 4-6 for selected stable loci","","205 elite winter-wheat cultivars","205","not applicable","not applicable","winter wheat","China","2023","analysis_ready"
"LR-2023-WANG205-wsnp-Ku-c39334-47795461","SU-2023-CHINA-WINTER-205-GWAS","DF-CHINA-WINTER-205-GWAS","PMID:37750077","https://pmc.ncbi.nlm.nih.gov/articles/PMC10518165/","wsnp_Ku_c39334_47795461","6A","5872745","5872944","Type II/spread","author marker-sequence match in Supplementary Table S2","IWGSC RefSeq v1.0","chr6A:5872944-5872745(Strand=Plus/Minus)","marker-sequence span represented as a point-like MTA, not a QTL interval","","favorable allele listed in main Tables 4-6 for selected stable loci","","205 elite winter-wheat cultivars","205","not applicable","not applicable","winter wheat","China","2023","analysis_ready"
"LR-2023-WANG205-BS00090253-51","SU-2023-CHINA-WINTER-205-GWAS","DF-CHINA-WINTER-205-GWAS","PMID:37750077","https://pmc.ncbi.nlm.nih.gov/articles/PMC10518165/","BS00090253_51","6A","6735108","6735208","Type II/spread","author marker-sequence match in Supplementary Table S2","IWGSC RefSeq v1.0","chr6A:6735208-6735108(Strand=Plus/Minus)","marker-sequence span represented as a point-like MTA, not a QTL interval","hcmQTL-57","favorable allele listed in main Tables 4-6 for selected stable loci","","205 elite winter-wheat cultivars","205","not applicable","not applicable","winter wheat","China","2023","analysis_ready"
"LR-2023-WANG205-Excalibur-c431-1130","SU-2023-CHINA-WINTER-205-GWAS","DF-CHINA-WINTER-205-GWAS","PMID:37750077","https://pmc.ncbi.nlm.nih.gov/articles/PMC10518165/","Excalibur_c431_1130","6A","5326375","5326475","Type II/spread","author marker-sequence match in Supplementary Table S2","IWGSC RefSeq v1.0","chr6A:5326475-5326375(Strand=Plus/Minus)","marker-sequence span represented as a point-like MTA, not a QTL interval","","favorable allele listed in main Tables 4-6 for selected stable loci","","205 elite winter-wheat cultivars","205","not applicable","not applicable","winter wheat","China","2023","analysis_ready"
"LR-2023-WANG205-RAC875-c68978-220","SU-2023-CHINA-WINTER-205-GWAS","DF-CHINA-WINTER-205-GWAS","PMID:37750077","https://pmc.ncbi.nlm.nih.gov/articles/PMC10518165/","RAC875_c68978_220","6A","5326296","5326398","Type II/spread","author marker-sequence match in Supplementary Table S2","IWGSC RefSeq v1.0","chr6A:5326296-5326398(Strand=Plus/Plus)","marker-sequence span represented as a point-like MTA, not a QTL interval","","favorable allele listed in main Tables 4-6 for selected stable loci","","205 elite winter-wheat cultivars","205","not applicable","not applicable","winter wheat","China","2023","analysis_ready"
"LR-2023-WANG205-TA005787-0140","SU-2023-CHINA-WINTER-205-GWAS","DF-CHINA-WINTER-205-GWAS","PMID:37750077","https://pmc.ncbi.nlm.nih.gov/articles/PMC10518165/","TA005787-0140","6A","5363900","5363953","Type II/spread","author marker-sequence match in Supplementary Table S2","IWGSC RefSeq v1.0","chr6A:5363900-5363953(Strand=Plus/Plus)","marker-sequence span represented as a point-like MTA, not a QTL interval","","favorable allele listed in main Tables 4-6 for selected stable loci","","205 elite winter-wheat cultivars","205","not applicable","not applicable","winter wheat","China","2023","analysis_ready"
"LR-2023-WANG205-IAAV9150","SU-2023-CHINA-WINTER-205-GWAS","DF-CHINA-WINTER-205-GWAS","PMID:37750077","https://pmc.ncbi.nlm.nih.gov/articles/PMC10518165/","IAAV9150","6A","6733015","6733144","Type II/spread","author marker-sequence match in Supplementary Table S2","IWGSC RefSeq v1.0","chr6A:6733144 -6733015(Strand=Plus/Minus)","marker-sequence span represented as a point-like MTA, not a QTL interval","hcmQTL-57","favorable allele listed in main Tables 4-6 for selected stable loci","","205 elite winter-wheat cultivars","205","not applicable","not applicable","winter wheat","China","2023","analysis_ready"
"LR-2023-WANG205-Kukri-c3009-1702","SU-2023-CHINA-WINTER-205-GWAS","DF-CHINA-WINTER-205-GWAS","PMID:37750077","https://pmc.ncbi.nlm.nih.gov/articles/PMC10518165/","Kukri_c3009_1702","6A","6733065","6733144","Type II/spread","author marker-sequence match in Supplementary Table S2","IWGSC RefSeq v1.0","chr6A:6733065-6733144(Strand=Plus/Plus)","marker-sequence span represented as a point-like MTA, not a QTL interval","hcmQTL-57","favorable allele listed in main Tables 4-6 for selected stable loci","","205 elite winter-wheat cultivars","205","not applicable","not applicable","winter wheat","China","2023","analysis_ready"
"LR-2023-WANG205-RFL-Contig5170-330","SU-2023-CHINA-WINTER-205-GWAS","DF-CHINA-WINTER-205-GWAS","PMID:37750077","https://pmc.ncbi.nlm.nih.gov/articles/PMC10518165/","RFL_Contig5170_330","6A","6728201","6728294","Type II/spread","author marker-sequence match in Supplementary Table S2","IWGSC RefSeq v1.0","chr6A:6728201-6728294(Strand=Plus/Plus)","marker-sequence span represented as a point-like MTA, not a QTL interval","hcmQTL-57","favorable allele listed in main Tables 4-6 for selected stable loci","","205 elite winter-wheat cultivars","205","not applicable","not applicable","winter wheat","China","2023","analysis_ready"
"LR-2023-WANG205-Tdurum-contig63703-1143","SU-2023-CHINA-WINTER-205-GWAS","DF-CHINA-WINTER-205-GWAS","PMID:37750077","https://pmc.ncbi.nlm.nih.gov/articles/PMC10518165/","Tdurum_contig63703_1143","6A","6733444","6733524","Type II/spread","author marker-sequence match in Supplementary Table S2","IWGSC RefSeq v1.0","chr6A:6733524-6733444(Strand=Plus/Minus)","marker-sequence span represented as a point-like MTA, not a QTL interval","hcmQTL-57","favorable allele listed in main Tables 4-6 for selected stable loci","","205 elite winter-wheat cultivars","205","not applicable","not applicable","winter wheat","China","2023","analysis_ready"
"LR-2023-WANG205-wsnp-Ra-c3996-7334169","SU-2023-CHINA-WINTER-205-GWAS","DF-CHINA-WINTER-205-GWAS","PMID:37750077","https://pmc.ncbi.nlm.nih.gov/articles/PMC10518165/","wsnp_Ra_c3996_7334169","6A","6733803","6734003","Type II/spread","author marker-sequence match in Supplementary Table S2","IWGSC RefSeq v1.0","chr6A:6734003-6733803(Strand=Plus/Minus)","marker-sequence span represented as a point-like MTA, not a QTL interval","hcmQTL-57","favorable allele listed in main Tables 4-6 for selected stable loci","","205 elite winter-wheat cultivars","205","not applicable","not applicable","winter wheat","China","2023","analysis_ready"
"LR-2023-WANG205-Excalibur-c20597-509","SU-2023-CHINA-WINTER-205-GWAS","DF-CHINA-WINTER-205-GWAS","PMID:37750077","https://pmc.ncbi.nlm.nih.gov/articles/PMC10518165/","Excalibur_c20597_509","6A","6725071","6725171","Type II/spread","author marker-sequence match in Supplementary Table S2","IWGSC RefSeq v1.0","chr6A:6725171-6725071(Strand=Plus/Minus)","marker-sequence span represented as a point-like MTA, not a QTL interval","hcmQTL-57","favorable allele listed in main Tables 4-6 for selected stable loci","","205 elite winter-wheat cultivars","205","not applicable","not applicable","winter wheat","China","2023","analysis_ready"
"LR-2023-WANG205-wsnp-Ex-c7002-12063325","SU-2023-CHINA-WINTER-205-GWAS","DF-CHINA-WINTER-205-GWAS","PMID:37750077","https://pmc.ncbi.nlm.nih.gov/articles/PMC10518165/","wsnp_Ex_c7002_12063325","6A","601473016","601473216","Type II/spread","author marker-sequence match in Supplementary Table S2","IWGSC RefSeq v1.0","chr6A:601473016-601473216(Strand=Plus/Plus)","marker-sequence span represented as a point-like MTA, not a QTL interval","","favorable allele listed in main Tables 4-6 for selected stable loci","","205 elite winter-wheat cultivars","205","not applicable","not applicable","winter wheat","China","2023","analysis_ready"
"LR-2023-WANG205-wsnp-Ex-c7002-12063380","SU-2023-CHINA-WINTER-205-GWAS","DF-CHINA-WINTER-205-GWAS","PMID:37750077","https://pmc.ncbi.nlm.nih.gov/articles/PMC10518165/","wsnp_Ex_c7002_12063380","6A","601473071","601473237","Type II/spread","author marker-sequence match in Supplementary Table S2","IWGSC RefSeq v1.0","chr6A:601473071-601473237(Strand=Plus/Plus)","marker-sequence span represented as a point-like MTA, not a QTL interval","","favorable allele listed in main Tables 4-6 for selected stable loci","","205 elite winter-wheat cultivars","205","not applicable","not applicable","winter wheat","China","2023","analysis_ready"
"LR-2023-WANG205-Excalibur-c7002-314","SU-2023-CHINA-WINTER-205-GWAS","DF-CHINA-WINTER-205-GWAS","PMID:37750077","https://pmc.ncbi.nlm.nih.gov/articles/PMC10518165/","Excalibur_c7002_314","6A","601472919","601473019","Type II/spread","author marker-sequence match in Supplementary Table S2","IWGSC RefSeq v1.0","chr6A:601472919-601473019(Strand=Plus/Plus)","marker-sequence span represented as a point-like MTA, not a QTL interval","","favorable allele listed in main Tables 4-6 for selected stable loci","","205 elite winter-wheat cultivars","205","not applicable","not applicable","winter wheat","China","2023","analysis_ready"
"LR-2023-WANG205-CAP11-c3666-426","SU-2023-CHINA-WINTER-205-GWAS","DF-CHINA-WINTER-205-GWAS","PMID:37750077","https://pmc.ncbi.nlm.nih.gov/articles/PMC10518165/","CAP11_c3666_426","7A","708624750","708624850","Type II/spread","author marker-sequence match in Supplementary Table S2","IWGSC RefSeq v1.0","chr7A:708624850-708624750(Strand=Plus/Minus)","marker-sequence span represented as a point-like MTA, not a QTL interval","","favorable allele listed in main Tables 4-6 for selected stable loci","","205 elite winter-wheat cultivars","205","not applicable","not applicable","winter wheat","China","2023","analysis_ready"
"LR-2023-WANG205-BS00025278-51","SU-2023-CHINA-WINTER-205-GWAS","DF-CHINA-WINTER-205-GWAS","PMID:37750077","https://pmc.ncbi.nlm.nih.gov/articles/PMC10518165/","BS00025278_51","7B","636507892","636507992","Type II/spread","author marker-sequence match in Supplementary Table S2","IWGSC RefSeq v1.0","chr7B:636507892-636507992(Strand=Plus/Plus)","marker-sequence span represented as a point-like MTA, not a QTL interval","","favorable allele listed in main Tables 4-6 for selected stable loci","","205 elite winter-wheat cultivars","205","not applicable","not applicable","winter wheat","China","2023","analysis_ready"
"LR-2023-WANG205-BS00025286-51","SU-2023-CHINA-WINTER-205-GWAS","DF-CHINA-WINTER-205-GWAS","PMID:37750077","https://pmc.ncbi.nlm.nih.gov/articles/PMC10518165/","BS00025286_51","7B","636508126","636508226","Type II/spread","author marker-sequence match in Supplementary Table S2","IWGSC RefSeq v1.0","chr7B:636508126-636508226(Strand=Plus/Plus)","marker-sequence span represented as a point-like MTA, not a QTL interval","","favorable allele listed in main Tables 4-6 for selected stable loci","","205 elite winter-wheat cultivars","205","not applicable","not applicable","winter wheat","China","2023","analysis_ready"
"LR-2023-WANG205-Kukri-c7902-438","SU-2023-CHINA-WINTER-205-GWAS","DF-CHINA-WINTER-205-GWAS","PMID:37750077","https://pmc.ncbi.nlm.nih.gov/articles/PMC10518165/","Kukri_c7902_438","1B","327355888","327355988","Type II/spread","author marker-sequence match in Supplementary Table S2","IWGSC RefSeq v1.0","chr1B:327355988-327355888(Strand=Plus/Minus)","marker-sequence span represented as a point-like MTA, not a QTL interval","","favorable allele listed in main Tables 4-6 for selected stable loci","","205 elite winter-wheat cultivars","205","not applicable","not applicable","winter wheat","China","2023","analysis_ready"
"LR-2023-WANG205-tplb0032i02-1435","SU-2023-CHINA-WINTER-205-GWAS","DF-CHINA-WINTER-205-GWAS","PMID:37750077","https://pmc.ncbi.nlm.nih.gov/articles/PMC10518165/","tplb0032i02_1435","2A","5677348","5677448","Type II/spread","author marker-sequence match in Supplementary Table S2","IWGSC RefSeq v1.0","chr2A:5677348-5677448(Strand=Plus/Plus)","marker-sequence span represented as a point-like MTA, not a QTL interval","hcmQTL-9","favorable allele listed in main Tables 4-6 for selected stable loci","","205 elite winter-wheat cultivars","205","not applicable","not applicable","winter wheat","China","2023","analysis_ready"
"LR-2023-WANG205-wsnp-Ra-c21104-30458226","SU-2023-CHINA-WINTER-205-GWAS","DF-CHINA-WINTER-205-GWAS","PMID:37750077","https://pmc.ncbi.nlm.nih.gov/articles/PMC10518165/","wsnp_Ra_c21104_30458226","2A","5677298","5677498","Type II/spread","author marker-sequence match in Supplementary Table S2","IWGSC RefSeq v1.0","chr2A:5677498-5677298(Strand=Plus/Minus)","marker-sequence span represented as a point-like MTA, not a QTL interval","hcmQTL-9","favorable allele listed in main Tables 4-6 for selected stable loci","","205 elite winter-wheat cultivars","205","not applicable","not applicable","winter wheat","China","2023","analysis_ready"
"LR-2023-WANG205-Ra-c510-171","SU-2023-CHINA-WINTER-205-GWAS","DF-CHINA-WINTER-205-GWAS","PMID:37750077","https://pmc.ncbi.nlm.nih.gov/articles/PMC10518165/","Ra_c510_171","2A","5912322","5912422","Type II/spread","author marker-sequence match in Supplementary Table S2","IWGSC RefSeq v1.0","chr2A:5912422 -5912322(Strand=Plus/Minus)","marker-sequence span represented as a point-like MTA, not a QTL interval","hcmQTL-9","favorable allele listed in main Tables 4-6 for selected stable loci","","205 elite winter-wheat cultivars","205","not applicable","not applicable","winter wheat","China","2023","analysis_ready"
"LR-2023-WANG205-RAC875-c510-923","SU-2023-CHINA-WINTER-205-GWAS","DF-CHINA-WINTER-205-GWAS","PMID:37750077","https://pmc.ncbi.nlm.nih.gov/articles/PMC10518165/","RAC875_c510_923","2A","5911570","5911670","Type II/spread","author marker-sequence match in Supplementary Table S2","IWGSC RefSeq v1.0","chr2A:5911670-5911570(Strand=Plus/Minus)","marker-sequence span represented as a point-like MTA, not a QTL interval","hcmQTL-9","favorable allele listed in main Tables 4-6 for selected stable loci","","205 elite winter-wheat cultivars","205","not applicable","not applicable","winter wheat","China","2023","analysis_ready"
"LR-2023-WANG205-Tdurum-contig76595-208","SU-2023-CHINA-WINTER-205-GWAS","DF-CHINA-WINTER-205-GWAS","PMID:37750077","https://pmc.ncbi.nlm.nih.gov/articles/PMC10518165/","Tdurum_contig76595_208","2A","7545232","7545332","Type II/spread","author marker-sequence match in Supplementary Table S2","IWGSC RefSeq v1.0","chr2A:7545332-7545232(Strand=Plus/Minus)","marker-sequence span represented as a point-like MTA, not a QTL interval","hcmQTL-9","favorable allele listed in main Tables 4-6 for selected stable loci","","205 elite winter-wheat cultivars","205","not applicable","not applicable","winter wheat","China","2023","analysis_ready"
"LR-2023-WANG205-BS00068050-51","SU-2023-CHINA-WINTER-205-GWAS","DF-CHINA-WINTER-205-GWAS","PMID:37750077","https://pmc.ncbi.nlm.nih.gov/articles/PMC10518165/","BS00068050_51","2A","7514010","7514110","Type II/spread","author marker-sequence match in Supplementary Table S2","IWGSC RefSeq v1.0","chr2A:7514110-7514010(Strand=Plus/Minus)","marker-sequence span represented as a point-like MTA, not a QTL interval","hcmQTL-9","favorable allele listed in main Tables 4-6 for selected stable loci","","205 elite winter-wheat cultivars","205","not applicable","not applicable","winter wheat","China","2023","analysis_ready"
"LR-2023-WANG205-BS00022242-51","SU-2023-CHINA-WINTER-205-GWAS","DF-CHINA-WINTER-205-GWAS","PMID:37750077","https://pmc.ncbi.nlm.nih.gov/articles/PMC10518165/","BS00022242_51","3B","42340498","42340598","Type II/spread","author marker-sequence match in Supplementary Table S2","IWGSC RefSeq v1.0","chr3B:42340498-42340598(Strand=Plus/Plus)","marker-sequence span represented as a point-like MTA, not a QTL interval","","favorable allele listed in main Tables 4-6 for selected stable loci","","205 elite winter-wheat cultivars","205","not applicable","not applicable","winter wheat","China","2023","analysis_ready"
"LR-2023-WANG205-Kukri-c7087-896","SU-2023-CHINA-WINTER-205-GWAS","DF-CHINA-WINTER-205-GWAS","PMID:37750077","https://pmc.ncbi.nlm.nih.gov/articles/PMC10518165/","Kukri_c7087_896","3B","592610040","592610131","Type II/spread","author marker-sequence match in Supplementary Table S2","IWGSC RefSeq v1.0","chr3B:592610040-592610131(Strand=Plus/Plus)","marker-sequence span represented as a point-like MTA, not a QTL interval","","favorable allele listed in main Tables 4-6 for selected stable loci","","205 elite winter-wheat cultivars","205","not applicable","not applicable","winter wheat","China","2023","analysis_ready"
"LR-2023-WANG205-Excalibur-c25678-337","SU-2023-CHINA-WINTER-205-GWAS","DF-CHINA-WINTER-205-GWAS","PMID:37750077","https://pmc.ncbi.nlm.nih.gov/articles/PMC10518165/","Excalibur_c25678_337","3B","591455240","591455305","Type II/spread","author marker-sequence match in Supplementary Table S2","IWGSC RefSeq v1.0","chr3B:591455305-591455240(Strand=Plus/Minus)","marker-sequence span represented as a point-like MTA, not a QTL interval","","favorable allele listed in main Tables 4-6 for selected stable loci","","205 elite winter-wheat cultivars","205","not applicable","not applicable","winter wheat","China","2023","analysis_ready"
"LR-2023-WANG205-RAC875-c35801-905","SU-2023-CHINA-WINTER-205-GWAS","DF-CHINA-WINTER-205-GWAS","PMID:37750077","https://pmc.ncbi.nlm.nih.gov/articles/PMC10518165/","RAC875_c35801_905","3D","438618073","438618143","Type II/spread","author marker-sequence match in Supplementary Table S2","IWGSC RefSeq v1.0","chr3D:438618143-438618073(Strand=Plus/Minus)","marker-sequence span represented as a point-like MTA, not a QTL interval","","favorable allele listed in main Tables 4-6 for selected stable loci","","205 elite winter-wheat cultivars","205","not applicable","not applicable","winter wheat","China","2023","analysis_ready"
"LR-2023-WANG205-CAP7-c4800-276","SU-2023-CHINA-WINTER-205-GWAS","DF-CHINA-WINTER-205-GWAS","PMID:37750077","https://pmc.ncbi.nlm.nih.gov/articles/PMC10518165/","CAP7_c4800_276","5A","564497830","564497930","Type II/spread","author marker-sequence match in Supplementary Table S2","IWGSC RefSeq v1.0","chr5A:564497830-564497930(Strand=Plus/Plus)","marker-sequence span represented as a point-like MTA, not a QTL interval","","favorable allele listed in main Tables 4-6 for selected stable loci","","205 elite winter-wheat cultivars","205","not applicable","not applicable","winter wheat","China","2023","analysis_ready"
"LR-2023-WANG205-IAAV8455","SU-2023-CHINA-WINTER-205-GWAS","DF-CHINA-WINTER-205-GWAS","PMID:37750077","https://pmc.ncbi.nlm.nih.gov/articles/PMC10518165/","IAAV8455","5B","679559013","679559210","Type II/spread","author marker-sequence match in Supplementary Table S2","IWGSC RefSeq v1.0","chr5B:679559210-679559013(Strand=Plus/Minus)","marker-sequence span represented as a point-like MTA, not a QTL interval","hcmQTL-54","favorable allele listed in main Tables 4-6 for selected stable loci","","205 elite winter-wheat cultivars","205","not applicable","not applicable","winter wheat","China","2023","analysis_ready"
"LR-2023-WANG205-BS00099729-51","SU-2023-CHINA-WINTER-205-GWAS","DF-CHINA-WINTER-205-GWAS","PMID:37750077","https://pmc.ncbi.nlm.nih.gov/articles/PMC10518165/","BS00099729_51","5B","703173138","703173238","Type II/spread","author marker-sequence match in Supplementary Table S2","IWGSC RefSeq v1.0","chr5B:703173238-703173138(Strand=Plus/Minus)","marker-sequence span represented as a point-like MTA, not a QTL interval","","favorable allele listed in main Tables 4-6 for selected stable loci","","205 elite winter-wheat cultivars","205","not applicable","not applicable","winter wheat","China","2023","analysis_ready"
"LR-2023-WANG205-RAC875-c68525-284","SU-2023-CHINA-WINTER-205-GWAS","DF-CHINA-WINTER-205-GWAS","PMID:37750077","https://pmc.ncbi.nlm.nih.gov/articles/PMC10518165/","RAC875_c68525_284","6B","657946476","657946576","Type II/spread","author marker-sequence match in Supplementary Table S2","IWGSC RefSeq v1.0","chr6B:657946476-657946576(Strand=Plus/Plus)","marker-sequence span represented as a point-like MTA, not a QTL interval","","favorable allele listed in main Tables 4-6 for selected stable loci","","205 elite winter-wheat cultivars","205","not applicable","not applicable","winter wheat","China","2023","analysis_ready"
"LR-2023-WANG205-RAC875-c18043-411","SU-2023-CHINA-WINTER-205-GWAS","DF-CHINA-WINTER-205-GWAS","PMID:37750077","https://pmc.ncbi.nlm.nih.gov/articles/PMC10518165/","RAC875_c18043_411","7B","594418427","594418507","Type II/spread","author marker-sequence match in Supplementary Table S2","IWGSC RefSeq v1.0","chr7B:594418507-594418427(Strand=Plus/Minus)","marker-sequence span represented as a point-like MTA, not a QTL interval","","favorable allele listed in main Tables 4-6 for selected stable loci","","205 elite winter-wheat cultivars","205","not applicable","not applicable","winter wheat","China","2023","analysis_ready"
"LR-2023-WANG205-Kukri-c4143-1055","SU-2023-CHINA-WINTER-205-GWAS","DF-CHINA-WINTER-205-GWAS","PMID:37750077","https://pmc.ncbi.nlm.nih.gov/articles/PMC10518165/","Kukri_c4143_1055","7B","594418276","594418349","Type II/spread","author marker-sequence match in Supplementary Table S2","IWGSC RefSeq v1.0","chr7B:594418349-594418276(Strand=Plus/Minus)","marker-sequence span represented as a point-like MTA, not a QTL interval","","favorable allele listed in main Tables 4-6 for selected stable loci","","205 elite winter-wheat cultivars","205","not applicable","not applicable","winter wheat","China","2023","analysis_ready"